{
	"textures": {
		"0": "minecraft:item/frizer",
		"particle": "minecraft:item/pufferfish"
	},
	"display": {
		"head": {
			"rotation": [0, 180, 0]
		}
	},
	"elements": [
		{
			"from": [8, 8, 8],
			"to": [19.25, 31.25, 8.75],
			"rotation": {
				"angle": 0,
				"axis": "y",
				"origin": [8, 8, 8]
			},
			"faces": {
				"north": {
					"uv": [0, 3.875, 1.875, 7.75],
					"texture": "#0"
				},
				"east": {
					"uv": [5.875, 7.5625, 6, 11.4375],
					"texture": "#0"
				},
				"south": {
					"uv": [0, 0, 1.875, 3.875],
					"texture": "#0"
				},
				"west": {
					"uv": [5.75, 7.625, 5.875, 11.5],
					"texture": "#0"
				},
				"up": {
					"uv": [9.5, 3.75, 7.625, 3.625],
					"texture": "#0"
				},
				"down": {
					"uv": [4, 7.75, 2.125, 7.875],
					"texture": "#0"
				}
			}
		},
		{
			"from": [8, 8, 8.75],
			"to": [19.25, 12.5, 19.25],
			"rotation": {
				"angle": 0,
				"axis": "y",
				"origin": [8, 8, 8]
			},
			"faces": {
				"north": {
					"uv": [7.375, 7.75, 9.25, 7.875],
					"texture": "#0"
				},
				"east": {
					"uv": [0, 0, 1.92917, 0.8125],
					"texture": "#0"
				},
				"south": {
					"uv": [7.875, 2, 9.75, 2.125],
					"texture": "#0"
				},
				"west": {
					"uv": [7.625, 3.25, 9.49167, 3.375],
					"texture": "#0"
				},
				"up": {
					"uv": [9.5, 2, 7.625, 0.13333],
					"texture": "#0"
				},
				"down": {
					"uv": [9.25, 5.88333, 7.375, 7.75],
					"texture": "#0"
				}
			}
		},
		{
			"from": [8.375, 17.75, 8.75],
			"to": [19.25, 18.5, 19.25],
			"rotation": {
				"angle": 0,
				"axis": "y",
				"origin": [8, 17.75, 8]
			},
			"faces": {
				"north": {
					"uv": [7.375, 7.75, 9.25, 7.875],
					"texture": "#0"
				},
				"east": {
					"uv": [7.625, 3.125, 9.625, 3.25],
					"texture": "#0"
				},
				"south": {
					"uv": [7.875, 2, 9.75, 2.125],
					"texture": "#0"
				},
				"west": {
					"uv": [7.625, 3.25, 9.625, 3.375],
					"texture": "#0"
				},
				"up": {
					"uv": [9.5, 2, 7.625, 0],
					"texture": "#0"
				},
				"down": {
					"uv": [5.375, 4.0625, 3.5, 6.0625],
					"texture": "#0"
				}
			}
		},
		{
			"from": [8.1875, 24.5, 8.75],
			"to": [19.25, 25.25, 19.25],
			"rotation": {
				"angle": 0,
				"axis": "y",
				"origin": [8, 24.5, 8]
			},
			"faces": {
				"north": {
					"uv": [7.375, 7.75, 9.25, 7.875],
					"texture": "#0"
				},
				"east": {
					"uv": [7.625, 3.125, 9.625, 3.25],
					"texture": "#0"
				},
				"south": {
					"uv": [7.875, 2, 9.75, 2.125],
					"texture": "#0"
				},
				"west": {
					"uv": [7.625, 3.25, 9.625, 3.375],
					"texture": "#0"
				},
				"up": {
					"uv": [9.5, 2, 7.625, 0],
					"texture": "#0"
				},
				"down": {
					"uv": [4, 3.875, 2.125, 5.875],
					"texture": "#0"
				}
			}
		},
		{
			"from": [8, 8.75, 8.75],
			"to": [8.75, 31.25, 19.25],
			"rotation": {
				"angle": 0,
				"axis": "y",
				"origin": [8, 8, 8]
			},
			"faces": {
				"north": {
					"uv": [6.375, 7.625, 6.5, 11.375],
					"texture": "#0"
				},
				"east": {
					"uv": [0, 3.875, 1.75, 7.625],
					"texture": "#0"
				},
				"south": {
					"uv": [6.5, 7.625, 6.625, 11.375],
					"texture": "#0"
				},
				"west": {
					"uv": [5.875, 0, 7.625, 3.75],
					"texture": "#0"
				},
				"up": {
					"uv": [4.125, 9.5, 4, 7.75],
					"texture": "#0"
				},
				"down": {
					"uv": [4.25, 7.75, 4.125, 9.5],
					"texture": "#0"
				}
			}
		},
		{
			"from": [8, 8.75, 19.25],
			"to": [19.25, 31.25, 19.25],
			"rotation": {
				"angle": 0,
				"axis": "y",
				"origin": [8, 8, 7.25]
			},
			"faces": {
				"north": {
					"uv": [0, 0, 1.875, 3.875],
					"texture": "#0"
				},
				"east": {
					"uv": [6.25, 7.625, 6.25, 11.5],
					"texture": "#0"
				},
				"south": {
					"uv": [4, 0, 5.875, 3.875],
					"texture": "#0"
				},
				"west": {
					"uv": [6.25, 7.625, 6.25, 11.5],
					"texture": "#0"
				},
				"up": {
					"uv": [4, 8, 2.125, 8],
					"texture": "#0"
				},
				"down": {
					"uv": [9.75, 2.25, 7.875, 2.25],
					"texture": "#0"
				}
			}
		},
		{
			"from": [8, 8.75, 19.25],
			"to": [19.25, 31.25, 19.25],
			"rotation": {
				"angle": 0,
				"axis": "y",
				"origin": [8, 8, 7.25]
			},
			"faces": {
				"north": {
					"uv": [0, 0, 1.875, 3.875],
					"texture": "#0"
				},
				"east": {
					"uv": [6.25, 7.625, 6.25, 11.5],
					"texture": "#0"
				},
				"south": {
					"uv": [4, 0, 5.875, 3.875],
					"texture": "#0"
				},
				"west": {
					"uv": [6.25, 7.625, 6.25, 11.5],
					"texture": "#0"
				},
				"up": {
					"uv": [4, 8, 2.125, 8],
					"texture": "#0"
				},
				"down": {
					"uv": [9.75, 2.25, 7.875, 2.25],
					"texture": "#0"
				}
			}
		},
		{
			"from": [8, 8, 19.25],
			"to": [19.25, 31.25, 20],
			"rotation": {
				"angle": 0,
				"axis": "y",
				"origin": [8, 8, 7.25]
			},
			"faces": {
				"north": {
					"uv": [0, 0, 1.875, 3.875],
					"texture": "#0"
				},
				"east": {
					"uv": [5.875, 7.5625, 6, 11.4375],
					"texture": "#0"
				},
				"south": {
					"uv": [4, 0, 5.875, 3.875],
					"texture": "#0"
				},
				"west": {
					"uv": [6.25, 7.625, 6.375, 11.5],
					"texture": "#0"
				},
				"up": {
					"uv": [4, 8, 2.125, 7.875],
					"texture": "#0"
				},
				"down": {
					"uv": [9.75, 2.125, 7.875, 2.25],
					"texture": "#0"
				}
			}
		},
		{
			"from": [8, 31.25, 8],
			"to": [19.25, 32, 20],
			"rotation": {
				"angle": 0,
				"axis": "y",
				"origin": [8, 8, 8]
			},
			"faces": {
				"north": {
					"uv": [7.875, 2.25, 9.75, 2.375],
					"texture": "#0"
				},
				"east": {
					"uv": [7.625, 3.375, 9.625, 3.5],
					"texture": "#0"
				},
				"south": {
					"uv": [7.875, 2.375, 9.75, 2.5],
					"texture": "#0"
				},
				"west": {
					"uv": [7.625, 3.5, 9.625, 3.625],
					"texture": "#0"
				},
				"up": {
					"uv": [9.5, 2, 7.625, 0],
					"texture": "#0"
				},
				"down": {
					"uv": [1.875, 7.75, 0, 9.75],
					"texture": "#0"
				}
			}
		}
	]
}