{
	"textures": {
		"1": "animated_java:blueprint/frizer/beer",
		"2": "animated_java:blueprint/frizer/blanc",
		"particle": "minecraft:item/pufferfish"
	},
	"display": {
		"head": {
			"rotation": [0, 180, 0]
		}
	},
	"elements": [
		{
			"from": [10.86, 26.4, 9.4],
			"to": [13.46, 32, 12.2],
			"rotation": {
				"angle": 0,
				"axis": "y",
				"origin": [12.16, 29.2, 10.8]
			},
			"faces": {
				"north": {
					"uv": [4, 7, 7.25, 14],
					"texture": "#1"
				},
				"east": {
					"uv": [0, 0, 3.5, 7],
					"texture": "#1"
				},
				"south": {
					"uv": [0, 7, 3.25, 14],
					"texture": "#1"
				},
				"west": {
					"uv": [4, 0, 7.5, 7],
					"texture": "#1"
				},
				"up": {
					"uv": [11.5, 3.25, 8, 0],
					"rotation": 90,
					"texture": "#1"
				},
				"down": {
					"uv": [11.5, 4, 8, 7.25],
					"rotation": 270,
					"texture": "#1"
				}
			}
		},
		{
			"from": [12.94, 26.4, 11.78],
			"to": [15.54, 32, 14.58],
			"rotation": {
				"angle": 0,
				"axis": "y",
				"origin": [14.94, 26.4, 13.98]
			},
			"faces": {
				"north": {
					"uv": [4, 7, 7.25, 14],
					"texture": "#2"
				},
				"east": {
					"uv": [0, 0, 3.5, 7],
					"texture": "#2"
				},
				"south": {
					"uv": [0, 7, 3.25, 14],
					"texture": "#2"
				},
				"west": {
					"uv": [4, 0, 7.5, 7],
					"texture": "#2"
				},
				"up": {
					"uv": [11.5, 3.25, 8, 0],
					"rotation": 90,
					"texture": "#2"
				},
				"down": {
					"uv": [11.5, 4, 8, 7.25],
					"rotation": 270,
					"texture": "#2"
				}
			}
		},
		{
			"from": [10.02, 26.4, 13.58],
			"to": [12.62, 32, 16.38],
			"rotation": {
				"angle": 0,
				"axis": "y",
				"origin": [12.02, 26.4, 15.78]
			},
			"faces": {
				"north": {
					"uv": [4, 7, 7.25, 14],
					"texture": "#2"
				},
				"east": {
					"uv": [0, 0, 3.5, 7],
					"texture": "#2"
				},
				"south": {
					"uv": [0, 7, 3.25, 14],
					"texture": "#2"
				},
				"west": {
					"uv": [4, 0, 7.5, 7],
					"texture": "#2"
				},
				"up": {
					"uv": [11.5, 3.25, 8, 0],
					"rotation": 90,
					"texture": "#2"
				},
				"down": {
					"uv": [11.5, 4, 8, 7.25],
					"rotation": 270,
					"texture": "#2"
				}
			}
		}
	]
}