{
	"textures": {
		"3": "animated_java:blueprint/frizer/pomidor",
		"particle": "minecraft:item/pufferfish"
	},
	"display": {
		"head": {
			"rotation": [0, 180, 0]
		}
	},
	"elements": [
		{
			"from": [6.99763, 8, 5.99525],
			"to": [6.99763, 10.00475, 10.00475],
			"rotation": {
				"angle": 0,
				"axis": "y",
				"origin": [8, 8, 8]
			},
			"faces": {
				"north": {
					"uv": [0, 0, 0, 2],
					"texture": "#3"
				},
				"east": {
					"uv": [3, 0, 7, 2],
					"texture": "#3"
				},
				"south": {
					"uv": [0, 0, 0, 2],
					"texture": "#3"
				},
				"west": {
					"uv": [3, 2, 7, 4],
					"texture": "#3"
				},
				"up": {
					"uv": [0, 4, 0, 0],
					"texture": "#3"
				},
				"down": {
					"uv": [0, 0, 0, 4],
					"texture": "#3"
				}
			}
		},
		{
			"from": [4.99288, 8, 8],
			"to": [9.00238, 10.00475, 8],
			"rotation": {
				"angle": 0,
				"axis": "y",
				"origin": [6.99763, 9.00238, 9.00238]
			},
			"faces": {
				"north": {
					"uv": [3, 4, 7, 6],
					"texture": "#3"
				},
				"east": {
					"uv": [0, 0, 0, 2],
					"texture": "#3"
				},
				"south": {
					"uv": [0, 6, 4, 8],
					"texture": "#3"
				},
				"west": {
					"uv": [0, 0, 0, 2],
					"texture": "#3"
				},
				"up": {
					"uv": [4, 0, 0, 0],
					"texture": "#3"
				},
				"down": {
					"uv": [4, 0, 0, 0],
					"texture": "#3"
				}
			}
		},
		{
			"from": [5.49407, 6.09549, 6.49644],
			"to": [8.50119, 8.10024, 9.50356],
			"rotation": {
				"angle": 0,
				"axis": "y",
				"origin": [6.99763, 6.09549, 8]
			},
			"faces": {
				"north": {
					"uv": [4, 6, 7, 8],
					"texture": "#3"
				},
				"east": {
					"uv": [7, 0, 10, 2],
					"texture": "#3"
				},
				"south": {
					"uv": [7, 2, 10, 4],
					"texture": "#3"
				},
				"west": {
					"uv": [7, 4, 10, 6],
					"texture": "#3"
				},
				"up": {
					"uv": [3, 3, 0, 0],
					"texture": "#3"
				},
				"down": {
					"uv": [3, 3, 0, 6],
					"texture": "#3"
				}
			}
		}
	]
}