{
	"textures": {
		"5": "animated_java:blueprint/frizer/potato",
		"particle": "minecraft:item/pufferfish"
	},
	"display": {
		"head": {
			"rotation": [0, 180, 0]
		}
	},
	"elements": [
		{
			"from": [6.75, 6.75, 6],
			"to": [9.25, 9.25, 10],
			"rotation": {
				"angle": -22.5,
				"axis": "y",
				"origin": [8, 8, 8]
			},
			"faces": {
				"north": {
					"uv": [0, 6, 2.5, 8.5],
					"texture": "#5"
				},
				"east": {
					"uv": [0, 0, 4, 2.5],
					"texture": "#5"
				},
				"south": {
					"uv": [7, 0, 9.5, 2.5],
					"texture": "#5"
				},
				"west": {
					"uv": [0, 3, 4, 5.5],
					"texture": "#5"
				},
				"up": {
					"uv": [6.5, 4, 4, 0],
					"texture": "#5"
				},
				"down": {
					"uv": [6.5, 4, 4, 8],
					"texture": "#5"
				}
			}
		},
		{
			"from": [11.425, 6.75, 6.075],
			"to": [13.925, 9.25, 10.075],
			"rotation": {
				"angle": -45,
				"axis": "y",
				"origin": [12.675, 8, 8.075]
			},
			"faces": {
				"north": {
					"uv": [0, 6, 2.5, 8.5],
					"texture": "#5"
				},
				"east": {
					"uv": [0, 0, 4, 2.5],
					"texture": "#5"
				},
				"south": {
					"uv": [7, 0, 9.5, 2.5],
					"texture": "#5"
				},
				"west": {
					"uv": [0, 3, 4, 5.5],
					"texture": "#5"
				},
				"up": {
					"uv": [6.5, 4, 4, 0],
					"texture": "#5"
				},
				"down": {
					"uv": [6.5, 4, 4, 8],
					"texture": "#5"
				}
			}
		},
		{
			"from": [7.45, 6.75, 1],
			"to": [9.95, 9.25, 5],
			"rotation": {
				"angle": -22.5,
				"axis": "y",
				"origin": [8.7, 8, 3]
			},
			"faces": {
				"north": {
					"uv": [0, 6, 2.5, 8.5],
					"texture": "#5"
				},
				"east": {
					"uv": [0, 0, 4, 2.5],
					"texture": "#5"
				},
				"south": {
					"uv": [7, 0, 9.5, 2.5],
					"texture": "#5"
				},
				"west": {
					"uv": [0, 3, 4, 5.5],
					"texture": "#5"
				},
				"up": {
					"uv": [6.5, 4, 4, 0],
					"texture": "#5"
				},
				"down": {
					"uv": [6.5, 4, 4, 8],
					"texture": "#5"
				}
			}
		},
		{
			"from": [11.45, 8.95, 3.5],
			"to": [13.95, 11.45, 7.5],
			"rotation": {
				"angle": -22.5,
				"axis": "y",
				"origin": [12.7, 10.2, 5.5]
			},
			"faces": {
				"north": {
					"uv": [0, 6, 2.5, 8.5],
					"texture": "#5"
				},
				"east": {
					"uv": [0, 0, 4, 2.5],
					"texture": "#5"
				},
				"south": {
					"uv": [7, 0, 9.5, 2.5],
					"texture": "#5"
				},
				"west": {
					"uv": [0, 3, 4, 5.5],
					"texture": "#5"
				},
				"up": {
					"uv": [6.5, 4, 4, 0],
					"texture": "#5"
				},
				"down": {
					"uv": [6.5, 4, 4, 8],
					"texture": "#5"
				}
			}
		},
		{
			"from": [12.125, 6.75, 1.075],
			"to": [14.625, 9.25, 5.075],
			"rotation": {
				"angle": -45,
				"axis": "y",
				"origin": [13.375, 8, 3.075]
			},
			"faces": {
				"north": {
					"uv": [0, 6, 2.5, 8.5],
					"texture": "#5"
				},
				"east": {
					"uv": [0, 0, 4, 2.5],
					"texture": "#5"
				},
				"south": {
					"uv": [7, 0, 9.5, 2.5],
					"texture": "#5"
				},
				"west": {
					"uv": [0, 3, 4, 5.5],
					"texture": "#5"
				},
				"up": {
					"uv": [6.5, 4, 4, 0],
					"texture": "#5"
				},
				"down": {
					"uv": [6.5, 4, 4, 8],
					"texture": "#5"
				}
			}
		}
	]
}