{
	"textures": {
		"0": "minecraft:item/frizer",
		"particle": "minecraft:item/pufferfish"
	},
	"display": {
		"head": {
			"rotation": [0, 180, 0]
		}
	},
	"elements": [
		{
			"from": [7.03226, -12.36129, 7.16774],
			"to": [8.19355, 11.63871, 19.55484],
			"rotation": {
				"angle": 0,
				"axis": "y",
				"origin": [8.02903, 4.47742, 8.67742]
			},
			"faces": {
				"north": {
					"uv": [5.875, 7.625, 6, 11.5],
					"texture": "#0"
				},
				"east": {
					"uv": [0, 0, 2, 3.875],
					"texture": "#0"
				},
				"south": {
					"uv": [6, 7.625, 6.125, 11.5],
					"texture": "#0"
				},
				"west": {
					"uv": [0, 0, 2, 3.875],
					"texture": "#0"
				},
				"up": {
					"uv": [2, 9.75, 1.875, 7.75],
					"texture": "#0"
				},
				"down": {
					"uv": [2.125, 7.75, 2, 9.75],
					"texture": "#0"
				}
			}
		},
		{
			"from": [8.19355, 5.67742, 7.90323],
			"to": [8.19355, 9.54839, 11],
			"rotation": {
				"angle": 0,
				"axis": "y",
				"origin": [8.02903, 4.47742, 8.63871]
			},
			"faces": {
				"north": {
					"uv": [15.5, 15.375, 16, 16],
					"texture": "#0"
				},
				"east": {
					"uv": [15.5, 15.375, 16, 16],
					"texture": "#0"
				},
				"south": {
					"uv": [15.5, 15.375, 16, 16],
					"texture": "#0"
				},
				"west": {
					"uv": [15.5, 15.375, 16, 16],
					"texture": "#0"
				},
				"up": {
					"uv": [15.5, 15.375, 16, 16],
					"texture": "#0"
				},
				"down": {
					"uv": [15.5, 15.375, 16, 16],
					"texture": "#0"
				}
			}
		},
		{
			"from": [8.19355, 5.9871, 12.54839],
			"to": [8.19355, 9.85806, 15.64516],
			"rotation": {
				"angle": 0,
				"axis": "y",
				"origin": [8.02903, 4.47742, 8.63871]
			},
			"faces": {
				"north": {
					"uv": [15.5, 0, 16, 0.625],
					"texture": "#0"
				},
				"east": {
					"uv": [15.5, 0, 16, 0.625],
					"texture": "#0"
				},
				"south": {
					"uv": [15.5, 0, 16, 0.625],
					"texture": "#0"
				},
				"west": {
					"uv": [15.5, 0, 16, 0.625],
					"texture": "#0"
				},
				"up": {
					"uv": [15.5, 0, 16, 0.625],
					"texture": "#0"
				},
				"down": {
					"uv": [15.5, 0, 16, 0.625],
					"texture": "#0"
				}
			}
		},
		{
			"from": [8.19355, 6.99355, 17.87097],
			"to": [8.19355, 11.63871, 19.41935],
			"rotation": {
				"angle": 0,
				"axis": "y",
				"origin": [8.02903, 4.47742, 8.61935]
			},
			"faces": {
				"north": {
					"uv": [0, 16, 0.25, 15.3125],
					"texture": "#0"
				},
				"east": {
					"uv": [0, 16, 0.25, 15.3125],
					"texture": "#0"
				},
				"south": {
					"uv": [0, 16, 0.25, 15.3125],
					"texture": "#0"
				},
				"west": {
					"uv": [0, 16, 0.25, 15.3125],
					"texture": "#0"
				},
				"up": {
					"uv": [0, 16, 0.25, 15.3125],
					"texture": "#0"
				},
				"down": {
					"uv": [0, 16, 0.25, 15.3125],
					"texture": "#0"
				}
			}
		},
		{
			"from": [8.19355, 1.88387, 9.18065],
			"to": [8.30968, 4.26452, 12.00645],
			"rotation": {
				"angle": 0,
				"axis": "y",
				"origin": [8.02903, 4.47742, 8.67742]
			},
			"faces": {
				"north": {
					"uv": [15.54375, 11, 16, 11.32188],
					"texture": "#0"
				},
				"east": {
					"uv": [15.54375, 8.1875, 16, 8.57188],
					"texture": "#0"
				},
				"south": {
					"uv": [15.54375, 11.0625, 16, 11.38438],
					"texture": "#0"
				},
				"west": {
					"uv": [15.54375, 8.1875, 16, 8.50938],
					"texture": "#0"
				},
				"up": {
					"uv": [15.54375, 11, 16, 11.32188],
					"texture": "#0"
				},
				"down": {
					"uv": [15.54375, 11, 16, 11.32188],
					"texture": "#0"
				}
			}
		},
		{
			"from": [7.49677, -1.52258, 16.45806],
			"to": [8.96774, 5.44516, 18.00645],
			"rotation": {
				"angle": 0,
				"axis": "y",
				"origin": [8.02903, 4.47742, 8.67742]
			},
			"faces": {
				"north": {
					"uv": [7.625, 2, 7.875, 3.125],
					"texture": "#0"
				},
				"east": {
					"uv": [6.625, 7.625, 6.875, 8.75],
					"texture": "#0"
				},
				"south": {
					"uv": [6.875, 7.625, 7.125, 8.75],
					"texture": "#0"
				},
				"west": {
					"uv": [7.125, 7.625, 7.375, 8.75],
					"texture": "#0"
				},
				"up": {
					"uv": [4.5, 8, 4.25, 7.75],
					"texture": "#0"
				},
				"down": {
					"uv": [4.75, 7.75, 4.5, 8],
					"texture": "#0"
				}
			}
		}
	]
}