{
	"textures": {
		"0": "animated_java:blueprint/cat/ragdoll",
		"particle": "minecraft:item/pufferfish"
	},
	"display": {
		"head": {
			"rotation": [0, 180, 0]
		}
	},
	"elements": [
		{
			"from": [5.81701, 7.5, 10.44729],
			"to": [7.81701, 8.5, 11.44729],
			"shade": false,
			"rotation": {
				"angle": -22.5,
				"axis": "y",
				"origin": [14.81701, -3.5, 12.44729]
			},
			"faces": {
				"north": {
					"uv": [0, 6, 0.5, 6.5],
					"texture": "#0"
				},
				"east": {
					"uv": [1.25, 6, 1.5, 6.5],
					"texture": "#0"
				},
				"south": {
					"uv": [0.75, 6, 1.25, 6.5],
					"texture": "#0"
				},
				"west": {
					"uv": [0.5, 6, 0.75, 6.5],
					"texture": "#0"
				},
				"up": {
					"uv": [0.5, 5, 0.75, 6],
					"rotation": 90,
					"texture": "#0"
				},
				"down": {
					"uv": [0.75, 6, 1, 5],
					"rotation": 270,
					"texture": "#0"
				}
			}
		}
	]
}