{
	"textures": {
		"0": "animated_java:blueprint/cat/ragdoll",
		"particle": "minecraft:item/pufferfish"
	},
	"display": {
		"head": {
			"rotation": [0, 180, 0]
		}
	},
	"elements": [
		{
			"from": [6.96506, 7.5, 10.67565],
			"to": [8.96506, 8.5, 11.67565],
			"shade": false,
			"rotation": {
				"angle": -22.5,
				"axis": "y",
				"origin": [15.96506, -3.5, 9.67565]
			},
			"faces": {
				"north": {
					"uv": [1.5, 6, 2, 6.5],
					"texture": "#0"
				},
				"east": {
					"uv": [2.75, 6, 3, 6.5],
					"texture": "#0"
				},
				"south": {
					"uv": [2.25, 6, 2.75, 6.5],
					"texture": "#0"
				},
				"west": {
					"uv": [2, 6, 2.25, 6.5],
					"texture": "#0"
				},
				"up": {
					"uv": [2, 5, 2.25, 6],
					"rotation": 90,
					"texture": "#0"
				},
				"down": {
					"uv": [2.25, 6, 2.5, 5],
					"rotation": 270,
					"texture": "#0"
				}
			}
		}
	]
}