{
	"textures": {
		"0": "animated_java:blueprint/cat/ragdoll",
		"particle": "minecraft:item/pufferfish"
	},
	"display": {
		"head": {
			"rotation": [0, 180, 0]
		}
	},
	"elements": [
		{
			"from": [-1, 13.5, 5.1],
			"to": [3, 19.5, 18.1],
			"shade": false,
			"rotation": {
				"angle": 0,
				"axis": "y",
				"origin": [9, 14.5, 1.1]
			},
			"faces": {
				"north": {
					"uv": [7.5, 3, 6.5, 0],
					"rotation": 180,
					"texture": "#0"
				},
				"east": {
					"uv": [6.5, 9.5, 5, 3],
					"rotation": 270,
					"texture": "#0"
				},
				"south": {
					"uv": [8.5, 0, 7.5, 3],
					"texture": "#0"
				},
				"west": {
					"uv": [9, 9.5, 7.5, 3],
					"rotation": 90,
					"texture": "#0"
				},
				"up": {
					"uv": [9, 3, 10, 9.5],
					"texture": "#0"
				},
				"down": {
					"uv": [6.5, 3, 7.5, 9.5],
					"rotation": 180,
					"texture": "#0"
				}
			}
		}
	]
}