{
	"textures": {
		"0": "animated_java:blueprint/cat/ragdoll",
		"particle": "minecraft:item/pufferfish"
	},
	"display": {
		"head": {
			"rotation": [0, 180, 0]
		}
	},
	"elements": [
		{
			"from": [-5.2, 8, 16.2],
			"to": [-1.2, 11, 17.2],
			"shade": false,
			"rotation": {
				"angle": 0,
				"axis": "y",
				"origin": [8, 8, 8]
			},
			"faces": {
				"north": {
					"uv": [7.75, 3.5, 6.75, 5],
					"rotation": 180,
					"texture": "#0"
				},
				"east": {
					"uv": [8.25, 5, 7.5, 4.5],
					"rotation": 90,
					"texture": "#0"
				},
				"south": {
					"uv": [7.5, 5, 6.5, 3.5],
					"texture": "#0"
				},
				"west": {
					"uv": [8.5, 5, 7.75, 4.5],
					"rotation": 270,
					"texture": "#0"
				},
				"up": {
					"uv": [6.5, 4.5, 7.5, 5],
					"rotation": 180,
					"texture": "#0"
				},
				"down": {
					"uv": [6.5, 4, 7.5, 4.5],
					"texture": "#0"
				}
			}
		},
		{
			"from": [-5.2, 8, 17.2],
			"to": [-0.2, 12, 27.2],
			"shade": false,
			"rotation": {
				"angle": 0,
				"axis": "y",
				"origin": [8, 8, 8]
			},
			"faces": {
				"north": {
					"uv": [8, 3.5, 6.75, 5.5],
					"rotation": 180,
					"texture": "#0"
				},
				"east": {
					"uv": [8.5, 9.5, 7.5, 4.5],
					"rotation": 90,
					"texture": "#0"
				},
				"south": {
					"uv": [7.75, 5.5, 6.5, 3.5],
					"texture": "#0"
				},
				"west": {
					"uv": [8.5, 9.5, 7.5, 4.5],
					"rotation": 270,
					"texture": "#0"
				},
				"up": {
					"uv": [6.5, 4.5, 7.75, 9.5],
					"rotation": 180,
					"texture": "#0"
				},
				"down": {
					"uv": [6.5, 4, 7.75, 9],
					"texture": "#0"
				}
			}
		}
	]
}