{
	"textures": {
		"0": "animated_java:blueprint/cat/ragdoll",
		"particle": "minecraft:item/pufferfish"
	},
	"display": {
		"head": {
			"rotation": [0, 180, 0]
		}
	},
	"elements": [
		{
			"from": [7.07579, 7.5, 10.09603],
			"to": [7.09579, 8.5, 15.09603],
			"shade": false,
			"rotation": {
				"angle": -22.5,
				"axis": "y",
				"origin": [19.09579, -1.7, 12.59603]
			},
			"faces": {
				"north": {
					"uv": [0, 2.5, 0.025, 3],
					"texture": "#0"
				},
				"east": {
					"uv": [3.75, 2.5, 5, 3],
					"texture": "#0"
				},
				"south": {
					"uv": [2.5, 2.5, 2.525, 3],
					"texture": "#0"
				},
				"west": {
					"uv": [1.25, 2.5, 2.5, 3],
					"texture": "#0"
				},
				"up": {
					"uv": [1.25, 2.5, 2.5, 2.5],
					"rotation": 90,
					"texture": "#0"
				},
				"down": {
					"uv": [2.5, 0.05, 3.75, 0],
					"rotation": 270,
					"texture": "#0"
				}
			}
		}
	]
}