{
	"textures": {
		"0": "animated_java:blueprint/cat/ragdoll",
		"particle": "minecraft:item/pufferfish"
	},
	"display": {
		"head": {
			"rotation": [0, 180, 0]
		}
	},
	"elements": [
		{
			"from": [7, 7, 0],
			"to": [9, 9, 10],
			"shade": false,
			"rotation": {
				"angle": 0,
				"axis": "y",
				"origin": [14.2, 7, -0.2]
			},
			"faces": {
				"north": {
					"uv": [11.5, 0, 11, 1],
					"rotation": 180,
					"texture": "#0"
				},
				"east": {
					"uv": [10.5, 6, 10, 1],
					"rotation": 90,
					"texture": "#0"
				},
				"south": {
					"uv": [11, 1, 10.5, 0],
					"texture": "#0"
				},
				"west": {
					"uv": [11.5, 6, 11, 1],
					"rotation": 270,
					"texture": "#0"
				},
				"up": {
					"uv": [10.5, 1, 11, 6],
					"rotation": 180,
					"texture": "#0"
				},
				"down": {
					"uv": [11.5, 1, 12, 6],
					"texture": "#0"
				}
			}
		}
	]
}