{
	"textures": {
		"0": "animated_java:blueprint/cat/ragdoll",
		"particle": "minecraft:item/pufferfish"
	},
	"display": {
		"head": {
			"rotation": [0, 180, 0]
		}
	},
	"elements": [
		{
			"from": [-4, 15, 5.5],
			"to": [1, 19, 10.5],
			"shade": false,
			"rotation": {
				"angle": -22.5,
				"axis": "y",
				"origin": [8, 8, 8]
			},
			"faces": {
				"north": {
					"uv": [0, 2.5, 1.25, 4.5],
					"texture": "#0"
				},
				"east": {
					"uv": [3.75, 2.5, 5, 4.5],
					"texture": "#0"
				},
				"south": {
					"uv": [2.5, 2.5, 3.75, 4.5],
					"texture": "#0"
				},
				"west": {
					"uv": [1.25, 2.5, 2.5, 4.5],
					"texture": "#0"
				},
				"up": {
					"uv": [1.25, 0, 2.5, 2.5],
					"rotation": 90,
					"texture": "#0"
				},
				"down": {
					"uv": [2.5, 2.5, 3.75, 0],
					"rotation": 270,
					"texture": "#0"
				}
			}
		}
	]
}