{
	"textures": {
		"0": "animated_java:blueprint/cat/ragdoll",
		"particle": "minecraft:item/pufferfish"
	},
	"display": {
		"head": {
			"rotation": [0, 180, 0]
		}
	},
	"elements": [
		{
			"from": [-6, 8.52, 13.4],
			"to": [-4, 10.52, 16.4],
			"shade": false,
			"rotation": {
				"angle": -22.5,
				"axis": "y",
				"origin": [7, 1.5, 14.9]
			},
			"faces": {
				"north": {
					"uv": [0, 13, 0.5, 14],
					"texture": "#0"
				},
				"east": {
					"uv": [1.75, 13, 2.5, 14],
					"texture": "#0"
				},
				"south": {
					"uv": [1.25, 13, 1.75, 14],
					"texture": "#0"
				},
				"west": {
					"uv": [0.5, 13, 1.25, 14],
					"texture": "#0"
				},
				"up": {
					"uv": [0.5, 12, 1.25, 13],
					"rotation": 90,
					"texture": "#0"
				},
				"down": {
					"uv": [1.25, 13, 2, 12],
					"rotation": 270,
					"texture": "#0"
				}
			}
		}
	]
}