{
	"textures": {
		"1": "animated_java:blueprint/tea/one",
		"4": "animated_java:blueprint/tea/fo",
		"particle": "minecraft:item/pufferfish"
	},
	"display": {
		"head": {
			"rotation": [0, 180, 0]
		}
	},
	"elements": [
		{
			"from": [7.35657, 8, 7.35657],
			"to": [9.28686, 10.57373, 8.64343],
			"rotation": {
				"angle": 0,
				"axis": "y",
				"origin": [8, 8, 8]
			},
			"faces": {
				"north": {
					"uv": [0, 0, 3, 4],
					"texture": "#4"
				},
				"east": {
					"uv": [0, 4, 2, 8],
					"texture": "#4"
				},
				"south": {
					"uv": [3, 0, 6, 4],
					"texture": "#4"
				},
				"west": {
					"uv": [2, 4, 4, 8],
					"texture": "#4"
				},
				"up": {
					"uv": [7, 6, 4, 4],
					"texture": "#4"
				},
				"down": {
					"uv": [9, 0, 6, 2],
					"texture": "#4"
				}
			}
		},
		{
			"from": [28.78284, -3.71046, 7.67828],
			"to": [31.35657, -1.78016, 8.96515],
			"rotation": {
				"angle": -45,
				"axis": "x",
				"origin": [28.78284, -2.42359, 8.32172]
			},
			"faces": {
				"north": {
					"uv": [0, 0, 3, 4],
					"rotation": 270,
					"texture": "#1"
				},
				"east": {
					"uv": [7, 6, 4, 4],
					"rotation": 90,
					"texture": "#1"
				},
				"south": {
					"uv": [3, 0, 6, 4],
					"rotation": 90,
					"texture": "#1"
				},
				"west": {
					"uv": [9, 0, 6, 2],
					"rotation": 90,
					"texture": "#1"
				},
				"up": {
					"uv": [2, 4, 4, 8],
					"rotation": 90,
					"texture": "#1"
				},
				"down": {
					"uv": [0, 4, 2, 8],
					"rotation": 90,
					"texture": "#1"
				}
			}
		}
	]
}