{
	"textures": {
		"1": "animated_java:blueprint/tea/one",
		"2": "animated_java:blueprint/tea/two",
		"3": "animated_java:blueprint/tea/three",
		"4": "animated_java:blueprint/tea/fo",
		"particle": "minecraft:item/pufferfish"
	},
	"display": {
		"head": {
			"rotation": [0, 180, 0]
		}
	},
	"elements": [
		{
			"from": [12.53759, 13.46697, 10.84282],
			"to": [14.17768, 15.65376, 11.93622],
			"rotation": {
				"angle": 0,
				"axis": "y",
				"origin": [13.08428, 13.46697, 11.38952]
			},
			"faces": {
				"north": {
					"uv": [0, 0, 3, 4],
					"texture": "#1"
				},
				"east": {
					"uv": [0, 4, 2, 8],
					"texture": "#1"
				},
				"south": {
					"uv": [3, 0, 6, 4],
					"texture": "#1"
				},
				"west": {
					"uv": [2, 4, 4, 8],
					"texture": "#1"
				},
				"up": {
					"uv": [7, 6, 4, 4],
					"texture": "#1"
				},
				"down": {
					"uv": [9, 0, 6, 2],
					"texture": "#1"
				}
			}
		},
		{
			"from": [13.57631, 17.84055, 10.62415],
			"to": [15.2164, 20.02733, 11.71754],
			"rotation": {
				"angle": 0,
				"axis": "y",
				"origin": [14.12301, 17.84055, 11.17084]
			},
			"faces": {
				"north": {
					"uv": [0, 0, 3, 4],
					"texture": "#1"
				},
				"east": {
					"uv": [0, 4, 2, 8],
					"texture": "#1"
				},
				"south": {
					"uv": [3, 0, 6, 4],
					"texture": "#1"
				},
				"west": {
					"uv": [2, 4, 4, 8],
					"texture": "#1"
				},
				"up": {
					"uv": [7, 6, 4, 4],
					"texture": "#1"
				},
				"down": {
					"uv": [9, 0, 6, 2],
					"texture": "#1"
				}
			}
		},
		{
			"from": [8.82005, 13.46697, 11.99089],
			"to": [10.46014, 15.65376, 13.08428],
			"rotation": {
				"angle": 0,
				"axis": "y",
				"origin": [9.36674, 13.46697, 12.53759]
			},
			"faces": {
				"north": {
					"uv": [0, 0, 3, 4],
					"texture": "#1"
				},
				"east": {
					"uv": [0, 4, 2, 8],
					"texture": "#1"
				},
				"south": {
					"uv": [3, 0, 6, 4],
					"texture": "#1"
				},
				"west": {
					"uv": [2, 4, 4, 8],
					"texture": "#1"
				},
				"up": {
					"uv": [7, 6, 4, 4],
					"texture": "#1"
				},
				"down": {
					"uv": [9, 0, 6, 2],
					"texture": "#1"
				}
			}
		},
		{
			"from": [9.8041, 13.46697, 9.2574],
			"to": [11.44419, 15.65376, 10.3508],
			"rotation": {
				"angle": 0,
				"axis": "y",
				"origin": [10.3508, 13.46697, 9.8041]
			},
			"faces": {
				"north": {
					"uv": [0, 0, 3, 4],
					"texture": "#1"
				},
				"east": {
					"uv": [0, 4, 2, 8],
					"texture": "#1"
				},
				"south": {
					"uv": [3, 0, 6, 4],
					"texture": "#1"
				},
				"west": {
					"uv": [2, 4, 4, 8],
					"texture": "#1"
				},
				"up": {
					"uv": [7, 6, 4, 4],
					"texture": "#1"
				},
				"down": {
					"uv": [9, 0, 6, 2],
					"texture": "#1"
				}
			}
		},
		{
			"from": [14.99772, 13.46697, 11.99089],
			"to": [16.63781, 15.65376, 13.08428],
			"rotation": {
				"angle": 0,
				"axis": "y",
				"origin": [15.54442, 13.46697, 12.53759]
			},
			"faces": {
				"north": {
					"uv": [0, 0, 3, 4],
					"texture": "#1"
				},
				"east": {
					"uv": [0, 4, 2, 8],
					"texture": "#1"
				},
				"south": {
					"uv": [3, 0, 6, 4],
					"texture": "#1"
				},
				"west": {
					"uv": [2, 4, 4, 8],
					"texture": "#1"
				},
				"up": {
					"uv": [7, 6, 4, 4],
					"texture": "#1"
				},
				"down": {
					"uv": [9, 0, 6, 2],
					"texture": "#1"
				}
			}
		},
		{
			"from": [18.00456, 13.46697, 9.91344],
			"to": [19.64465, 15.65376, 11.00683],
			"rotation": {
				"angle": 0,
				"axis": "y",
				"origin": [18.55125, 13.46697, 10.46014]
			},
			"faces": {
				"north": {
					"uv": [0, 0, 3, 4],
					"texture": "#1"
				},
				"east": {
					"uv": [0, 4, 2, 8],
					"texture": "#1"
				},
				"south": {
					"uv": [3, 0, 6, 4],
					"texture": "#1"
				},
				"west": {
					"uv": [2, 4, 4, 8],
					"texture": "#1"
				},
				"up": {
					"uv": [7, 6, 4, 4],
					"texture": "#1"
				},
				"down": {
					"uv": [9, 0, 6, 2],
					"texture": "#1"
				}
			}
		},
		{
			"from": [15.81777, 13.46697, 9.96811],
			"to": [17.45786, 15.65376, 11.0615],
			"rotation": {
				"angle": 0,
				"axis": "y",
				"origin": [16.36446, 13.46697, 10.51481]
			},
			"faces": {
				"north": {
					"uv": [0, 0, 3, 4],
					"texture": "#1"
				},
				"east": {
					"uv": [0, 4, 2, 8],
					"texture": "#1"
				},
				"south": {
					"uv": [3, 0, 6, 4],
					"texture": "#1"
				},
				"west": {
					"uv": [2, 4, 4, 8],
					"texture": "#1"
				},
				"up": {
					"uv": [7, 6, 4, 4],
					"texture": "#1"
				},
				"down": {
					"uv": [9, 0, 6, 2],
					"texture": "#1"
				}
			}
		},
		{
			"from": [-2.22323, 13.46697, 9.8041],
			"to": [-0.58314, 15.65376, 10.89749],
			"rotation": {
				"angle": 0,
				"axis": "y",
				"origin": [-1.67654, 13.46697, 10.3508]
			},
			"faces": {
				"north": {
					"uv": [0, 0, 3, 4],
					"texture": "#2"
				},
				"east": {
					"uv": [0, 4, 2, 8],
					"texture": "#2"
				},
				"south": {
					"uv": [3, 0, 6, 4],
					"texture": "#2"
				},
				"west": {
					"uv": [2, 4, 4, 8],
					"texture": "#2"
				},
				"up": {
					"uv": [7, 6, 4, 4],
					"texture": "#2"
				},
				"down": {
					"uv": [9, 0, 6, 2],
					"texture": "#2"
				}
			}
		},
		{
			"from": [-3.53531, 13.46697, 11.99089],
			"to": [-1.89522, 15.65376, 13.08428],
			"rotation": {
				"angle": 0,
				"axis": "y",
				"origin": [-2.98861, 13.46697, 12.53759]
			},
			"faces": {
				"north": {
					"uv": [0, 0, 3, 4],
					"texture": "#2"
				},
				"east": {
					"uv": [0, 4, 2, 8],
					"texture": "#2"
				},
				"south": {
					"uv": [3, 0, 6, 4],
					"texture": "#2"
				},
				"west": {
					"uv": [2, 4, 4, 8],
					"texture": "#2"
				},
				"up": {
					"uv": [7, 6, 4, 4],
					"texture": "#2"
				},
				"down": {
					"uv": [9, 0, 6, 2],
					"texture": "#2"
				}
			}
		},
		{
			"from": [0.72893, 13.46697, 11.99089],
			"to": [2.36902, 15.65376, 13.08428],
			"rotation": {
				"angle": 0,
				"axis": "y",
				"origin": [1.27563, 13.46697, 12.53759]
			},
			"faces": {
				"north": {
					"uv": [0, 0, 3, 4],
					"texture": "#2"
				},
				"east": {
					"uv": [0, 4, 2, 8],
					"texture": "#2"
				},
				"south": {
					"uv": [3, 0, 6, 4],
					"texture": "#2"
				},
				"west": {
					"uv": [2, 4, 4, 8],
					"texture": "#2"
				},
				"up": {
					"uv": [7, 6, 4, 4],
					"texture": "#2"
				},
				"down": {
					"uv": [9, 0, 6, 2],
					"texture": "#2"
				}
			}
		},
		{
			"from": [0.51025, 13.46697, 10.3508],
			"to": [2.15034, 15.65376, 11.44419],
			"rotation": {
				"angle": 0,
				"axis": "y",
				"origin": [1.05695, 13.46697, 10.89749]
			},
			"faces": {
				"north": {
					"uv": [0, 0, 3, 4],
					"texture": "#2"
				},
				"east": {
					"uv": [0, 4, 2, 8],
					"texture": "#2"
				},
				"south": {
					"uv": [3, 0, 6, 4],
					"texture": "#2"
				},
				"west": {
					"uv": [2, 4, 4, 8],
					"texture": "#2"
				},
				"up": {
					"uv": [7, 6, 4, 4],
					"texture": "#2"
				},
				"down": {
					"uv": [9, 0, 6, 2],
					"texture": "#2"
				}
			}
		},
		{
			"from": [6.41458, 13.46697, 12.37358],
			"to": [8.05467, 15.65376, 13.46697],
			"rotation": {
				"angle": 0,
				"axis": "y",
				"origin": [6.96128, 13.46697, 12.92027]
			},
			"faces": {
				"north": {
					"uv": [0, 0, 3, 4],
					"texture": "#2"
				},
				"east": {
					"uv": [0, 4, 2, 8],
					"texture": "#2"
				},
				"south": {
					"uv": [3, 0, 6, 4],
					"texture": "#2"
				},
				"west": {
					"uv": [2, 4, 4, 8],
					"texture": "#2"
				},
				"up": {
					"uv": [7, 6, 4, 4],
					"texture": "#2"
				},
				"down": {
					"uv": [9, 0, 6, 2],
					"texture": "#2"
				}
			}
		},
		{
			"from": [3.29841, 13.46697, 11.99089],
			"to": [4.9385, 15.65376, 13.08428],
			"rotation": {
				"angle": 0,
				"axis": "y",
				"origin": [3.8451, 13.46697, 12.53759]
			},
			"faces": {
				"north": {
					"uv": [0, 0, 3, 4],
					"texture": "#2"
				},
				"east": {
					"uv": [0, 4, 2, 8],
					"texture": "#2"
				},
				"south": {
					"uv": [3, 0, 6, 4],
					"texture": "#2"
				},
				"west": {
					"uv": [2, 4, 4, 8],
					"texture": "#2"
				},
				"up": {
					"uv": [7, 6, 4, 4],
					"texture": "#2"
				},
				"down": {
					"uv": [9, 0, 6, 2],
					"texture": "#2"
				}
			}
		},
		{
			"from": [11.49886, 13.46697, 11.99089],
			"to": [13.13895, 15.65376, 13.08428],
			"rotation": {
				"angle": 0,
				"axis": "y",
				"origin": [12.04556, 13.46697, 12.53759]
			},
			"faces": {
				"north": {
					"uv": [0, 0, 3, 4],
					"texture": "#1"
				},
				"east": {
					"uv": [0, 4, 2, 8],
					"texture": "#1"
				},
				"south": {
					"uv": [3, 0, 6, 4],
					"texture": "#1"
				},
				"west": {
					"uv": [2, 4, 4, 8],
					"texture": "#1"
				},
				"up": {
					"uv": [7, 6, 4, 4],
					"texture": "#1"
				},
				"down": {
					"uv": [9, 0, 6, 2],
					"texture": "#1"
				}
			}
		},
		{
			"from": [11.00683, 17.84055, 11.99089],
			"to": [12.64692, 20.02733, 13.08428],
			"rotation": {
				"angle": 0,
				"axis": "y",
				"origin": [11.55353, 17.84055, 12.53759]
			},
			"faces": {
				"north": {
					"uv": [0, 0, 3, 4],
					"texture": "#1"
				},
				"east": {
					"uv": [0, 4, 2, 8],
					"texture": "#1"
				},
				"south": {
					"uv": [3, 0, 6, 4],
					"texture": "#1"
				},
				"west": {
					"uv": [2, 4, 4, 8],
					"texture": "#1"
				},
				"up": {
					"uv": [7, 6, 4, 4],
					"texture": "#1"
				},
				"down": {
					"uv": [9, 0, 6, 2],
					"texture": "#1"
				}
			}
		},
		{
			"from": [17.0205, 22.21412, 9.85877],
			"to": [19.20729, 23.85421, 10.95216],
			"rotation": {
				"angle": 0,
				"axis": "y",
				"origin": [17.5672, 22.21412, 10.40547]
			},
			"faces": {
				"north": {
					"uv": [0, 0, 4, 3],
					"texture": "#3"
				},
				"east": {
					"uv": [4, 4, 6, 7],
					"texture": "#3"
				},
				"south": {
					"uv": [0, 3, 4, 6],
					"texture": "#3"
				},
				"west": {
					"uv": [0, 6, 2, 9],
					"texture": "#3"
				},
				"up": {
					"uv": [8, 2, 4, 0],
					"texture": "#3"
				},
				"down": {
					"uv": [8, 2, 4, 4],
					"texture": "#3"
				}
			}
		},
		{
			"from": [8.10934, 22.21412, 12.37358],
			"to": [10.29613, 23.85421, 13.46697],
			"rotation": {
				"angle": 0,
				"axis": "y",
				"origin": [8.65604, 22.21412, 12.92027]
			},
			"faces": {
				"north": {
					"uv": [0, 0, 4, 3],
					"texture": "#3"
				},
				"east": {
					"uv": [4, 4, 6, 7],
					"texture": "#3"
				},
				"south": {
					"uv": [0, 3, 4, 6],
					"texture": "#3"
				},
				"west": {
					"uv": [0, 6, 2, 9],
					"texture": "#3"
				},
				"up": {
					"uv": [8, 2, 4, 0],
					"texture": "#3"
				},
				"down": {
					"uv": [8, 2, 4, 4],
					"texture": "#3"
				}
			}
		},
		{
			"from": [9.31207, 22.21412, 9.91344],
			"to": [11.49886, 23.85421, 11.00683],
			"rotation": {
				"angle": 0,
				"axis": "y",
				"origin": [9.85877, 22.21412, 10.46014]
			},
			"faces": {
				"north": {
					"uv": [0, 0, 4, 3],
					"texture": "#3"
				},
				"east": {
					"uv": [4, 4, 6, 7],
					"texture": "#3"
				},
				"south": {
					"uv": [0, 3, 4, 6],
					"texture": "#3"
				},
				"west": {
					"uv": [0, 6, 2, 9],
					"texture": "#3"
				},
				"up": {
					"uv": [8, 2, 4, 0],
					"texture": "#3"
				},
				"down": {
					"uv": [8, 2, 4, 4],
					"texture": "#3"
				}
			}
		},
		{
			"from": [1.11162, 22.21412, 11.6082],
			"to": [3.29841, 23.85421, 12.70159],
			"rotation": {
				"angle": 0,
				"axis": "y",
				"origin": [1.65831, 22.21412, 12.1549]
			},
			"faces": {
				"north": {
					"uv": [0, 0, 4, 3],
					"texture": "#3"
				},
				"east": {
					"uv": [4, 4, 6, 7],
					"texture": "#3"
				},
				"south": {
					"uv": [0, 3, 4, 6],
					"texture": "#3"
				},
				"west": {
					"uv": [0, 6, 2, 9],
					"texture": "#3"
				},
				"up": {
					"uv": [8, 2, 4, 0],
					"texture": "#3"
				},
				"down": {
					"uv": [8, 2, 4, 4],
					"texture": "#3"
				}
			}
		},
		{
			"from": [-2.44191, 22.21412, 9.69476],
			"to": [-0.25513, 23.85421, 10.78815],
			"rotation": {
				"angle": 0,
				"axis": "y",
				"origin": [-1.89522, 22.21412, 10.24146]
			},
			"faces": {
				"north": {
					"uv": [0, 0, 4, 3],
					"texture": "#3"
				},
				"east": {
					"uv": [4, 4, 6, 7],
					"texture": "#3"
				},
				"south": {
					"uv": [0, 3, 4, 6],
					"texture": "#3"
				},
				"west": {
					"uv": [0, 6, 2, 9],
					"texture": "#3"
				},
				"up": {
					"uv": [8, 2, 4, 0],
					"texture": "#3"
				},
				"down": {
					"uv": [8, 2, 4, 4],
					"texture": "#3"
				}
			}
		},
		{
			"from": [4.77449, 22.21412, 11.82688],
			"to": [6.96128, 23.85421, 12.92027],
			"rotation": {
				"angle": 0,
				"axis": "y",
				"origin": [5.32118, 22.21412, 12.37358]
			},
			"faces": {
				"north": {
					"uv": [0, 0, 4, 3],
					"texture": "#3"
				},
				"east": {
					"uv": [4, 4, 6, 7],
					"texture": "#3"
				},
				"south": {
					"uv": [0, 3, 4, 6],
					"texture": "#3"
				},
				"west": {
					"uv": [0, 6, 2, 9],
					"texture": "#3"
				},
				"up": {
					"uv": [8, 2, 4, 0],
					"texture": "#3"
				},
				"down": {
					"uv": [8, 2, 4, 4],
					"texture": "#3"
				}
			}
		},
		{
			"from": [17.23918, 22.21412, 12.26424],
			"to": [19.42597, 23.85421, 13.35763],
			"rotation": {
				"angle": 0,
				"axis": "y",
				"origin": [17.78588, 22.21412, 12.81093]
			},
			"faces": {
				"north": {
					"uv": [0, 0, 4, 3],
					"texture": "#3"
				},
				"east": {
					"uv": [4, 4, 6, 7],
					"texture": "#3"
				},
				"south": {
					"uv": [0, 3, 4, 6],
					"texture": "#3"
				},
				"west": {
					"uv": [0, 6, 2, 9],
					"texture": "#3"
				},
				"up": {
					"uv": [8, 2, 4, 0],
					"texture": "#3"
				},
				"down": {
					"uv": [8, 2, 4, 4],
					"texture": "#3"
				}
			}
		},
		{
			"from": [17.94989, 17.84055, 10.3508],
			"to": [19.58998, 20.02733, 11.44419],
			"rotation": {
				"angle": 0,
				"axis": "y",
				"origin": [18.49658, 17.84055, 10.89749]
			},
			"faces": {
				"north": {
					"uv": [0, 0, 3, 4],
					"texture": "#1"
				},
				"east": {
					"uv": [0, 4, 2, 8],
					"texture": "#1"
				},
				"south": {
					"uv": [3, 0, 6, 4],
					"texture": "#1"
				},
				"west": {
					"uv": [2, 4, 4, 8],
					"texture": "#1"
				},
				"up": {
					"uv": [7, 6, 4, 4],
					"texture": "#1"
				},
				"down": {
					"uv": [9, 0, 6, 2],
					"texture": "#1"
				}
			}
		},
		{
			"from": [18.8246, 13.46697, 11.6082],
			"to": [20.46469, 15.65376, 12.70159],
			"rotation": {
				"angle": 0,
				"axis": "y",
				"origin": [19.3713, 13.46697, 12.1549]
			},
			"faces": {
				"north": {
					"uv": [0, 0, 3, 4],
					"texture": "#1"
				},
				"east": {
					"uv": [0, 4, 2, 8],
					"texture": "#1"
				},
				"south": {
					"uv": [3, 0, 6, 4],
					"texture": "#1"
				},
				"west": {
					"uv": [2, 4, 4, 8],
					"texture": "#1"
				},
				"up": {
					"uv": [7, 6, 4, 4],
					"texture": "#1"
				},
				"down": {
					"uv": [9, 0, 6, 2],
					"texture": "#1"
				}
			}
		},
		{
			"from": [15.87244, 17.84055, 12.10023],
			"to": [17.51253, 20.02733, 13.19362],
			"rotation": {
				"angle": 0,
				"axis": "y",
				"origin": [16.41913, 17.84055, 12.64692]
			},
			"faces": {
				"north": {
					"uv": [0, 0, 3, 4],
					"texture": "#1"
				},
				"east": {
					"uv": [0, 4, 2, 8],
					"texture": "#1"
				},
				"south": {
					"uv": [3, 0, 6, 4],
					"texture": "#1"
				},
				"west": {
					"uv": [2, 4, 4, 8],
					"texture": "#1"
				},
				"up": {
					"uv": [7, 6, 4, 4],
					"texture": "#1"
				},
				"down": {
					"uv": [9, 0, 6, 2],
					"texture": "#1"
				}
			}
		},
		{
			"from": [0.18223, 17.84055, 11.49886],
			"to": [1.82232, 20.02733, 12.59226],
			"rotation": {
				"angle": 0,
				"axis": "y",
				"origin": [0.72893, 17.84055, 12.04556]
			},
			"faces": {
				"north": {
					"uv": [0, 0, 3, 4],
					"texture": "#4"
				},
				"east": {
					"uv": [0, 4, 2, 8],
					"texture": "#4"
				},
				"south": {
					"uv": [3, 0, 6, 4],
					"texture": "#4"
				},
				"west": {
					"uv": [2, 4, 4, 8],
					"texture": "#4"
				},
				"up": {
					"uv": [7, 6, 4, 4],
					"texture": "#4"
				},
				"down": {
					"uv": [9, 0, 6, 2],
					"texture": "#4"
				}
			}
		},
		{
			"from": [2.36902, 17.84055, 10.07745],
			"to": [4.00911, 20.02733, 11.17084],
			"rotation": {
				"angle": 0,
				"axis": "y",
				"origin": [2.91572, 17.84055, 10.62415]
			},
			"faces": {
				"north": {
					"uv": [0, 0, 3, 4],
					"texture": "#4"
				},
				"east": {
					"uv": [0, 4, 2, 8],
					"texture": "#4"
				},
				"south": {
					"uv": [3, 0, 6, 4],
					"texture": "#4"
				},
				"west": {
					"uv": [2, 4, 4, 8],
					"texture": "#4"
				},
				"up": {
					"uv": [7, 6, 4, 4],
					"texture": "#4"
				},
				"down": {
					"uv": [9, 0, 6, 2],
					"texture": "#4"
				}
			}
		},
		{
			"from": [4.82916, 17.84055, 11.33485],
			"to": [6.46925, 20.02733, 12.42825],
			"rotation": {
				"angle": 0,
				"axis": "y",
				"origin": [5.37585, 17.84055, 11.88155]
			},
			"faces": {
				"north": {
					"uv": [0, 0, 3, 4],
					"texture": "#4"
				},
				"east": {
					"uv": [0, 4, 2, 8],
					"texture": "#4"
				},
				"south": {
					"uv": [3, 0, 6, 4],
					"texture": "#4"
				},
				"west": {
					"uv": [2, 4, 4, 8],
					"texture": "#4"
				},
				"up": {
					"uv": [7, 6, 4, 4],
					"texture": "#4"
				},
				"down": {
					"uv": [9, 0, 6, 2],
					"texture": "#4"
				}
			}
		},
		{
			"from": [7.39863, 17.84055, 12.20957],
			"to": [9.03872, 20.02733, 13.30296],
			"rotation": {
				"angle": 0,
				"axis": "y",
				"origin": [7.94533, 17.84055, 12.75626]
			},
			"faces": {
				"north": {
					"uv": [0, 0, 3, 4],
					"texture": "#4"
				},
				"east": {
					"uv": [0, 4, 2, 8],
					"texture": "#4"
				},
				"south": {
					"uv": [3, 0, 6, 4],
					"texture": "#4"
				},
				"west": {
					"uv": [2, 4, 4, 8],
					"texture": "#4"
				},
				"up": {
					"uv": [7, 6, 4, 4],
					"texture": "#4"
				},
				"down": {
					"uv": [9, 0, 6, 2],
					"texture": "#4"
				}
			}
		},
		{
			"from": [6.46925, 17.84055, 9.42141],
			"to": [8.10934, 20.02733, 10.51481],
			"rotation": {
				"angle": 0,
				"axis": "y",
				"origin": [7.01595, 17.84055, 9.96811]
			},
			"faces": {
				"north": {
					"uv": [0, 0, 3, 4],
					"texture": "#4"
				},
				"east": {
					"uv": [0, 4, 2, 8],
					"texture": "#4"
				},
				"south": {
					"uv": [3, 0, 6, 4],
					"texture": "#4"
				},
				"west": {
					"uv": [2, 4, 4, 8],
					"texture": "#4"
				},
				"up": {
					"uv": [7, 6, 4, 4],
					"texture": "#4"
				},
				"down": {
					"uv": [9, 0, 6, 2],
					"texture": "#4"
				}
			}
		},
		{
			"from": [3.18907, 22.21412, 9.64009],
			"to": [5.37585, 23.85421, 10.73349],
			"rotation": {
				"angle": 0,
				"axis": "y",
				"origin": [3.73576, 22.21412, 10.18679]
			},
			"faces": {
				"north": {
					"uv": [0, 0, 4, 3],
					"texture": "#3"
				},
				"east": {
					"uv": [4, 4, 6, 7],
					"texture": "#3"
				},
				"south": {
					"uv": [0, 3, 4, 6],
					"texture": "#3"
				},
				"west": {
					"uv": [0, 6, 2, 9],
					"texture": "#3"
				},
				"up": {
					"uv": [8, 2, 4, 0],
					"texture": "#3"
				},
				"down": {
					"uv": [8, 2, 4, 4],
					"texture": "#3"
				}
			}
		},
		{
			"from": [14.17768, 22.21412, 9.64009],
			"to": [16.36446, 23.85421, 10.73349],
			"rotation": {
				"angle": 0,
				"axis": "y",
				"origin": [14.72437, 22.21412, 10.18679]
			},
			"faces": {
				"north": {
					"uv": [0, 0, 4, 3],
					"texture": "#3"
				},
				"east": {
					"uv": [4, 4, 6, 7],
					"texture": "#3"
				},
				"south": {
					"uv": [0, 3, 4, 6],
					"texture": "#3"
				},
				"west": {
					"uv": [0, 6, 2, 9],
					"texture": "#3"
				},
				"up": {
					"uv": [8, 2, 4, 0],
					"texture": "#3"
				},
				"down": {
					"uv": [8, 2, 4, 4],
					"texture": "#3"
				}
			}
		},
		{
			"from": [11.93622, 22.21412, 11.38952],
			"to": [14.12301, 23.85421, 12.48292],
			"rotation": {
				"angle": 0,
				"axis": "y",
				"origin": [12.48292, 22.21412, 11.93622]
			},
			"faces": {
				"north": {
					"uv": [0, 0, 4, 3],
					"texture": "#3"
				},
				"east": {
					"uv": [4, 4, 6, 7],
					"texture": "#3"
				},
				"south": {
					"uv": [0, 3, 4, 6],
					"texture": "#3"
				},
				"west": {
					"uv": [0, 6, 2, 9],
					"texture": "#3"
				},
				"up": {
					"uv": [8, 2, 4, 0],
					"texture": "#3"
				},
				"down": {
					"uv": [8, 2, 4, 4],
					"texture": "#3"
				}
			}
		},
		{
			"from": [4.9385, 13.46697, 10.3508],
			"to": [6.57859, 15.65376, 11.44419],
			"rotation": {
				"angle": 0,
				"axis": "y",
				"origin": [5.48519, 13.46697, 10.89749]
			},
			"faces": {
				"north": {
					"uv": [0, 0, 3, 4],
					"texture": "#2"
				},
				"east": {
					"uv": [0, 4, 2, 8],
					"texture": "#2"
				},
				"south": {
					"uv": [3, 0, 6, 4],
					"texture": "#2"
				},
				"west": {
					"uv": [2, 4, 4, 8],
					"texture": "#2"
				},
				"up": {
					"uv": [7, 6, 4, 4],
					"texture": "#2"
				},
				"down": {
					"uv": [9, 0, 6, 2],
					"texture": "#2"
				}
			}
		}
	]
}