{
	"textures": {
		"1": "animated_java:blueprint/svekla/svekla",
		"particle": "minecraft:item/pufferfish"
	},
	"display": {
		"head": {
			"rotation": [0, 180, 0]
		}
	},
	"elements": [
		{
			"from": [6.5, 8, 6.5],
			"to": [9.5, 10.25, 9.5],
			"rotation": {
				"angle": 0,
				"axis": "y",
				"origin": [8, 8, 8]
			},
			"faces": {
				"north": {
					"uv": [3, 8, 6, 10.5],
					"texture": "#1"
				},
				"east": {
					"uv": [8, 3, 11, 5.5],
					"texture": "#1"
				},
				"south": {
					"uv": [6, 8, 9, 10.5],
					"texture": "#1"
				},
				"west": {
					"uv": [9, 6, 12, 8.5],
					"texture": "#1"
				},
				"up": {
					"uv": [3, 11, 0, 8],
					"texture": "#1"
				},
				"down": {
					"uv": [11, 0, 8, 3],
					"texture": "#1"
				}
			}
		},
		{
			"from": [6, 10, 8],
			"to": [10, 14, 8],
			"rotation": {
				"angle": 0,
				"axis": "y",
				"origin": [8, 10, 9]
			},
			"faces": {
				"north": {
					"uv": [4, 0, 8, 4],
					"texture": "#1"
				},
				"east": {
					"uv": [0, 0, 0, 4],
					"texture": "#1"
				},
				"south": {
					"uv": [4, 0, 8, 4],
					"texture": "#1"
				},
				"west": {
					"uv": [0, 0, 0, 4],
					"texture": "#1"
				},
				"up": {
					"uv": [4, 0, 0, 0],
					"texture": "#1"
				},
				"down": {
					"uv": [4, 0, 0, 0],
					"texture": "#1"
				}
			}
		},
		{
			"from": [8, 10, 6],
			"to": [8, 14, 10],
			"rotation": {
				"angle": 0,
				"axis": "y",
				"origin": [6, 10, 9]
			},
			"faces": {
				"north": {
					"uv": [0, 0, 0, 4],
					"texture": "#1"
				},
				"east": {
					"uv": [4, 0, 8, 4],
					"texture": "#1"
				},
				"south": {
					"uv": [0, 0, 0, 4],
					"texture": "#1"
				},
				"west": {
					"uv": [4, 0, 8, 4],
					"texture": "#1"
				},
				"up": {
					"uv": [0, 4, 0, 0],
					"texture": "#1"
				},
				"down": {
					"uv": [0, 0, 0, 4],
					"texture": "#1"
				}
			}
		}
	]
}