{
	"textures": {
		"1": "animated_java:blueprint/svekla/svekla",
		"particle": "minecraft:item/pufferfish"
	},
	"display": {
		"head": {
			"rotation": [0, 180, 0]
		}
	},
	"elements": [
		{
			"from": [6.5, 4.95833, 6.5],
			"to": [9.5, 7.20833, 9.5],
			"rotation": {
				"angle": 0,
				"axis": "y",
				"origin": [8, 4.95833, 8]
			},
			"faces": {
				"north": {
					"uv": [9, 8, 6, 10.5],
					"texture": "#1"
				},
				"east": {
					"uv": [11, 3, 8, 5.5],
					"texture": "#1"
				},
				"south": {
					"uv": [6, 8, 3, 10.5],
					"texture": "#1"
				},
				"west": {
					"uv": [12, 6, 9, 8.5],
					"texture": "#1"
				},
				"up": {
					"uv": [3, 8, 0, 11],
					"texture": "#1"
				},
				"down": {
					"uv": [11, 3, 8, 0],
					"texture": "#1"
				}
			}
		},
		{
			"from": [6, 6.95833, 8],
			"to": [10, 10.95833, 8],
			"rotation": {
				"angle": 0,
				"axis": "y",
				"origin": [8, 6.95833, 7]
			},
			"faces": {
				"north": {
					"uv": [8, 0, 4, 4],
					"texture": "#1"
				},
				"east": {
					"uv": [0, 0, 0, 4],
					"texture": "#1"
				},
				"south": {
					"uv": [8, 0, 4, 4],
					"texture": "#1"
				},
				"west": {
					"uv": [0, 0, 0, 4],
					"texture": "#1"
				},
				"up": {
					"uv": [4, 0, 0, 0],
					"texture": "#1"
				},
				"down": {
					"uv": [4, 0, 0, 0],
					"texture": "#1"
				}
			}
		},
		{
			"from": [8, 6.95833, 6],
			"to": [8, 10.95833, 10],
			"rotation": {
				"angle": 0,
				"axis": "y",
				"origin": [6, 6.95833, 7]
			},
			"faces": {
				"north": {
					"uv": [0, 0, 0, 4],
					"texture": "#1"
				},
				"east": {
					"uv": [8, 0, 4, 4],
					"texture": "#1"
				},
				"south": {
					"uv": [0, 0, 0, 4],
					"texture": "#1"
				},
				"west": {
					"uv": [8, 0, 4, 4],
					"texture": "#1"
				},
				"up": {
					"uv": [0, 0, 0, 4],
					"texture": "#1"
				},
				"down": {
					"uv": [0, 4, 0, 0],
					"texture": "#1"
				}
			}
		}
	]
}