{
	"format_version": "1.21.6",
	"credit": "Made with Blockbench",
	"parent": "block/leaves",
	"textures": {
		"3": "item/apple",
		"particle": "item/apple"
	},
	"elements": [
		{
			"from": [4, 0, 2],
			"to": [9, 5, 7],
			"faces": {
				"north": {"uv": [9, 9, 14, 14], "texture": "#3"},
				"east": {"uv": [1, 9, 6, 14], "texture": "#3"},
				"south": {"uv": [9, 9, 14, 14], "texture": "#3"},
				"west": {"uv": [1, 9, 6, 14], "texture": "#3"},
				"up": {"uv": [1, 9, 6, 14], "texture": "#3"},
				"down": {"uv": [9, 9, 14, 14], "texture": "#3"}
			}
		},
		{
			"from": [4, 1, 1],
			"to": [9, 6, 8],
			"faces": {
				"north": {"uv": [9, 9, 14, 14], "texture": "#3"},
				"east": {"uv": [0, 10, 7, 15], "texture": "#3"},
				"south": {"uv": [9, 9, 14, 14], "texture": "#3"},
				"west": {"uv": [0, 10, 7, 15], "texture": "#3"},
				"up": {"uv": [1, 9, 6, 16], "texture": "#3"},
				"down": {"uv": [2, 9, 7, 16], "texture": "#3"}
			}
		},
		{
			"from": [3, 1, 2],
			"to": [4, 6, 7],
			"faces": {
				"north": {"uv": [9, 9, 10, 14], "texture": "#3"},
				"east": {"uv": [1, 9, 6, 14], "texture": "#3"},
				"south": {"uv": [9, 9, 10, 14], "texture": "#3"},
				"west": {"uv": [2, 9, 7, 14], "texture": "#3"},
				"up": {"uv": [2, 9, 3, 14], "texture": "#3"},
				"down": {"uv": [2, 9, 3, 14], "texture": "#3"}
			}
		},
		{
			"from": [9, 1, 2],
			"to": [10, 6, 7],
			"faces": {
				"north": {"uv": [9, 9, 10, 14], "texture": "#3"},
				"east": {"uv": [1, 9, 6, 14], "texture": "#3"},
				"south": {"uv": [9, 9, 10, 14], "texture": "#3"},
				"west": {"uv": [2, 9, 7, 14], "texture": "#3"},
				"up": {"uv": [2, 9, 3, 14], "texture": "#3"},
				"down": {"uv": [2, 9, 3, 14], "texture": "#3"}
			}
		},
		{
			"from": [6, 6, 5],
			"to": [7, 9, 5],
			"faces": {
				"north": {"uv": [0, 2, 1, 5], "texture": "#3"},
				"east": {"uv": [0, 2, 1, 5], "texture": "#3"},
				"south": {"uv": [0, 2, 1, 5], "texture": "#3"},
				"west": {"uv": [0, 2, 1, 5], "texture": "#3"},
				"up": {"uv": [0, 1, 1, 2], "texture": "#3"},
				"down": {"uv": [0, 0, 1, 1], "texture": "#missing"}
			}
		},
		{
			"from": [7, 6, 4],
			"to": [7, 9, 5],
			"faces": {
				"north": {"uv": [0, 2, 1, 5], "texture": "#3"},
				"east": {"uv": [0, 2, 1, 5], "texture": "#3"},
				"south": {"uv": [0, 2, 1, 5], "texture": "#3"},
				"west": {"uv": [0, 2, 1, 5], "texture": "#3"},
				"up": {"uv": [0, 1, 1, 2], "rotation": 270, "texture": "#3"},
				"down": {"uv": [0, 0, 1, 1], "rotation": 90, "texture": "#missing"}
			}
		},
		{
			"from": [4, 6.5, 4],
			"to": [9, 6.5, 5],
			"faces": {
				"north": {"uv": [0, 2, 1, 5], "rotation": 270, "texture": "#3"},
				"east": {"uv": [0, 1, 1, 2], "rotation": 90, "texture": "#3"},
				"south": {"uv": [0, 2, 1, 5], "rotation": 90, "texture": "#3"},
				"west": {"uv": [0, 0, 1, 1], "rotation": 90, "texture": "#missing"},
				"up": {"uv": [0, 2, 1, 5], "rotation": 90, "texture": "#3"},
				"down": {"uv": [0, 2, 1, 5], "rotation": 90, "texture": "#3"}
			}
		}
	],
	"gui_light": "front",
	"display": {
		"thirdperson_righthand": {
			"rotation": [75, 45, 0],
			"translation": [0, 2.5, 0],
			"scale": [0.375, 0.375, 0.375]
		},
		"thirdperson_lefthand": {
			"rotation": [75, 45, 0],
			"translation": [0, 2.5, 0],
			"scale": [0.375, 0.375, 0.375]
		},
		"firstperson_righthand": {
			"rotation": [0, 45, 0],
			"scale": [0.4, 0.4, 0.4]
		},
		"firstperson_lefthand": {
			"rotation": [0, -135, 0],
			"scale": [0.4, 0.4, 0.4]
		},
		"ground": {
			"translation": [0, 3, 0],
			"scale": [0.25, 0.25, 0.25]
		},
		"gui": {
			"translation": [1.75, 0, 0]
		},
		"fixed": {
			"rotation": [-90, 0, 0],
			"translation": [0, 4, -8]
		}
	}
}