{
	"format_version": "1.21.6",
	"credit": "Model generated using MrCrayfish's Model Creator (http://mrcrayfish.com/modelcreator/)",
	"texture_size": [128, 128],
	"textures": {
		"0": "block/bed",
		"particle": "block/bed"
	},
	"elements": [
		{
			"name": "BedPlate",
			"from": [0.125, -1, -15.25],
			"to": [16, 7, 16.525],
			"rotation": {"angle": 0, "axis": "y", "origin": [-4.875, 3, -15.25]},
			"faces": {
				"north": {"uv": [5.125, 4.0625, 7.10938, 5.0625], "texture": "#0"},
				"east": {"uv": [5.125, 4.0625, 9.09688, 5.0625], "texture": "#0"},
				"south": {"uv": [5.125, 4.0625, 7.10938, 5.0625], "texture": "#0"},
				"west": {"uv": [5.125, 4.0625, 9.09688, 5.0625], "texture": "#0"},
				"up": {"uv": [5.125, 4.0625, 9.09688, 5.0625], "texture": "#0"},
				"down": {"uv": [1.875, 0, 3.85938, 3.97188], "texture": "#0"}
			}
		},
		{
			"name": "BedPlate",
			"from": [0.125, -1, -16],
			"to": [16, 12, -15.225],
			"rotation": {"angle": 0, "axis": "y", "origin": [-4.875, 3, -16]},
			"faces": {
				"north": {"uv": [5.125, 3.9375, 7.10938, 5.5625], "texture": "#0"},
				"east": {"uv": [0, 2.25, 0.09687, 3.375], "texture": "#0"},
				"south": {"uv": [0, 2.5625, 1.98438, 3.6875], "texture": "#0"},
				"west": {"uv": [5.125, 4.375, 5.22188, 5.5], "texture": "#0"},
				"up": {"uv": [1.98438, 0.09687, 0, 0], "texture": "#0"},
				"down": {"uv": [4, 0, 2, 4], "texture": "#0"}
			}
		},
		{
			"name": "Bed",
			"from": [1.625, 7, -15.25],
			"to": [14.625, 9, 15.75],
			"rotation": {"angle": 0, "axis": "y", "origin": [-4.875, 3, -15.25]},
			"faces": {
				"north": {"uv": [5.625, 3.5, 7.25, 3.75], "texture": "#0"},
				"east": {"uv": [5.625, 0, 9.5, 0.25], "texture": "#0"},
				"south": {"uv": [6.375, 5.875, 8, 6.125], "texture": "#0"},
				"west": {"uv": [5.625, 0.25, 9.5, 0.5], "texture": "#0"},
				"up": {"uv": [1.625, 7.875, 0, 4], "texture": "#0"},
				"down": {"uv": [5.625, 0, 4, 3.875], "texture": "#0"}
			}
		},
		{
			"name": "Wool",
			"from": [1.125, 7, -5.875],
			"to": [15.125, 9.5, 16.125],
			"rotation": {"angle": 0, "axis": "y", "origin": [-4.875, 3, -17.875]},
			"faces": {
				"north": {"uv": [5.625, 2.75, 7.375, 3.0625], "texture": "#0"},
				"east": {"uv": [5.625, 2, 8.375, 2.3125], "texture": "#0"},
				"south": {"uv": [5.625, 3.125, 7.375, 3.4375], "texture": "#0"},
				"west": {"uv": [5.625, 2.375, 8.375, 2.6875], "texture": "#0"},
				"up": {"uv": [3.375, 6.75, 1.625, 4], "texture": "#0"},
				"down": {"uv": [5.125, 4, 3.375, 6.75], "texture": "#0"}
			}
		},
		{
			"name": "Right",
			"from": [5.125, 7, 5.25],
			"to": [9.625, 7.5, 14.75],
			"rotation": {"angle": 0, "axis": "y", "origin": [-4.875, 3, -20.25]},
			"faces": {
				"north": {"uv": [6.375, 6.625, 6.9375, 6.6875], "texture": "#0"},
				"east": {"uv": [6.375, 6.375, 7.5625, 6.4375], "texture": "#0"},
				"south": {"uv": [1.625, 6.75, 2.1875, 6.8125], "texture": "#0"},
				"west": {"uv": [6.375, 6.5, 7.5625, 6.5625], "texture": "#0"},
				"up": {"uv": [5.6875, 7.0625, 5.125, 5.875], "texture": "#0"},
				"down": {"uv": [6.3125, 5.875, 5.75, 7.0625], "texture": "#0"}
			}
		},
		{
			"from": [3, 9, -14.25],
			"to": [13, 10, -8.25],
			"rotation": {"angle": 0, "axis": "y", "origin": [2, 9, -9.25]},
			"faces": {
				"north": {"uv": [5.625, 3.75, 6.875, 3.875], "texture": "#0"},
				"east": {"uv": [4, 3.875, 4.75, 4], "texture": "#0"},
				"south": {"uv": [6.375, 6.125, 7.625, 6.25], "texture": "#0"},
				"west": {"uv": [6.375, 6.25, 7.125, 6.375], "texture": "#0"},
				"up": {"uv": [6.875, 1.25, 5.625, 0.5], "texture": "#0"},
				"down": {"uv": [6.875, 1.25, 5.625, 2], "texture": "#0"}
			}
		}
	],
	"display": {
		"fixed": {
			"rotation": [-90, 0, 0],
			"translation": [-0.25, 32, -16],
			"scale": [2, 2, 2]
		}
	},
	"groups": [
		{
			"name": "group",
			"origin": [10.125, 0, -21],
			"color": 0,
			"children": [0, 1, 2, 3, 4]
		},
		5
	]
}