{
	"format_version": "1.21.6",
	"credit": "Made with Blockbench",
	"texture_size": [128, 128],
	"textures": {
		"0": "item/frizer",
		"particle": "item/frizer"
	},
	"elements": [
		{
			"from": [0, 0, 0],
			"to": [15, 31, 1],
			"faces": {
				"north": {"uv": [0, 3.875, 1.875, 7.75], "texture": "#0"},
				"east": {"uv": [5.625, 7.625, 5.75, 11.5], "texture": "#0"},
				"south": {"uv": [0, 0, 1.875, 3.875], "texture": "#0"},
				"west": {"uv": [5.75, 7.625, 5.875, 11.5], "texture": "#0"},
				"up": {"uv": [9.5, 3.75, 7.625, 3.625], "texture": "#0"},
				"down": {"uv": [4, 7.75, 2.125, 7.875], "texture": "#0"}
			}
		},
		{
			"from": [0, 0, 1],
			"to": [15, 1, 16],
			"faces": {
				"north": {"uv": [7.375, 7.75, 9.25, 7.875], "texture": "#0"},
				"east": {"uv": [7.625, 3.125, 9.625, 3.25], "texture": "#0"},
				"south": {"uv": [7.875, 2, 9.75, 2.125], "texture": "#0"},
				"west": {"uv": [7.625, 3.25, 9.625, 3.375], "texture": "#0"},
				"up": {"uv": [9.5, 2, 7.625, 0], "texture": "#0"},
				"down": {"uv": [9.25, 5.75, 7.375, 7.75], "texture": "#0"}
			}
		},
		{
			"from": [0.5, 13, 1],
			"to": [15, 14, 15],
			"rotation": {"angle": 0, "axis": "y", "origin": [0, 13, 0]},
			"faces": {
				"north": {"uv": [7.375, 7.75, 9.25, 7.875], "texture": "#0"},
				"east": {"uv": [7.625, 3.125, 9.625, 3.25], "texture": "#0"},
				"south": {"uv": [7.875, 2, 9.75, 2.125], "texture": "#0"},
				"west": {"uv": [7.625, 3.25, 9.625, 3.375], "texture": "#0"},
				"up": {"uv": [9.5, 2, 7.625, 0], "texture": "#0"},
				"down": {"uv": [5.375, 4.0625, 3.5, 6.0625], "texture": "#0"}
			}
		},
		{
			"from": [0.25, 22, 1],
			"to": [15, 23, 15],
			"rotation": {"angle": 0, "axis": "y", "origin": [0, 22, 0]},
			"faces": {
				"north": {"uv": [7.375, 7.75, 9.25, 7.875], "texture": "#0"},
				"east": {"uv": [7.625, 3.125, 9.625, 3.25], "texture": "#0"},
				"south": {"uv": [7.875, 2, 9.75, 2.125], "texture": "#0"},
				"west": {"uv": [7.625, 3.25, 9.625, 3.375], "texture": "#0"},
				"up": {"uv": [9.5, 2, 7.625, 0], "texture": "#0"},
				"down": {"uv": [4, 3.875, 2.125, 5.875], "texture": "#0"}
			}
		},
		{
			"from": [0, 1, 1],
			"to": [1, 31, 15],
			"faces": {
				"north": {"uv": [6.375, 7.625, 6.5, 11.375], "texture": "#0"},
				"east": {"uv": [0, 3.875, 1.75, 7.625], "texture": "#0"},
				"south": {"uv": [6.5, 7.625, 6.625, 11.375], "texture": "#0"},
				"west": {"uv": [5.875, 0, 7.625, 3.75], "texture": "#0"},
				"up": {"uv": [4.125, 9.5, 4, 7.75], "texture": "#0"},
				"down": {"uv": [4.25, 7.75, 4.125, 9.5], "texture": "#0"}
			}
		},
		{
			"from": [0, 1, 15],
			"to": [15, 31, 16],
			"rotation": {"angle": 0, "axis": "y", "origin": [0, 0, -1]},
			"faces": {
				"north": {"uv": [0, 0, 1.875, 3.875], "texture": "#0"},
				"east": {"uv": [6.125, 7.625, 6.25, 11.5], "texture": "#0"},
				"south": {"uv": [4, 0, 5.875, 3.875], "texture": "#0"},
				"west": {"uv": [6.25, 7.625, 6.375, 11.5], "texture": "#0"},
				"up": {"uv": [4, 8, 2.125, 7.875], "texture": "#0"},
				"down": {"uv": [9.75, 2.125, 7.875, 2.25], "texture": "#0"}
			}
		},
		{
			"from": [0, 31, 0],
			"to": [15, 32, 16],
			"faces": {
				"north": {"uv": [7.875, 2.25, 9.75, 2.375], "texture": "#0"},
				"east": {"uv": [7.625, 3.375, 9.625, 3.5], "texture": "#0"},
				"south": {"uv": [7.875, 2.375, 9.75, 2.5], "texture": "#0"},
				"west": {"uv": [7.625, 3.5, 9.625, 3.625], "texture": "#0"},
				"up": {"uv": [9.5, 2, 7.625, 0], "texture": "#0"},
				"down": {"uv": [1.875, 7.75, 0, 9.75], "texture": "#0"}
			}
		},
		{
			"from": [14.0875, 1, 0.6625],
			"to": [30.0875, 32, 2.1625],
			"rotation": {"angle": -22.5, "axis": "y", "origin": [16.0375, 22.75, 0.875]},
			"faces": {
				"north": {"uv": [0, 0, 2, 3.875], "texture": "#0"},
				"east": {"uv": [6, 7.625, 6.125, 11.5], "texture": "#0"},
				"south": {"uv": [0, 0, 2, 3.875], "texture": "#0"},
				"west": {"uv": [5.875, 7.625, 6, 11.5], "texture": "#0"},
				"up": {"uv": [2, 9.75, 1.875, 7.75], "rotation": 270, "texture": "#0"},
				"down": {"uv": [2.125, 7.75, 2, 9.75], "rotation": 90, "texture": "#0"}
			}
		},
		{
			"from": [15.0875, 24.3, 0.6125],
			"to": [19.0875, 29.3, 0.6125],
			"rotation": {"angle": -22.5, "axis": "y", "origin": [16.0375, 22.75, 0.825]},
			"faces": {
				"north": {"uv": [15.5, 15.375, 16, 16], "texture": "#0"},
				"east": {"uv": [15.5, 15.375, 16, 16], "texture": "#0"},
				"south": {"uv": [15.5, 15.375, 16, 16], "texture": "#0"},
				"west": {"uv": [15.5, 15.375, 16, 16], "texture": "#0"},
				"up": {"uv": [15.5, 15.375, 16, 16], "rotation": 270, "texture": "#0"},
				"down": {"uv": [15.5, 15.375, 16, 16], "rotation": 90, "texture": "#0"}
			}
		},
		{
			"from": [21.0875, 24.7, 0.6125],
			"to": [25.0875, 29.7, 0.6125],
			"rotation": {"angle": -22.5, "axis": "y", "origin": [16.0375, 22.75, 0.825]},
			"faces": {
				"north": {"uv": [15.5, 0, 16, 0.625], "texture": "#0"},
				"east": {"uv": [15.5, 0, 16, 0.625], "texture": "#0"},
				"south": {"uv": [15.5, 0, 16, 0.625], "texture": "#0"},
				"west": {"uv": [15.5, 0, 16, 0.625], "texture": "#0"},
				"up": {"uv": [15.5, 0, 16, 0.625], "rotation": 270, "texture": "#0"},
				"down": {"uv": [15.5, 0, 16, 0.625], "rotation": 90, "texture": "#0"}
			}
		},
		{
			"from": [27.9875, 26, 0.5875],
			"to": [29.9875, 32, 0.5875],
			"rotation": {"angle": -22.5, "axis": "y", "origin": [16.0375, 22.75, 0.8]},
			"faces": {
				"north": {"uv": [0, 16, 0.25, 15.3125], "texture": "#0"},
				"east": {"uv": [0, 16, 0.25, 15.3125], "texture": "#0"},
				"south": {"uv": [0, 16, 0.25, 15.3125], "texture": "#0"},
				"west": {"uv": [0, 16, 0.25, 15.3125], "texture": "#0"},
				"up": {"uv": [0, 16, 0.25, 15.3125], "rotation": 270, "texture": "#0"},
				"down": {"uv": [0, 16, 0.25, 15.3125], "rotation": 90, "texture": "#0"}
			}
		},
		{
			"from": [16.6875, 19.4, 0.5125],
			"to": [20.3375, 22.475, 0.6625],
			"rotation": {"angle": -22.5, "axis": "y", "origin": [16.0375, 22.75, 0.875]},
			"faces": {
				"north": {"uv": [15.54375, 8.1875, 16, 8.57188], "texture": "#0"},
				"east": {"uv": [15.54375, 11.0625, 16, 11.38438], "texture": "#0"},
				"south": {"uv": [15.54375, 8.1875, 16, 8.50938], "texture": "#0"},
				"west": {"uv": [15.54375, 11, 16, 11.32188], "texture": "#0"},
				"up": {"uv": [15.54375, 11, 16, 11.32188], "rotation": 270, "texture": "#0"},
				"down": {"uv": [15.54375, 11, 16, 11.32188], "rotation": 90, "texture": "#0"}
			}
		},
		{
			"from": [26.0875, 15, -0.3375],
			"to": [28.0875, 24, 1.5625],
			"rotation": {"angle": -22.5, "axis": "y", "origin": [16.0375, 22.75, 0.875]},
			"faces": {
				"north": {"uv": [6.625, 7.625, 6.875, 8.75], "texture": "#0"},
				"east": {"uv": [6.875, 7.625, 7.125, 8.75], "texture": "#0"},
				"south": {"uv": [7.125, 7.625, 7.375, 8.75], "texture": "#0"},
				"west": {"uv": [7.625, 2, 7.875, 3.125], "texture": "#0"},
				"up": {"uv": [4.5, 8, 4.25, 7.75], "rotation": 270, "texture": "#0"},
				"down": {"uv": [4.75, 7.75, 4.5, 8], "rotation": 90, "texture": "#0"}
			}
		},
		{
			"from": [9.65, 26.85, 5.55],
			"to": [10.975, 29.85, 6.875],
			"rotation": {"angle": 0, "axis": "y", "origin": [10.24375, 26.85625, 6.1875]},
			"faces": {
				"north": {"uv": [4.1875, 12.1875, 4.35313, 12.5625], "texture": "#0"},
				"east": {"uv": [4.1875, 12.1875, 4.35313, 12.5625], "texture": "#0"},
				"south": {"uv": [4.1875, 12.1875, 4.35313, 12.5625], "texture": "#0"},
				"west": {"uv": [4.1875, 12.1875, 4.35313, 12.5625], "texture": "#0"},
				"up": {"uv": [4.1875, 12.1875, 4.35313, 12.5625], "texture": "#0"},
				"down": {"uv": [4.1875, 12.1875, 4.35313, 12.5625], "texture": "#0"}
			}
		},
		{
			"from": [9, 23, 5],
			"to": [11.35, 27.725, 7.325],
			"rotation": {"angle": 0, "axis": "y", "origin": [10.24375, 26.85625, 6.1875]},
			"faces": {
				"north": {"uv": [3.125, 11.9375, 3.41563, 12.52813], "texture": "#0"},
				"east": {"uv": [3.125, 11.9375, 3.41563, 12.52813], "texture": "#0"},
				"south": {"uv": [3.125, 11.9375, 3.41563, 12.52813], "texture": "#0"},
				"west": {"uv": [3.125, 11.9375, 3.41563, 12.52813], "texture": "#0"},
				"up": {"uv": [3.125, 11.9375, 3.41563, 12.52813], "texture": "#0"},
				"down": {"uv": [3.125, 11.9375, 3.41563, 12.52813], "texture": "#0"}
			}
		},
		{
			"from": [4.13317, 23, 11.02821],
			"to": [6.48317, 27.725, 13.35321],
			"rotation": {"angle": 45, "axis": "y", "origin": [6.24158, 26.85625, 10.67661]},
			"faces": {
				"north": {"uv": [12.125, 11.0625, 12.41875, 11.65313], "texture": "#0"},
				"east": {"uv": [12.125, 11.0625, 12.41875, 11.65313], "texture": "#0"},
				"south": {"uv": [12.125, 11.0625, 12.41875, 11.65313], "texture": "#0"},
				"west": {"uv": [12.125, 11.0625, 12.41875, 11.65313], "texture": "#0"},
				"up": {"uv": [12.125, 11.0625, 12.41875, 11.65313], "texture": "#0"},
				"down": {"uv": [12.125, 11.0625, 12.41875, 11.65313], "texture": "#0"}
			}
		},
		{
			"from": [4.50817, 26.85, 11.47821],
			"to": [5.83317, 29.85, 12.80321],
			"rotation": {"angle": 45, "axis": "y", "origin": [6.24158, 26.85625, 10.67661]},
			"faces": {
				"north": {"uv": [3.8125, 12.625, 3.97813, 13], "texture": "#0"},
				"east": {"uv": [3.8125, 12.625, 3.97813, 13], "texture": "#0"},
				"south": {"uv": [3.8125, 12.625, 3.97813, 13], "texture": "#0"},
				"west": {"uv": [3.8125, 12.625, 3.97813, 13], "texture": "#0"},
				"up": {"uv": [3.8125, 12.625, 3.97813, 13], "texture": "#0"},
				"down": {"uv": [3.8125, 12.625, 3.97813, 13], "texture": "#0"}
			}
		},
		{
			"from": [8.13317, 14, 11.02821],
			"to": [10.48317, 18.725, 13.35321],
			"rotation": {"angle": 45, "axis": "y", "origin": [10.24158, 17.85625, 10.67661]},
			"faces": {
				"north": {"uv": [12.125, 11.0625, 12.41875, 11.65313], "texture": "#0"},
				"east": {"uv": [12.125, 11.0625, 12.41875, 11.65313], "texture": "#0"},
				"south": {"uv": [12.125, 11.0625, 12.41875, 11.65313], "texture": "#0"},
				"west": {"uv": [12.125, 11.0625, 12.41875, 11.65313], "texture": "#0"},
				"up": {"uv": [12.125, 11.0625, 12.41875, 11.65313], "texture": "#0"},
				"down": {"uv": [12.125, 11.0625, 12.41875, 11.65313], "texture": "#0"}
			}
		},
		{
			"from": [8.50817, 17.85, 11.47821],
			"to": [9.83317, 20.85, 12.80321],
			"rotation": {"angle": 45, "axis": "y", "origin": [10.24158, 17.85625, 10.67661]},
			"faces": {
				"north": {"uv": [3.8125, 12.625, 3.97813, 13], "texture": "#0"},
				"east": {"uv": [3.8125, 12.625, 3.97813, 13], "texture": "#0"},
				"south": {"uv": [3.8125, 12.625, 3.97813, 13], "texture": "#0"},
				"west": {"uv": [3.8125, 12.625, 3.97813, 13], "texture": "#0"},
				"up": {"uv": [3.8125, 12.625, 3.97813, 13], "texture": "#0"},
				"down": {"uv": [3.8125, 12.625, 3.97813, 13], "texture": "#0"}
			}
		},
		{
			"from": [5.16876, 23, 3.64922],
			"to": [7.49376, 27.725, 5.99922],
			"rotation": {"angle": -45, "axis": "y", "origin": [6.33126, 25.3625, 4.82422]},
			"faces": {
				"north": {"uv": [12.375, 12.1875, 12.66563, 12.77813], "texture": "#0"},
				"east": {"uv": [12.375, 12.1875, 12.66563, 12.77813], "texture": "#0"},
				"south": {"uv": [12.375, 12.1875, 12.66563, 12.77813], "texture": "#0"},
				"west": {"uv": [12.375, 12.1875, 12.66563, 12.77813], "texture": "#0"},
				"up": {"uv": [12.375, 12.1875, 12.66563, 12.77813], "texture": "#0"},
				"down": {"uv": [12.375, 12.1875, 12.66563, 12.77813], "texture": "#0"}
			}
		},
		{
			"from": [5.54893, 26.85, 4.24567],
			"to": [6.87393, 29.85, 5.57067],
			"rotation": {"angle": -45, "axis": "y", "origin": [6.21143, 28.35, 4.90817]},
			"faces": {
				"north": {"uv": [13.25, 12.6875, 13.41563, 13.0625], "texture": "#0"},
				"east": {"uv": [13.25, 12.6875, 13.41563, 13.0625], "texture": "#0"},
				"south": {"uv": [13.25, 12.6875, 13.41563, 13.0625], "texture": "#0"},
				"west": {"uv": [13.25, 12.6875, 13.41563, 13.0625], "texture": "#0"},
				"up": {"uv": [13.25, 12.6875, 13.41563, 13.0625], "texture": "#0"},
				"down": {"uv": [13.25, 12.6875, 13.41563, 13.0625], "texture": "#0"}
			}
		},
		{
			"from": [10.59605, 23, 2.29953],
			"to": [12.94605, 27.725, 4.62453],
			"rotation": {"angle": -22.5, "axis": "y", "origin": [11.77105, 25.3625, 3.46203]},
			"faces": {
				"north": {"uv": [12.25, 3.625, 12.54063, 4.21563], "texture": "#0"},
				"east": {"uv": [12.25, 3.625, 12.54063, 4.21563], "texture": "#0"},
				"south": {"uv": [12.25, 3.625, 12.54063, 4.21563], "texture": "#0"},
				"west": {"uv": [12.25, 3.625, 12.54063, 4.21563], "texture": "#0"},
				"up": {"uv": [12.25, 3.625, 12.54063, 4.21563], "texture": "#0"},
				"down": {"uv": [12.25, 3.625, 12.54063, 4.21563], "texture": "#0"}
			}
		},
		{
			"from": [10.59605, 1, 2.29953],
			"to": [12.94605, 5.725, 4.62453],
			"rotation": {"angle": -22.5, "axis": "y", "origin": [11.77105, 3.3625, 3.46203]},
			"faces": {
				"north": {"uv": [12.25, 3.625, 12.54063, 4.21563], "texture": "#0"},
				"east": {"uv": [12.25, 3.625, 12.54063, 4.21563], "texture": "#0"},
				"south": {"uv": [12.25, 3.625, 12.54063, 4.21563], "texture": "#0"},
				"west": {"uv": [12.25, 3.625, 12.54063, 4.21563], "texture": "#0"},
				"up": {"uv": [12.25, 3.625, 12.54063, 4.21563], "texture": "#0"},
				"down": {"uv": [12.25, 3.625, 12.54063, 4.21563], "texture": "#0"}
			}
		},
		{
			"from": [11.22465, 26.85, 2.88856],
			"to": [12.54965, 29.85, 4.21356],
			"rotation": {"angle": -22.5, "axis": "y", "origin": [11.88715, 28.35, 3.55106]},
			"faces": {
				"north": {"uv": [11.8125, 1, 11.97813, 1.375], "texture": "#0"},
				"east": {"uv": [11.8125, 1, 11.97813, 1.375], "texture": "#0"},
				"south": {"uv": [11.8125, 1, 11.97813, 1.375], "texture": "#0"},
				"west": {"uv": [11.8125, 1, 11.97813, 1.375], "texture": "#0"},
				"up": {"uv": [11.8125, 1, 11.97813, 1.375], "texture": "#0"},
				"down": {"uv": [11.8125, 1, 11.97813, 1.375], "texture": "#0"}
			}
		},
		{
			"from": [11.22465, 4.85, 2.88856],
			"to": [12.54965, 7.85, 4.21356],
			"rotation": {"angle": -22.5, "axis": "y", "origin": [11.88715, 6.35, 3.55106]},
			"faces": {
				"north": {"uv": [11.8125, 1, 11.97813, 1.375], "texture": "#0"},
				"east": {"uv": [11.8125, 1, 11.97813, 1.375], "texture": "#0"},
				"south": {"uv": [11.8125, 1, 11.97813, 1.375], "texture": "#0"},
				"west": {"uv": [11.8125, 1, 11.97813, 1.375], "texture": "#0"},
				"up": {"uv": [11.8125, 1, 11.97813, 1.375], "texture": "#0"},
				"down": {"uv": [11.8125, 1, 11.97813, 1.375], "texture": "#0"}
			}
		},
		{
			"from": [10, 23, 8],
			"to": [12, 25, 10],
			"rotation": {"angle": 0, "axis": "y", "origin": [10, 23, 8]},
			"faces": {
				"north": {"uv": [15.75, 7.125, 16, 7.375], "texture": "#0"},
				"east": {"uv": [15.75, 7.125, 16, 7.375], "texture": "#0"},
				"south": {"uv": [15.75, 7.125, 16, 7.375], "texture": "#0"},
				"west": {"uv": [15.75, 7.125, 16, 7.375], "texture": "#0"},
				"up": {"uv": [15.75, 7.125, 16, 7.375], "texture": "#0"},
				"down": {"uv": [15.75, 7.125, 16, 7.375], "texture": "#0"}
			}
		},
		{
			"from": [11.22658, 14.8, 9.46354],
			"to": [13.02658, 17.3, 9.46354],
			"rotation": {"angle": -22.5, "axis": "y", "origin": [12.35584, 15.525, 11.15643]},
			"faces": {
				"north": {"uv": [11, 15.6875, 11.225, 16], "texture": "#0"},
				"east": {"uv": [11, 15.6875, 11.225, 16], "texture": "#0"},
				"south": {"uv": [11, 15.6875, 11.225, 16], "texture": "#0"},
				"west": {"uv": [11, 15.6875, 11.225, 16], "texture": "#0"},
				"up": {"uv": [11, 15.6875, 11.225, 16], "rotation": 90, "texture": "#0"},
				"down": {"uv": [11, 15.6875, 11.225, 16], "rotation": 270, "texture": "#0"}
			}
		},
		{
			"from": [7.25235, 14.8, 8.26889],
			"to": [9.05235, 17.3, 8.26889],
			"rotation": {"angle": 45, "axis": "y", "origin": [9.35584, 15.525, 7.15643]},
			"faces": {
				"north": {"uv": [3.1875, 15.6875, 3.4125, 16], "texture": "#0"},
				"east": {"uv": [3.1875, 15.6875, 3.4125, 16], "texture": "#0"},
				"south": {"uv": [3.1875, 15.6875, 3.4125, 16], "texture": "#0"},
				"west": {"uv": [3.1875, 15.6875, 3.4125, 16], "texture": "#0"},
				"up": {"uv": [3.1875, 15.6875, 3.4125, 16], "rotation": 90, "texture": "#0"},
				"down": {"uv": [3.1875, 15.6875, 3.4125, 16], "rotation": 270, "texture": "#0"}
			}
		},
		{
			"from": [7.15235, 14, 7.36889],
			"to": [9.15235, 16, 9.36889],
			"rotation": {"angle": 45, "axis": "y", "origin": [9.35584, 15.525, 7.15643]},
			"faces": {
				"north": {"uv": [7.75, 15.75, 8, 16], "texture": "#0"},
				"east": {"uv": [7.75, 15.75, 8, 16], "texture": "#0"},
				"south": {"uv": [7.75, 15.75, 8, 16], "texture": "#0"},
				"west": {"uv": [7.75, 15.75, 8, 16], "texture": "#0"},
				"up": {"uv": [7.75, 15.75, 8, 16], "rotation": 90, "texture": "#0"},
				"down": {"uv": [7.75, 15.75, 8, 16], "rotation": 270, "texture": "#0"}
			}
		},
		{
			"from": [8.15235, 14.8, 7.36889],
			"to": [8.15235, 17.3, 9.16889],
			"rotation": {"angle": 45, "axis": "y", "origin": [9.35584, 15.525, 7.15643]},
			"faces": {
				"north": {"uv": [3.1875, 15.6875, 3.4125, 16], "texture": "#0"},
				"east": {"uv": [3.1875, 15.6875, 3.4125, 16], "texture": "#0"},
				"south": {"uv": [3.1875, 15.6875, 3.4125, 16], "texture": "#0"},
				"west": {"uv": [3.1875, 15.6875, 3.4125, 16], "texture": "#0"},
				"up": {"uv": [3.1875, 15.6875, 3.4125, 16], "rotation": 180, "texture": "#0"},
				"down": {"uv": [3.1875, 15.6875, 3.4125, 16], "rotation": 180, "texture": "#0"}
			}
		},
		{
			"from": [12.275, 14.8, 8.55],
			"to": [12.275, 17.3, 10.35],
			"rotation": {"angle": -22.5, "axis": "y", "origin": [12.35584, 15.525, 11.15643]},
			"faces": {
				"north": {"uv": [11, 15.6875, 11.225, 16], "texture": "#0"},
				"east": {"uv": [11, 15.6875, 11.225, 16], "texture": "#0"},
				"south": {"uv": [11, 15.6875, 11.225, 16], "texture": "#0"},
				"west": {"uv": [11, 15.6875, 11.225, 16], "texture": "#0"},
				"up": {"uv": [11, 15.6875, 11.225, 16], "texture": "#0"},
				"down": {"uv": [11, 15.6875, 11.225, 16], "texture": "#0"}
			}
		},
		{
			"from": [11.375, 14, 8.45],
			"to": [13.375, 16, 10.45],
			"rotation": {"angle": -22.5, "axis": "y", "origin": [12.35584, 15.525, 11.15643]},
			"faces": {
				"north": {"uv": [15.75, 7.125, 16, 7.375], "texture": "#0"},
				"east": {"uv": [15.75, 7.125, 16, 7.375], "texture": "#0"},
				"south": {"uv": [15.75, 7.125, 16, 7.375], "texture": "#0"},
				"west": {"uv": [15.75, 7.125, 16, 7.375], "texture": "#0"},
				"up": {"uv": [15.75, 7.125, 16, 7.375], "texture": "#0"},
				"down": {"uv": [15.75, 7.125, 16, 7.375], "texture": "#0"}
			}
		},
		{
			"from": [11.9, 23.8, 11.1],
			"to": [11.9, 26.3, 12.9],
			"rotation": {"angle": -45, "axis": "y", "origin": [11, 23.8, 11]},
			"faces": {
				"north": {"uv": [3.1875, 15.6875, 3.4125, 16], "texture": "#0"},
				"east": {"uv": [3.1875, 15.6875, 3.4125, 16], "texture": "#0"},
				"south": {"uv": [3.1875, 15.6875, 3.4125, 16], "texture": "#0"},
				"west": {"uv": [3.1875, 15.6875, 3.4125, 16], "texture": "#0"},
				"up": {"uv": [3.1875, 15.6875, 3.4125, 16], "texture": "#0"},
				"down": {"uv": [3.1875, 15.6875, 3.4125, 16], "texture": "#0"}
			}
		},
		{
			"from": [10.08796, 23.8, 12.34531],
			"to": [11.88796, 26.3, 12.34531],
			"rotation": {"angle": -45, "axis": "y", "origin": [10.98796, 25.05, 12.34531]},
			"faces": {
				"north": {"uv": [3.1875, 15.6875, 3.4125, 16], "texture": "#0"},
				"east": {"uv": [3.1875, 15.6875, 3.4125, 16], "texture": "#0"},
				"south": {"uv": [3.1875, 15.6875, 3.4125, 16], "texture": "#0"},
				"west": {"uv": [3.1875, 15.6875, 3.4125, 16], "texture": "#0"},
				"up": {"uv": [3.1875, 15.6875, 3.4125, 16], "rotation": 90, "texture": "#0"},
				"down": {"uv": [3.1875, 15.6875, 3.4125, 16], "rotation": 270, "texture": "#0"}
			}
		},
		{
			"from": [11, 23, 11],
			"to": [13, 25, 13],
			"rotation": {"angle": -45, "axis": "y", "origin": [11, 23, 11]},
			"faces": {
				"north": {"uv": [7.75, 15.75, 8, 16], "texture": "#0"},
				"east": {"uv": [7.75, 15.75, 8, 16], "texture": "#0"},
				"south": {"uv": [7.75, 15.75, 8, 16], "texture": "#0"},
				"west": {"uv": [7.75, 15.75, 8, 16], "texture": "#0"},
				"up": {"uv": [7.75, 15.75, 8, 16], "texture": "#0"},
				"down": {"uv": [7.75, 15.75, 8, 16], "texture": "#0"}
			}
		},
		{
			"from": [10.9, 23.8, 8.1],
			"to": [10.9, 26.3, 9.9],
			"rotation": {"angle": 0, "axis": "y", "origin": [10, 23.8, 8]},
			"faces": {
				"north": {"uv": [11, 15.6875, 11.225, 16], "texture": "#0"},
				"east": {"uv": [11, 15.6875, 11.225, 16], "texture": "#0"},
				"south": {"uv": [11, 15.6875, 11.225, 16], "texture": "#0"},
				"west": {"uv": [11, 15.6875, 11.225, 16], "texture": "#0"},
				"up": {"uv": [11, 15.6875, 11.225, 16], "texture": "#0"},
				"down": {"uv": [11, 15.6875, 11.225, 16], "texture": "#0"}
			}
		},
		{
			"from": [10, 23.8, 9],
			"to": [11.8, 26.3, 9],
			"rotation": {"angle": 0, "axis": "y", "origin": [10.9, 25.05, 9]},
			"faces": {
				"north": {"uv": [11, 15.6875, 11.225, 16], "texture": "#0"},
				"east": {"uv": [11, 15.6875, 11.225, 16], "texture": "#0"},
				"south": {"uv": [11, 15.6875, 11.225, 16], "texture": "#0"},
				"west": {"uv": [11, 15.6875, 11.225, 16], "texture": "#0"},
				"up": {"uv": [11, 15.6875, 11.225, 16], "rotation": 90, "texture": "#0"},
				"down": {"uv": [11, 15.6875, 11.225, 16], "rotation": 270, "texture": "#0"}
			}
		},
		{
			"from": [5, 14, 3],
			"to": [13, 15.5, 4.6],
			"rotation": {"angle": 0, "axis": "y", "origin": [6, 14, 3]},
			"faces": {
				"north": {"uv": [9.5625, 13.25, 10.5625, 13.4375], "texture": "#0"},
				"east": {"uv": [9.5625, 13.25, 9.7625, 13.4375], "texture": "#0"},
				"south": {"uv": [9.5625, 13.25, 10.5625, 13.4375], "texture": "#0"},
				"west": {"uv": [9.5625, 13.25, 10.5625, 13.4375], "texture": "#0"},
				"up": {"uv": [9.5625, 13.25, 10.5625, 13.4375], "texture": "#0"},
				"down": {"uv": [9.5625, 13.25, 10.5625, 13.4375], "texture": "#0"}
			}
		},
		{
			"from": [5.2, 14, 4.9],
			"to": [13.2, 15.5, 6.5],
			"rotation": {"angle": 0, "axis": "y", "origin": [9.2, 14.75, 5.7]},
			"faces": {
				"north": {"uv": [7.0625, 12.9375, 8.0625, 13.125], "texture": "#0"},
				"east": {"uv": [7.0625, 12.9375, 7.2625, 13.125], "texture": "#0"},
				"south": {"uv": [7.0625, 12.9375, 8.0625, 13.125], "texture": "#0"},
				"west": {"uv": [7.0625, 12.9375, 7.2625, 13.125], "texture": "#0"},
				"up": {"uv": [7.0625, 11.4375, 7.2625, 12.4375], "rotation": 90, "texture": "#0"},
				"down": {"uv": [7.0625, 12.9375, 8.0625, 13.125], "rotation": 270, "texture": "#0"}
			}
		},
		{
			"from": [4.825, 15.55, 3.975],
			"to": [12.825, 17.05, 5.575],
			"rotation": {"angle": 0, "axis": "y", "origin": [8.825, 16.3, 4.775]},
			"faces": {
				"north": {"uv": [7.0625, 12.9375, 8.0625, 13.125], "texture": "#0"},
				"east": {"uv": [7.0625, 12.9375, 7.2625, 13.125], "texture": "#0"},
				"south": {"uv": [7.0625, 12.9375, 8.0625, 13.125], "texture": "#0"},
				"west": {"uv": [7.0625, 12.9375, 7.2625, 13.125], "texture": "#0"},
				"up": {"uv": [7.0625, 11.4375, 7.2625, 12.4375], "rotation": 90, "texture": "#0"},
				"down": {"uv": [7.0625, 12.9375, 8.0625, 13.125], "rotation": 270, "texture": "#0"}
			}
		},
		{
			"from": [5, 1, 6],
			"to": [14, 8, 14],
			"rotation": {"angle": 0, "axis": "y", "origin": [5, 1, 6]},
			"faces": {
				"north": {"uv": [0, 12.4375, 1, 13.3125], "texture": "#0"},
				"east": {"uv": [1.8125, 13.1875, 2.8125, 14.0625], "texture": "#0"},
				"south": {"uv": [2.875, 14.0625, 1.75, 13.1875], "texture": "#0"},
				"west": {"uv": [0, 12.4375, 1, 13.3125], "texture": "#0"},
				"up": {"uv": [0, 12.4375, 1, 13.3125], "texture": "#0"},
				"down": {"uv": [0, 12.4375, 1, 13.3125], "texture": "#0"}
			}
		}
	],
	"display": {
		"fixed": {
			"rotation": [-90, 0, 0],
			"translation": [0, 0, -16],
			"scale": [2, 2, 2]
		}
	},
	"groups": [
		{
			"name": "base",
			"origin": [0, 0, 0],
			"color": 0,
			"children": [0, 1, 2, 3, 4, 5, 6]
		},
		{
			"name": "dver",
			"origin": [16, 27.3, 1],
			"color": 0,
			"children": [7, 8, 9, 10, 11, 12]
		},
		{
			"name": "group",
			"origin": [0, 0, 0],
			"color": 0,
			"children": [
				{
					"name": "group",
					"origin": [0, 0, 0],
					"color": 0,
					"children": [13, 14]
				},
				{
					"name": "group",
					"origin": [0, 0, 0],
					"color": 0,
					"children": [
						15,
						16,
						{
							"name": "group",
							"origin": [0, 0, 0],
							"color": 0,
							"children": [17, 18]
						}
					]
				},
				{
					"name": "group",
					"origin": [0, 0, 0],
					"color": 0,
					"children": [19, 20]
				},
				21,
				22,
				23,
				24,
				25,
				26,
				27,
				28,
				29,
				30,
				31,
				32,
				33,
				34,
				35,
				36
			]
		},
		37,
		38,
		39,
		40
	]
}