{
	"format_version": "1.21.4",
	"credit": "Made with Blockbench",
	"texture_size": [128, 128],
	"textures": {
		"0": "item/frizer",
		"particle": "item/frizer"
	},
	"elements": [
		{
			"from": [0, 0, 0],
			"to": [15, 31, 1],
			"faces": {
				"north": {"uv": [0, 3.875, 1.875, 7.75], "texture": "#0"},
				"east": {"uv": [5.625, 7.625, 5.75, 11.5], "texture": "#0"},
				"south": {"uv": [1.875, 3.875, 3.75, 7.75], "texture": "#0"},
				"west": {"uv": [5.75, 7.625, 5.875, 11.5], "texture": "#0"},
				"up": {"uv": [9.5, 3.75, 7.625, 3.625], "texture": "#0"},
				"down": {"uv": [4, 7.75, 2.125, 7.875], "texture": "#0"}
			}
		},
		{
			"from": [0, 0, 1],
			"to": [15, 1, 16],
			"faces": {
				"north": {"uv": [7.375, 7.75, 9.25, 7.875], "texture": "#0"},
				"east": {"uv": [7.625, 3.125, 9.625, 3.25], "texture": "#0"},
				"south": {"uv": [7.875, 2, 9.75, 2.125], "texture": "#0"},
				"west": {"uv": [7.625, 3.25, 9.625, 3.375], "texture": "#0"},
				"up": {"uv": [9.25, 5.75, 7.375, 3.75], "texture": "#0"},
				"down": {"uv": [9.25, 5.75, 7.375, 7.75], "texture": "#0"}
			}
		},
		{
			"from": [0, 1, 1],
			"to": [1, 31, 15],
			"faces": {
				"north": {"uv": [6.375, 7.625, 6.5, 11.375], "texture": "#0"},
				"east": {"uv": [5.625, 3.875, 7.375, 7.625], "texture": "#0"},
				"south": {"uv": [6.5, 7.625, 6.625, 11.375], "texture": "#0"},
				"west": {"uv": [5.875, 0, 7.625, 3.75], "texture": "#0"},
				"up": {"uv": [4.125, 9.5, 4, 7.75], "texture": "#0"},
				"down": {"uv": [4.25, 7.75, 4.125, 9.5], "texture": "#0"}
			}
		},
		{
			"from": [0, 1, 15],
			"to": [15, 31, 16],
			"rotation": {"angle": 0, "axis": "y", "origin": [0, 0, -1]},
			"faces": {
				"north": {"uv": [3.75, 3.875, 5.625, 7.75], "texture": "#0"},
				"east": {"uv": [6.125, 7.625, 6.25, 11.5], "texture": "#0"},
				"south": {"uv": [4, 0, 5.875, 3.875], "texture": "#0"},
				"west": {"uv": [6.25, 7.625, 6.375, 11.5], "texture": "#0"},
				"up": {"uv": [4, 8, 2.125, 7.875], "texture": "#0"},
				"down": {"uv": [9.75, 2.125, 7.875, 2.25], "texture": "#0"}
			}
		},
		{
			"from": [0, 31, 0],
			"to": [15, 32, 16],
			"faces": {
				"north": {"uv": [7.875, 2.25, 9.75, 2.375], "texture": "#0"},
				"east": {"uv": [7.625, 3.375, 9.625, 3.5], "texture": "#0"},
				"south": {"uv": [7.875, 2.375, 9.75, 2.5], "texture": "#0"},
				"west": {"uv": [7.625, 3.5, 9.625, 3.625], "texture": "#0"},
				"up": {"uv": [9.5, 2, 7.625, 0], "texture": "#0"},
				"down": {"uv": [1.875, 7.75, 0, 9.75], "texture": "#0"}
			}
		},
		{
			"from": [15, 1, 0],
			"to": [16, 32, 16],
			"rotation": {"angle": 0, "axis": "y", "origin": [15.7875, 22.75, 8.95]},
			"faces": {
				"north": {"uv": [5.875, 7.625, 6, 11.5], "texture": "#0"},
				"east": {"uv": [0, 0, 2, 3.875], "texture": "#0"},
				"south": {"uv": [6, 7.625, 6.125, 11.5], "texture": "#0"},
				"west": {"uv": [2, 0, 4, 3.875], "texture": "#0"},
				"up": {"uv": [2, 9.75, 1.875, 7.75], "texture": "#0"},
				"down": {"uv": [2.125, 7.75, 2, 9.75], "texture": "#0"}
			}
		},
		{
			"from": [16.05, 24.3, 1],
			"to": [16.05, 29.3, 5],
			"rotation": {"angle": 0, "axis": "y", "origin": [15.8375, 22.75, 8.95]},
			"faces": {
				"north": {"uv": [15.5, 15.375, 16, 16], "texture": "#0"},
				"east": {"uv": [15.5, 15.375, 16, 16], "texture": "#0"},
				"south": {"uv": [15.5, 15.375, 16, 16], "texture": "#0"},
				"west": {"uv": [15.5, 15.375, 16, 16], "texture": "#0"},
				"up": {"uv": [15.5, 15.375, 16, 16], "texture": "#0"},
				"down": {"uv": [15.5, 15.375, 16, 16], "texture": "#0"}
			}
		},
		{
			"from": [16.05, 24.7, 7],
			"to": [16.05, 29.7, 11],
			"rotation": {"angle": 0, "axis": "y", "origin": [15.8375, 22.75, 8.95]},
			"faces": {
				"north": {"uv": [15.5, 0, 16, 0.625], "texture": "#0"},
				"east": {"uv": [15.5, 0, 16, 0.625], "texture": "#0"},
				"south": {"uv": [15.5, 0, 16, 0.625], "texture": "#0"},
				"west": {"uv": [15.5, 0, 16, 0.625], "texture": "#0"},
				"up": {"uv": [15.5, 0, 16, 0.625], "texture": "#0"},
				"down": {"uv": [15.5, 0, 16, 0.625], "texture": "#0"}
			}
		},
		{
			"from": [16.05, 26, 13.9],
			"to": [16.05, 32, 15.9],
			"rotation": {"angle": 0, "axis": "y", "origin": [15.8375, 22.75, 8.95]},
			"faces": {
				"north": {"uv": [0, 16, 0.25, 15.3125], "texture": "#0"},
				"east": {"uv": [0, 16, 0.25, 15.3125], "texture": "#0"},
				"south": {"uv": [0, 16, 0.25, 15.3125], "texture": "#0"},
				"west": {"uv": [0, 16, 0.25, 15.3125], "texture": "#0"},
				"up": {"uv": [0, 16, 0.25, 15.3125], "texture": "#0"},
				"down": {"uv": [0, 16, 0.25, 15.3125], "texture": "#0"}
			}
		},
		{
			"from": [16, 19.4, 2.6],
			"to": [16.15, 22.475, 6.25],
			"rotation": {"angle": 0, "axis": "y", "origin": [15.7875, 22.75, 8.95]},
			"faces": {
				"north": {"uv": [15.54375, 11, 16, 11.32188], "texture": "#0"},
				"east": {"uv": [15.54375, 8.1875, 16, 8.57188], "texture": "#0"},
				"south": {"uv": [15.54375, 11.0625, 16, 11.38438], "texture": "#0"},
				"west": {"uv": [15.54375, 8.1875, 16, 8.50938], "texture": "#0"},
				"up": {"uv": [15.54375, 11, 16, 11.32188], "texture": "#0"},
				"down": {"uv": [15.54375, 11, 16, 11.32188], "texture": "#0"}
			}
		},
		{
			"from": [15, 15, 12],
			"to": [17, 24, 14],
			"rotation": {"angle": 0, "axis": "y", "origin": [15.7875, 22.75, 8.95]},
			"faces": {
				"north": {"uv": [7.625, 2, 7.875, 3.125], "texture": "#0"},
				"east": {"uv": [6.625, 7.625, 6.875, 8.75], "texture": "#0"},
				"south": {"uv": [6.875, 7.625, 7.125, 8.75], "texture": "#0"},
				"west": {"uv": [7.125, 7.625, 7.375, 8.75], "texture": "#0"},
				"up": {"uv": [4.5, 8, 4.25, 7.75], "texture": "#0"},
				"down": {"uv": [4.75, 7.75, 4.5, 8], "texture": "#0"}
			}
		}
	],
	"display": {
		"fixed": {
			"rotation": [-90, 0, 0],
			"translation": [0, 0, -16],
			"scale": [2, 2, 2]
		}
	},
	"groups": [
		{
			"name": "base",
			"origin": [0, 0, 0],
			"color": 0,
			"children": [0, 1, 2, 3, 4]
		},
		{
			"name": "dver",
			"origin": [16, 27.3, 1],
			"color": 0,
			"children": [5, 6, 7, 8, 9, 10]
		}
	]
}