{
	"format_version": "1.21.6",
	"credit": "Made with Blockbench",
	"texture_size": [64, 64],
	"textures": {
		"2": "block/custom/kamen",
		"3": "block/custom/mramor",
		"4": "block/custom/wood"
	},
	"elements": [
		{
			"from": [0, 0, 14],
			"to": [2, 1, 16],
			"rotation": {"angle": 0, "axis": "y", "origin": [0, 0, 14]},
			"faces": {
				"north": {"uv": [11.25, 8, 13.25, 10], "texture": "#4"},
				"east": {"uv": [11.25, 8, 13.25, 10], "texture": "#4"},
				"south": {"uv": [11.25, 8, 13.25, 10], "texture": "#4"},
				"west": {"uv": [11.25, 8, 13.25, 10], "texture": "#4"},
				"up": {"uv": [11.25, 8, 13.25, 10], "texture": "#4"},
				"down": {"uv": [11.25, 8, 13.25, 10], "texture": "#4"}
			}
		},
		{
			"from": [14, 0, 14],
			"to": [16, 1, 16],
			"rotation": {"angle": 0, "axis": "y", "origin": [14, 0, 14]},
			"faces": {
				"north": {"uv": [11.25, 8, 13.25, 10], "texture": "#4"},
				"east": {"uv": [11.25, 8, 13.25, 10], "texture": "#4"},
				"south": {"uv": [11.25, 8, 13.25, 10], "texture": "#4"},
				"west": {"uv": [11.25, 8, 13.25, 10], "texture": "#4"},
				"up": {"uv": [11.25, 8, 13.25, 10], "texture": "#4"},
				"down": {"uv": [11.25, 8, 13.25, 10], "texture": "#4"}
			}
		},
		{
			"from": [14, 0, 0],
			"to": [16, 1, 2],
			"rotation": {"angle": 0, "axis": "y", "origin": [14, 0, 0]},
			"faces": {
				"north": {"uv": [11.25, 8, 13.25, 10], "texture": "#4"},
				"east": {"uv": [11.25, 8, 13.25, 10], "texture": "#4"},
				"south": {"uv": [11.25, 8, 13.25, 10], "texture": "#4"},
				"west": {"uv": [11.25, 8, 13.25, 10], "texture": "#4"},
				"up": {"uv": [11.25, 8, 13.25, 10], "texture": "#4"},
				"down": {"uv": [11.25, 8, 13.25, 10], "texture": "#4"}
			}
		},
		{
			"from": [0, 0, 0],
			"to": [2, 1, 2],
			"faces": {
				"north": {"uv": [11.25, 8, 13.25, 10], "texture": "#4"},
				"east": {"uv": [11.25, 8, 13.25, 10], "texture": "#4"},
				"south": {"uv": [11.25, 8, 13.25, 10], "texture": "#4"},
				"west": {"uv": [11.25, 8, 13.25, 10], "texture": "#4"},
				"up": {"uv": [11.25, 8, 13.25, 10], "texture": "#4"},
				"down": {"uv": [11.25, 8, 13.25, 10], "texture": "#4"}
			}
		},
		{
			"from": [0, 1, 0],
			"to": [16, 16, 16],
			"rotation": {"angle": 0, "axis": "y", "origin": [0, 1, 0]},
			"faces": {
				"north": {"uv": [0, 15, 16, 0], "texture": "#3"},
				"east": {"uv": [0, 1, 16, 16], "texture": "#3"},
				"south": {"uv": [16, 1, 0, 16], "texture": "#3"},
				"west": {"uv": [0, 1, 16, 16], "texture": "#3"},
				"up": {"uv": [14.75, 14.75, 0, 0], "texture": "#2"},
				"down": {"uv": [16, 0, 0, 16], "texture": "#3"}
			}
		},
		{
			"from": [0, 16, 0],
			"to": [16, 16, 16],
			"rotation": {"angle": 0, "axis": "y", "origin": [0, 1, 0]},
			"faces": {
				"north": {"uv": [0, 15, 16, 15], "texture": "#3"},
				"east": {"uv": [0, 1, 16, 1], "texture": "#3"},
				"south": {"uv": [16, 1, 0, 1], "texture": "#3"},
				"west": {"uv": [0, 1, 16, 1], "texture": "#3"},
				"up": {"uv": [14.75, 14.75, 0, 0], "texture": "#2"},
				"down": {"uv": [16, 0, 0, 16], "texture": "#3"}
			}
		},
		{
			"from": [0, 16, 0],
			"to": [16, 17, 16],
			"rotation": {"angle": 0, "axis": "y", "origin": [0, 1, 0]},
			"faces": {
				"north": {"uv": [16, 0, 0, 1], "texture": "#2"},
				"east": {"uv": [16, 0, 0, 1], "texture": "#2"},
				"south": {"uv": [16, 0, 0, 1], "texture": "#2"},
				"west": {"uv": [16, 0, 0, 1], "texture": "#2"},
				"up": {"uv": [14.75, 0, 0, 14.75], "texture": "#2"},
				"down": {"uv": [16, 0, 0, 1], "texture": "#2"}
			}
		}
	],
	"display": {
		"fixed": {
			"rotation": [-90, 0, 0],
			"translation": [0, 0, -16],
			"scale": [2, 2, 2]
		}
	},
	"groups": [
		{
			"name": "group",
			"origin": [14, 0, 14],
			"color": 0,
			"children": [0, 1, 2, 3]
		},
		4,
		5,
		6,
		{
			"name": "group",
			"origin": [-1, 3, 1],
			"color": 0,
			"children": [
				{
					"name": "group",
					"origin": [-2.175, 14.5, 6.25],
					"color": 0,
					"children": []
				},
				{
					"name": "group",
					"origin": [-2.175, 9, 6.25],
					"color": 0,
					"children": []
				}
			]
		}
	]
}