{
	"format_version": "1.21.6",
	"credit": "Made with Blockbench",
	"texture_size": [64, 64],
	"textures": {
		"2": "block/custom/kamen",
		"3": "block/custom/mramor",
		"4": "block/custom/wood"
	},
	"elements": [
		{
			"from": [13.95, 0, 0],
			"to": [15.95, 1, 2],
			"rotation": {"angle": 0, "axis": "y", "origin": [8.85, 8.5, 8]},
			"faces": {
				"north": {"uv": [11.25, 8, 13.25, 10], "texture": "#4"},
				"east": {"uv": [11.25, 8, 13.25, 10], "texture": "#4"},
				"south": {"uv": [11.25, 8, 13.25, 10], "texture": "#4"},
				"west": {"uv": [11.25, 8, 13.25, 10], "texture": "#4"},
				"up": {"uv": [11.25, 8, 13.25, 10], "rotation": 180, "texture": "#4"},
				"down": {"uv": [11.25, 8, 13.25, 10], "rotation": 180, "texture": "#4"}
			}
		},
		{
			"from": [-0.05, 0, 0],
			"to": [1.95, 1, 2],
			"rotation": {"angle": 0, "axis": "y", "origin": [8.85, 8.5, 8]},
			"faces": {
				"north": {"uv": [11.25, 8, 13.25, 10], "texture": "#4"},
				"east": {"uv": [11.25, 8, 13.25, 10], "texture": "#4"},
				"south": {"uv": [11.25, 8, 13.25, 10], "texture": "#4"},
				"west": {"uv": [11.25, 8, 13.25, 10], "texture": "#4"},
				"up": {"uv": [11.25, 8, 13.25, 10], "rotation": 180, "texture": "#4"},
				"down": {"uv": [11.25, 8, 13.25, 10], "rotation": 180, "texture": "#4"}
			}
		},
		{
			"from": [-0.05, 0, 14],
			"to": [1.95, 1, 16],
			"rotation": {"angle": 0, "axis": "y", "origin": [8.85, 8.5, 8]},
			"faces": {
				"north": {"uv": [11.25, 8, 13.25, 10], "texture": "#4"},
				"east": {"uv": [11.25, 8, 13.25, 10], "texture": "#4"},
				"south": {"uv": [11.25, 8, 13.25, 10], "texture": "#4"},
				"west": {"uv": [11.25, 8, 13.25, 10], "texture": "#4"},
				"up": {"uv": [11.25, 8, 13.25, 10], "rotation": 180, "texture": "#4"},
				"down": {"uv": [11.25, 8, 13.25, 10], "rotation": 180, "texture": "#4"}
			}
		},
		{
			"from": [13.95, 0, 14],
			"to": [15.95, 1, 16],
			"rotation": {"angle": 0, "axis": "y", "origin": [8.85, 8.5, 8]},
			"faces": {
				"north": {"uv": [11.25, 8, 13.25, 10], "texture": "#4"},
				"east": {"uv": [11.25, 8, 13.25, 10], "texture": "#4"},
				"south": {"uv": [11.25, 8, 13.25, 10], "texture": "#4"},
				"west": {"uv": [11.25, 8, 13.25, 10], "texture": "#4"},
				"up": {"uv": [11.25, 8, 13.25, 10], "rotation": 180, "texture": "#4"},
				"down": {"uv": [11.25, 8, 13.25, 10], "rotation": 180, "texture": "#4"}
			}
		},
		{
			"from": [-0.05, 1, 0],
			"to": [15.95, 16, 16],
			"rotation": {"angle": 0, "axis": "y", "origin": [8.85, 8.5, 8]},
			"faces": {
				"north": {"uv": [16, 1, 0, 16], "texture": "#3"},
				"east": {"uv": [0, 1, 16, 16], "texture": "#3"},
				"south": {"uv": [0, 15, 16, 0], "texture": "#3"},
				"west": {"uv": [0, 1, 16, 16], "texture": "#3"},
				"up": {"uv": [14.75, 14.75, 0, 0], "rotation": 180, "texture": "#2"},
				"down": {"uv": [16, 0, 0, 16], "rotation": 180, "texture": "#3"}
			}
		},
		{
			"from": [-0.05, 16, 0],
			"to": [15.95, 16, 16],
			"rotation": {"angle": 0, "axis": "y", "origin": [8.85, 8.5, 8]},
			"faces": {
				"north": {"uv": [16, 1, 0, 1], "texture": "#3"},
				"east": {"uv": [0, 1, 16, 1], "texture": "#3"},
				"south": {"uv": [0, 15, 16, 15], "texture": "#3"},
				"west": {"uv": [0, 1, 16, 1], "texture": "#3"},
				"up": {"uv": [14.75, 14.75, 0, 0], "rotation": 180, "texture": "#2"},
				"down": {"uv": [16, 0, 0, 16], "rotation": 180, "texture": "#3"}
			}
		},
		{
			"from": [-0.05, 16, 0],
			"to": [15.95, 17, 16],
			"rotation": {"angle": 0, "axis": "y", "origin": [8.85, 8.5, 8]},
			"faces": {
				"north": {"uv": [16, 0, 0, 1], "texture": "#2"},
				"east": {"uv": [16, 0, 0, 1], "texture": "#2"},
				"south": {"uv": [16, 0, 0, 1], "texture": "#2"},
				"west": {"uv": [16, 0, 0, 1], "texture": "#2"},
				"up": {"uv": [14.75, 0, 0, 14.75], "rotation": 180, "texture": "#2"},
				"down": {"uv": [16, 0, 0, 1], "rotation": 180, "texture": "#2"}
			}
		},
		{
			"from": [16.125, 13.25, 7.25],
			"to": [17.375, 14.75, 8.75],
			"rotation": {"angle": 0, "axis": "y", "origin": [8.85, 8.5, 8]},
			"faces": {
				"north": {"uv": [15.125, 15.125, 16, 16], "texture": "#2"},
				"east": {"uv": [15.125, 15.125, 16, 16], "texture": "#2"},
				"south": {"uv": [15.125, 15.125, 16, 16], "texture": "#2"},
				"west": {"uv": [15.125, 15.125, 16, 16], "texture": "#2"},
				"up": {"uv": [15.125, 15.125, 16, 16], "rotation": 180, "texture": "#2"},
				"down": {"uv": [15.125, 15.125, 16, 16], "rotation": 180, "texture": "#2"}
			}
		},
		{
			"from": [14.95, 11.5, 1],
			"to": [16.7, 15.5, 15],
			"rotation": {"angle": 0, "axis": "y", "origin": [8.85, 8.5, 8]},
			"faces": {
				"north": {"uv": [9.75, 4, 10.1875, 7.5], "texture": "#4"},
				"east": {"uv": [15, 4.25, 9.25, 2.25], "texture": "#4"},
				"south": {"uv": [15.3125, 11.75, 16, 15.5], "texture": "#4"},
				"west": {"uv": [4, 8, 5.75, 11.5], "texture": "#4"},
				"up": {"uv": [16, 11.75, 14.8125, 8.25], "rotation": 180, "texture": "#4"},
				"down": {"uv": [10.6875, 9.25, 10.25, 11], "rotation": 180, "texture": "#4"}
			}
		},
		{
			"from": [16.125, 7.75, 7.25],
			"to": [17.375, 9.25, 8.75],
			"rotation": {"angle": 0, "axis": "y", "origin": [8.85, 8.5, 8]},
			"faces": {
				"north": {"uv": [15.125, 15.125, 16, 16], "texture": "#2"},
				"east": {"uv": [15.125, 15.125, 16, 16], "texture": "#2"},
				"south": {"uv": [15.125, 15.125, 16, 16], "texture": "#2"},
				"west": {"uv": [15.125, 15.125, 16, 16], "texture": "#2"},
				"up": {"uv": [15.125, 15.125, 16, 16], "rotation": 180, "texture": "#2"},
				"down": {"uv": [15.125, 15.125, 16, 16], "rotation": 180, "texture": "#2"}
			}
		},
		{
			"from": [14.95, 6.5, 1],
			"to": [16.7, 10.5, 15],
			"rotation": {"angle": 0, "axis": "y", "origin": [8.85, 8.5, 8]},
			"faces": {
				"north": {"uv": [9.75, 4, 10.1875, 7.5], "texture": "#4"},
				"east": {"uv": [15, 4.25, 9.25, 2.25], "texture": "#4"},
				"south": {"uv": [15.3125, 11.75, 16, 15.5], "texture": "#4"},
				"west": {"uv": [4, 8, 5.75, 11.5], "texture": "#4"},
				"up": {"uv": [16, 11.75, 14.8125, 8.25], "rotation": 180, "texture": "#4"},
				"down": {"uv": [10.6875, 9.25, 10.25, 11], "rotation": 180, "texture": "#4"}
			}
		}
	],
	"display": {
		"fixed": {
			"rotation": [-90, 0, 0],
			"translation": [0, 0, -16],
			"scale": [2, 2, 2]
		}
	},
	"groups": [
		{
			"name": "group",
			"origin": [14, 0, 14],
			"color": 0,
			"children": [0, 1, 2, 3]
		},
		4,
		5,
		6,
		{
			"name": "group",
			"origin": [-1, 3, 1],
			"color": 0,
			"children": [
				{
					"name": "group",
					"origin": [-2.175, 14.5, 6.25],
					"color": 0,
					"children": [7, 8]
				},
				{
					"name": "group",
					"origin": [-2.175, 9, 6.25],
					"color": 0,
					"children": [9, 10]
				}
			]
		}
	]
}