{
	"format_version": "1.21.6",
	"credit": "Made with Blockbench",
	"texture_size": [64, 64],
	"textures": {
		"2": "block/custom/kamen",
		"3": "block/custom/mramor",
		"4": "block/custom/wood"
	},
	"elements": [
		{
			"from": [0, 0, 14],
			"to": [2, 1, 16],
			"rotation": {"angle": 0, "axis": "y", "origin": [0, 0, 14]},
			"faces": {
				"north": {"uv": [11.25, 8, 13.25, 10], "texture": "#4"},
				"east": {"uv": [11.25, 8, 13.25, 10], "texture": "#4"},
				"south": {"uv": [11.25, 8, 13.25, 10], "texture": "#4"},
				"west": {"uv": [11.25, 8, 13.25, 10], "texture": "#4"},
				"up": {"uv": [11.25, 8, 13.25, 10], "texture": "#4"},
				"down": {"uv": [11.25, 8, 13.25, 10], "texture": "#4"}
			}
		},
		{
			"from": [14, 0, 14],
			"to": [16, 1, 16],
			"rotation": {"angle": 0, "axis": "y", "origin": [14, 0, 14]},
			"faces": {
				"north": {"uv": [11.25, 8, 13.25, 10], "texture": "#4"},
				"east": {"uv": [11.25, 8, 13.25, 10], "texture": "#4"},
				"south": {"uv": [11.25, 8, 13.25, 10], "texture": "#4"},
				"west": {"uv": [11.25, 8, 13.25, 10], "texture": "#4"},
				"up": {"uv": [11.25, 8, 13.25, 10], "texture": "#4"},
				"down": {"uv": [11.25, 8, 13.25, 10], "texture": "#4"}
			}
		},
		{
			"from": [14, 0, 0],
			"to": [16, 1, 2],
			"rotation": {"angle": 0, "axis": "y", "origin": [14, 0, 0]},
			"faces": {
				"north": {"uv": [11.25, 8, 13.25, 10], "texture": "#4"},
				"east": {"uv": [11.25, 8, 13.25, 10], "texture": "#4"},
				"south": {"uv": [11.25, 8, 13.25, 10], "texture": "#4"},
				"west": {"uv": [11.25, 8, 13.25, 10], "texture": "#4"},
				"up": {"uv": [11.25, 8, 13.25, 10], "texture": "#4"},
				"down": {"uv": [11.25, 8, 13.25, 10], "texture": "#4"}
			}
		},
		{
			"from": [0, 0, 0],
			"to": [2, 1, 2],
			"faces": {
				"north": {"uv": [11.25, 8, 13.25, 10], "texture": "#4"},
				"east": {"uv": [11.25, 8, 13.25, 10], "texture": "#4"},
				"south": {"uv": [11.25, 8, 13.25, 10], "texture": "#4"},
				"west": {"uv": [11.25, 8, 13.25, 10], "texture": "#4"},
				"up": {"uv": [11.25, 8, 13.25, 10], "texture": "#4"},
				"down": {"uv": [11.25, 8, 13.25, 10], "texture": "#4"}
			}
		},
		{
			"from": [0, 1, 0],
			"to": [16, 16, 16],
			"rotation": {"angle": 0, "axis": "y", "origin": [0, 1, 0]},
			"faces": {
				"north": {"uv": [0, 15, 16, 0], "texture": "#3"},
				"east": {"uv": [0, 1, 16, 16], "texture": "#3"},
				"south": {"uv": [16, 1, 0, 16], "texture": "#3"},
				"west": {"uv": [0, 1, 16, 16], "texture": "#3"},
				"up": {"uv": [14.75, 14.75, 0, 0], "texture": "#2"},
				"down": {"uv": [16, 0, 0, 16], "texture": "#3"}
			}
		},
		{
			"from": [0, 16, 0],
			"to": [16, 16, 16],
			"rotation": {"angle": 0, "axis": "y", "origin": [0, 1, 0]},
			"faces": {
				"north": {"uv": [0, 15, 16, 15], "texture": "#3"},
				"east": {"uv": [0, 1, 16, 1], "texture": "#3"},
				"south": {"uv": [16, 1, 0, 1], "texture": "#3"},
				"west": {"uv": [0, 1, 16, 1], "texture": "#3"},
				"up": {"uv": [14.75, 14.75, 0, 0], "texture": "#2"},
				"down": {"uv": [16, 0, 0, 16], "texture": "#3"}
			}
		},
		{
			"from": [0, 16, 0],
			"to": [16, 17, 16],
			"rotation": {"angle": 0, "axis": "y", "origin": [0, 1, 0]},
			"faces": {
				"north": {"uv": [16, 0, 0, 1], "texture": "#2"},
				"east": {"uv": [16, 0, 0, 1], "texture": "#2"},
				"south": {"uv": [16, 0, 0, 1], "texture": "#2"},
				"west": {"uv": [16, 0, 0, 1], "texture": "#2"},
				"up": {"uv": [14.75, 0, 0, 14.75], "texture": "#2"},
				"down": {"uv": [16, 0, 0, 1], "texture": "#2"}
			}
		},
		{
			"from": [-1.425, 13.25, 7.25],
			"to": [-0.175, 14.75, 8.75],
			"rotation": {"angle": 0, "axis": "y", "origin": [-2.175, 13.5, 6.5]},
			"faces": {
				"north": {"uv": [15.125, 15.125, 16, 16], "texture": "#2"},
				"east": {"uv": [15.125, 15.125, 16, 16], "texture": "#2"},
				"south": {"uv": [15.125, 15.125, 16, 16], "texture": "#2"},
				"west": {"uv": [15.125, 15.125, 16, 16], "texture": "#2"},
				"up": {"uv": [15.125, 15.125, 16, 16], "texture": "#2"},
				"down": {"uv": [15.125, 15.125, 16, 16], "texture": "#2"}
			}
		},
		{
			"from": [-0.75, 11.5, 1],
			"to": [1, 15.5, 15],
			"rotation": {"angle": 0, "axis": "y", "origin": [-1, 1.5, 1]},
			"faces": {
				"north": {"uv": [15.3125, 11.75, 16, 15.5], "texture": "#4"},
				"east": {"uv": [4, 8, 5.75, 11.5], "texture": "#4"},
				"south": {"uv": [9.75, 4, 10.1875, 7.5], "texture": "#4"},
				"west": {"uv": [15, 4.25, 9.25, 2.25], "texture": "#4"},
				"up": {"uv": [16, 11.75, 14.8125, 8.25], "texture": "#4"},
				"down": {"uv": [10.6875, 9.25, 10.25, 11], "texture": "#4"}
			}
		},
		{
			"from": [-1.425, 7.75, 7.25],
			"to": [-0.175, 9.25, 8.75],
			"rotation": {"angle": 0, "axis": "y", "origin": [-2.175, 8, 6.5]},
			"faces": {
				"north": {"uv": [15.125, 15.125, 16, 16], "texture": "#2"},
				"east": {"uv": [15.125, 15.125, 16, 16], "texture": "#2"},
				"south": {"uv": [15.125, 15.125, 16, 16], "texture": "#2"},
				"west": {"uv": [15.125, 15.125, 16, 16], "texture": "#2"},
				"up": {"uv": [15.125, 15.125, 16, 16], "texture": "#2"},
				"down": {"uv": [15.125, 15.125, 16, 16], "texture": "#2"}
			}
		},
		{
			"from": [-0.75, 6.5, 1],
			"to": [1, 10.5, 15],
			"rotation": {"angle": 0, "axis": "y", "origin": [-1, -3.5, 1]},
			"faces": {
				"north": {"uv": [15.3125, 11.75, 16, 15.5], "texture": "#4"},
				"east": {"uv": [4, 8, 5.75, 11.5], "texture": "#4"},
				"south": {"uv": [9.75, 4, 10.1875, 7.5], "texture": "#4"},
				"west": {"uv": [15, 4.25, 9.25, 2.25], "texture": "#4"},
				"up": {"uv": [16, 11.75, 14.8125, 8.25], "texture": "#4"},
				"down": {"uv": [10.6875, 9.25, 10.25, 11], "texture": "#4"}
			}
		}
	],
	"display": {
		"fixed": {
			"rotation": [-90, 0, 0],
			"translation": [0, 0, -16],
			"scale": [2, 2, 2]
		}
	},
	"groups": [
		{
			"name": "group",
			"origin": [14, 0, 14],
			"color": 0,
			"children": [0, 1, 2, 3]
		},
		4,
		5,
		6,
		{
			"name": "group",
			"origin": [-1, 3, 1],
			"color": 0,
			"children": [
				{
					"name": "group",
					"origin": [-2.175, 14.5, 6.25],
					"color": 0,
					"children": [7, 8]
				},
				{
					"name": "group",
					"origin": [-2.175, 9, 6.25],
					"color": 0,
					"children": [9, 10]
				}
			]
		}
	]
}