{
	"format_version": "1.21.6",
	"credit": "Made with Blockbench",
	"textures": {
		"2": "block/custom/kamen",
		"3": "block/custom/mramor",
		"4": "block/custom/wood",
		"5": "block/sink",
		"particle": "block/sink"
	},
	"elements": [
		{
			"from": [0, 0, 14],
			"to": [2, 1, 16],
			"rotation": {"angle": 0, "axis": "y", "origin": [0, 0, 14]},
			"faces": {
				"north": {"uv": [11.25, 8, 13.25, 10], "texture": "#4"},
				"east": {"uv": [11.25, 8, 13.25, 10], "texture": "#4"},
				"south": {"uv": [11.25, 8, 13.25, 10], "texture": "#4"},
				"west": {"uv": [11.25, 8, 13.25, 10], "texture": "#4"},
				"up": {"uv": [11.25, 8, 13.25, 10], "texture": "#4"},
				"down": {"uv": [11.25, 8, 13.25, 10], "texture": "#4"}
			}
		},
		{
			"from": [14, 0, 14],
			"to": [16, 1, 16],
			"rotation": {"angle": 0, "axis": "y", "origin": [14, 0, 14]},
			"faces": {
				"north": {"uv": [11.25, 8, 13.25, 10], "texture": "#4"},
				"east": {"uv": [11.25, 8, 13.25, 10], "texture": "#4"},
				"south": {"uv": [11.25, 8, 13.25, 10], "texture": "#4"},
				"west": {"uv": [11.25, 8, 13.25, 10], "texture": "#4"},
				"up": {"uv": [11.25, 8, 13.25, 10], "texture": "#4"},
				"down": {"uv": [11.25, 8, 13.25, 10], "texture": "#4"}
			}
		},
		{
			"from": [14, 0, 0],
			"to": [16, 1, 2],
			"rotation": {"angle": 0, "axis": "y", "origin": [14, 0, 0]},
			"faces": {
				"north": {"uv": [11.25, 8, 13.25, 10], "texture": "#4"},
				"east": {"uv": [11.25, 8, 13.25, 10], "texture": "#4"},
				"south": {"uv": [11.25, 8, 13.25, 10], "texture": "#4"},
				"west": {"uv": [11.25, 8, 13.25, 10], "texture": "#4"},
				"up": {"uv": [11.25, 8, 13.25, 10], "texture": "#4"},
				"down": {"uv": [11.25, 8, 13.25, 10], "texture": "#4"}
			}
		},
		{
			"from": [0, 0, 0],
			"to": [2, 1, 2],
			"faces": {
				"north": {"uv": [11.25, 8, 13.25, 10], "texture": "#4"},
				"east": {"uv": [11.25, 8, 13.25, 10], "texture": "#4"},
				"south": {"uv": [11.25, 8, 13.25, 10], "texture": "#4"},
				"west": {"uv": [11.25, 8, 13.25, 10], "texture": "#4"},
				"up": {"uv": [11.25, 8, 13.25, 10], "texture": "#4"},
				"down": {"uv": [11.25, 8, 13.25, 10], "texture": "#4"}
			}
		},
		{
			"from": [0, 1, 0],
			"to": [2, 16, 16],
			"rotation": {"angle": 0, "axis": "y", "origin": [0, 1, 0]},
			"faces": {
				"north": {"uv": [14, 15, 16, 0], "texture": "#3"},
				"east": {"uv": [0, 1, 16, 16], "texture": "#3"},
				"south": {"uv": [16, 1, 14, 16], "texture": "#3"},
				"west": {"uv": [0, 1, 16, 16], "texture": "#3"},
				"up": {"uv": [14.75, 14.75, 12.90625, 0], "texture": "#2"},
				"down": {"uv": [16, 0, 14, 16], "texture": "#3"}
			}
		},
		{
			"from": [2, 1, 0],
			"to": [16, 16, 2],
			"rotation": {"angle": 0, "axis": "y", "origin": [0, 1, 0]},
			"faces": {
				"north": {"uv": [0, 15, 14, 0], "texture": "#3"},
				"east": {"uv": [14, 1, 16, 16], "texture": "#3"},
				"south": {"uv": [14, 1, 0, 16], "texture": "#2"},
				"west": {"uv": [0, 1, 2, 16], "texture": "#3"},
				"up": {"uv": [12.90625, 14.75, 0, 12.90625], "texture": "#2"},
				"down": {"uv": [14, 14, 0, 16], "texture": "#3"}
			}
		},
		{
			"from": [2, 1, 2],
			"to": [14, 13, 14],
			"rotation": {"angle": 0, "axis": "y", "origin": [0, -2, 0]},
			"faces": {
				"north": {"uv": [2, 15, 14, 3], "texture": "#3"},
				"east": {"uv": [2, 1, 14, 13], "texture": "#3"},
				"south": {"uv": [14, 1, 2, 13], "texture": "#3"},
				"west": {"uv": [2, 1, 14, 13], "texture": "#3"},
				"up": {"uv": [12.90625, 12.90625, 1.84375, 1.84375], "texture": "#2"},
				"down": {"uv": [14, 2, 2, 14], "texture": "#3"}
			}
		},
		{
			"from": [14, 1, 2],
			"to": [16, 16, 14],
			"rotation": {"angle": 0, "axis": "y", "origin": [0, 1, 0]},
			"faces": {
				"north": {"uv": [0, 15, 2, 0], "texture": "#3"},
				"east": {"uv": [2, 1, 14, 16], "texture": "#3"},
				"south": {"uv": [2, 1, 0, 16], "texture": "#3"},
				"west": {"uv": [2, 1, 14, 16], "texture": "#2"},
				"up": {"uv": [1.84375, 12.90625, 0, 1.84375], "texture": "#2"},
				"down": {"uv": [2, 2, 0, 14], "texture": "#3"}
			}
		},
		{
			"from": [2, 1, 14],
			"to": [16, 16, 16],
			"rotation": {"angle": 0, "axis": "y", "origin": [0, 1, 0]},
			"faces": {
				"north": {"uv": [0.75, 14.75, 14.75, 0], "texture": "#2"},
				"east": {"uv": [0, 1, 2, 16], "texture": "#3"},
				"south": {"uv": [14, 1, 0, 16], "texture": "#3"},
				"west": {"uv": [14, 1, 16, 16], "texture": "#3"},
				"up": {"uv": [12.90625, 1.84375, 0, 0], "texture": "#2"},
				"down": {"uv": [14, 0, 0, 2], "texture": "#3"}
			}
		},
		{
			"from": [2, 1, 0],
			"to": [2, 16, 16],
			"rotation": {"angle": 0, "axis": "y", "origin": [0, 1, 0]},
			"faces": {
				"north": {"uv": [14, 15, 14, 0], "texture": "#3"},
				"east": {"uv": [0, 1, 16, 16], "texture": "#2"},
				"south": {"uv": [14, 1, 14, 16], "texture": "#3"},
				"west": {"uv": [0, 1, 16, 16], "texture": "#3"},
				"up": {"uv": [12.90625, 14.75, 12.90625, 0], "texture": "#2"},
				"down": {"uv": [14, 0, 14, 16], "texture": "#3"}
			}
		},
		{
			"from": [2, 16, 0],
			"to": [16, 17, 2],
			"rotation": {"angle": 0, "axis": "y", "origin": [0, 1, 0]},
			"faces": {
				"north": {"uv": [16, 0, 2, 1], "texture": "#2"},
				"east": {"uv": [2, 0, 0, 1], "texture": "#2"},
				"south": {"uv": [14, 0, 0, 1], "texture": "#2"},
				"west": {"uv": [16, 0, 14, 1], "texture": "#2"},
				"up": {"uv": [12.90625, 0, 0, 1.84375], "texture": "#2"},
				"down": {"uv": [14, 0.875, 0, 1], "texture": "#2"}
			}
		},
		{
			"from": [13, 16, 2],
			"to": [16, 17, 14],
			"rotation": {"angle": 0, "axis": "y", "origin": [0, 1, 0]},
			"faces": {
				"north": {"uv": [16, 0, 14, 1], "texture": "#2"},
				"east": {"uv": [14, 0, 2, 1], "texture": "#2"},
				"south": {"uv": [2, 0, 0, 1], "texture": "#2"},
				"west": {"uv": [14, 0, 2, 1], "texture": "#2"},
				"up": {"uv": [1.84375, 1.84375, 0, 12.90625], "texture": "#2"},
				"down": {"uv": [2, 0.125, 0, 0.875], "texture": "#2"}
			}
		},
		{
			"from": [0, 16, 14],
			"to": [16, 17, 16],
			"rotation": {"angle": 0, "axis": "y", "origin": [0, 1, 0]},
			"faces": {
				"north": {"uv": [16, 0, 0, 1], "texture": "#2"},
				"east": {"uv": [16, 0, 14, 1], "texture": "#2"},
				"south": {"uv": [16, 0, 0, 1], "texture": "#2"},
				"west": {"uv": [2, 0, 0, 1], "texture": "#2"},
				"up": {"uv": [14.75, 12.90625, 0, 14.75], "texture": "#2"},
				"down": {"uv": [16, 0, 0, 0.125], "texture": "#2"}
			}
		},
		{
			"from": [0, 16, 0],
			"to": [2, 17, 14],
			"rotation": {"angle": 0, "axis": "y", "origin": [0, 1, 0]},
			"faces": {
				"north": {"uv": [2, 0, 0, 1], "texture": "#2"},
				"east": {"uv": [14, 0, 0, 1], "texture": "#2"},
				"south": {"uv": [16, 0, 14, 1], "texture": "#2"},
				"west": {"uv": [16, 0, 2, 1], "texture": "#2"},
				"up": {"uv": [14.75, 0, 12.90625, 12.90625], "texture": "#2"},
				"down": {"uv": [16, 0.125, 14, 1], "texture": "#2"}
			}
		},
		{
			"from": [13.5, 17, 3],
			"to": [15.5, 19, 5],
			"rotation": {"angle": 0, "axis": "y", "origin": [13, 20, 8]},
			"faces": {
				"north": {"uv": [9, 6, 11, 8], "texture": "#5"},
				"east": {"uv": [9, 8, 11, 10], "texture": "#5"},
				"south": {"uv": [10, 4, 12, 6], "texture": "#5"},
				"west": {"uv": [9, 10, 11, 12], "texture": "#5"},
				"up": {"uv": [2, 13, 0, 11], "texture": "#5"}
			}
		},
		{
			"from": [13.5, 17, 7],
			"to": [15.5, 21, 9],
			"rotation": {"angle": 0, "axis": "y", "origin": [13, 20, 8]},
			"faces": {
				"north": {"uv": [2, 0, 4, 4], "texture": "#5"},
				"east": {"uv": [2, 0, 4, 4], "texture": "#5"},
				"south": {"uv": [0, 4, 2, 8], "texture": "#5"},
				"west": {"uv": [4, 0, 6, 4], "texture": "#5"}
			}
		},
		{
			"from": [10.5, 21, 7],
			"to": [13.5, 23, 9],
			"rotation": {"angle": 0, "axis": "y", "origin": [13, 20, 8]},
			"faces": {
				"north": {"uv": [6, 6, 9, 8], "texture": "#5"},
				"east": {"uv": [11, 0, 13, 2], "texture": "#5"},
				"south": {"uv": [2, 7, 5, 9], "texture": "#5"},
				"west": {"uv": [11, 2, 13, 4], "texture": "#5"},
				"up": {"uv": [11, 2, 8, 0], "texture": "#5"},
				"down": {"uv": [11, 2, 8, 4], "texture": "#5"}
			}
		},
		{
			"from": [13.47487, 18.93934, 7.025],
			"to": [15.47487, 21.76734, 8.99],
			"rotation": {"angle": 45, "axis": "z", "origin": [13, 20, 8]},
			"faces": {
				"north": {"uv": [0, 8, 2, 11], "texture": "#5"},
				"east": {"uv": [5, 8, 7, 11], "texture": "#5"},
				"south": {"uv": [7, 8, 9, 11], "texture": "#5"},
				"west": {"uv": [2, 9, 4, 12], "texture": "#5"},
				"up": {"uv": [6, 13, 4, 11], "texture": "#5"}
			}
		},
		{
			"from": [8.52513, 19.93934, 7.025],
			"to": [10.52513, 21.76734, 8.99],
			"rotation": {"angle": -45, "axis": "z", "origin": [11, 20, 8]},
			"faces": {
				"north": {"uv": [2, 4, 4, 7], "texture": "#5"},
				"east": {"uv": [4, 4, 6, 7], "texture": "#5"},
				"south": {"uv": [6, 0, 8, 3], "texture": "#5"},
				"west": {"uv": [6, 3, 8, 6], "texture": "#5"},
				"up": {"uv": [10, 6, 8, 4], "texture": "#5"}
			}
		},
		{
			"from": [13.5, 17, 11],
			"to": [15.5, 19, 13],
			"rotation": {"angle": 0, "axis": "y", "origin": [13, 20, 8]},
			"faces": {
				"north": {"uv": [6, 11, 8, 13], "texture": "#5"},
				"east": {"uv": [11, 6, 13, 8], "texture": "#5"},
				"south": {"uv": [11, 8, 13, 10], "texture": "#5"},
				"west": {"uv": [11, 10, 13, 12], "texture": "#5"},
				"up": {"uv": [4, 14, 2, 12], "texture": "#5"}
			}
		},
		{
			"from": [9.93772, 20.02441, 7.025],
			"to": [9.93772, 22.02441, 8.975],
			"rotation": {"angle": 45, "axis": "z", "origin": [9.93772, 21.02441, 8]},
			"faces": {
				"north": {"uv": [0, 0, 0, 2], "texture": "#missing"},
				"east": {"uv": [0, 0, 1.95, 2], "texture": "#missing"},
				"south": {"uv": [0, 0, 0, 2], "texture": "#missing"},
				"west": {"uv": [0, 0, 1.95, 2], "texture": "#5"},
				"up": {"uv": [0, 0, 0, 1.95], "texture": "#missing"},
				"down": {"uv": [0, 0, 0, 1.95], "texture": "#missing"}
			}
		}
	],
	"display": {
		"fixed": {
			"rotation": [-90, 0, 0],
			"translation": [0, 0, -16],
			"scale": [2, 2, 2]
		}
	},
	"groups": [
		{
			"name": "group",
			"origin": [14, 0, 14],
			"color": 0,
			"children": [0, 1, 2, 3]
		},
		4,
		5,
		6,
		7,
		8,
		9,
		{
			"name": "group",
			"origin": [0, 1, 0],
			"color": 0,
			"children": [10, 11, 12, 13]
		},
		{
			"name": "group",
			"origin": [-1, 3, 1],
			"color": 0,
			"children": [
				{
					"name": "group",
					"origin": [-2.175, 14.5, 6.25],
					"color": 0,
					"children": []
				},
				{
					"name": "group",
					"origin": [-2.175, 9, 6.25],
					"color": 0,
					"children": []
				}
			]
		},
		{
			"name": "group",
			"origin": [8, 19, 3.5],
			"color": 0,
			"children": [14, 15, 16, 17, 18, 19, 20]
		}
	]
}