{
	"format_version": "1.9.0",
	"credit": "Made with Blockbench",
	"texture_size": [64, 64],
	"textures": {
		"0": "block/kasa",
		"particle": "block/kasa"
	},
	"elements": [
		{
			"from": [2, 0, 1],
			"to": [13, 4, 14],
			"rotation": {"angle": 0, "axis": "y", "origin": [10, 0, 9]},
			"faces": {
				"north": {"uv": [7, 3.5, 9.75, 4.5], "texture": "#0"},
				"east": {"uv": [5.5, 6, 8.75, 7], "texture": "#0"},
				"south": {"uv": [7, 4.5, 9.75, 5.5], "texture": "#0"},
				"west": {"uv": [7, 2.5, 10.25, 3.5], "texture": "#0"},
				"up": {"uv": [2.75, 3.25, 0, 0], "texture": "#0"},
				"down": {"uv": [5.5, 0, 2.75, 3.25], "texture": "#0"}
			}
		},
		{
			"from": [5, 1, 2],
			"to": [12, 6, 13],
			"rotation": {"angle": 22.5, "axis": "z", "origin": [5, 1, 11]},
			"faces": {
				"north": {"uv": [2.75, 7.25, 4.5, 8.5], "texture": "#0"},
				"east": {"uv": [5.5, 0, 8.25, 1.25], "texture": "#0"},
				"south": {"uv": [4.5, 8, 6.25, 9.25], "texture": "#0"},
				"west": {"uv": [5.5, 1.25, 8.25, 2.5], "texture": "#0"},
				"up": {"uv": [1.75, 6, 0, 3.25], "texture": "#0"},
				"down": {"uv": [3.5, 3.25, 1.75, 6], "texture": "#0"}
			}
		},
		{
			"from": [12, 1, 2],
			"to": [12, 6, 13],
			"rotation": {"angle": 22.5, "axis": "z", "origin": [5, 1, 11]},
			"faces": {
				"north": {"uv": [0, 0, 0, 1.25], "texture": "#0"},
				"east": {"uv": [0, 6, 2.75, 7.25], "texture": "#0"},
				"south": {"uv": [0, 0, 0, 1.25], "texture": "#0"},
				"west": {"uv": [2.75, 6, 5.5, 7.25], "texture": "#0"},
				"up": {"uv": [0, 2.75, 0, 0], "texture": "#0"},
				"down": {"uv": [0, 0, 0, 2.75], "texture": "#0"}
			}
		},
		{
			"from": [5, 6, 2],
			"to": [12, 6, 13],
			"rotation": {"angle": 22.5, "axis": "z", "origin": [5, 1, 11]},
			"faces": {
				"north": {"uv": [0, 0, 1.75, 0], "texture": "#0"},
				"east": {"uv": [0, 0, 2.75, 0], "texture": "#0"},
				"south": {"uv": [0, 0, 1.75, 0], "texture": "#0"},
				"west": {"uv": [0, 0, 2.75, 0], "texture": "#0"},
				"up": {"uv": [5.25, 6, 3.5, 3.25], "texture": "#0"},
				"down": {"uv": [7, 3.25, 5.25, 6], "texture": "#0"}
			}
		},
		{
			"from": [3, 3, 2.025],
			"to": [5, 5.6, 12.95],
			"rotation": {"angle": 0, "axis": "y", "origin": [3, 3, 11]},
			"faces": {
				"north": {"uv": [6.5, 2.5, 7, 3.125], "texture": "#0"},
				"east": {"uv": [7.75, 8, 10.5, 8.625], "texture": "#0"},
				"south": {"uv": [8.25, 7, 8.75, 7.625], "texture": "#0"},
				"west": {"uv": [0, 8.25, 2.75, 8.875], "texture": "#0"},
				"up": {"uv": [3.25, 11.25, 2.75, 8.5], "texture": "#0"},
				"down": {"uv": [3.75, 8.5, 3.25, 11.25], "texture": "#0"}
			}
		},
		{
			"from": [9, 4, 2.025],
			"to": [12, 8, 12.975],
			"rotation": {"angle": 0, "axis": "y", "origin": [10, 4, 9]},
			"faces": {
				"north": {"uv": [8.25, 0, 9, 1], "texture": "#0"},
				"east": {"uv": [5.5, 7, 8.25, 8], "texture": "#0"},
				"south": {"uv": [8.25, 1, 9, 2], "texture": "#0"},
				"west": {"uv": [0, 7.25, 2.75, 8.25], "texture": "#0"},
				"up": {"uv": [7, 10.75, 6.25, 8], "texture": "#0"},
				"down": {"uv": [7.75, 8, 7, 10.75], "texture": "#0"}
			}
		},
		{
			"from": [10, 8, 8.5],
			"to": [11.1, 9.7, 12.5],
			"rotation": {"angle": 0, "axis": "y", "origin": [10, 8, 9]},
			"faces": {
				"north": {"uv": [8.25, 2, 8.5, 2.4375], "texture": "#0"},
				"east": {"uv": [7, 5.5, 8, 5.9375], "texture": "#0"},
				"south": {"uv": [8.5, 2, 8.75, 2.4375], "texture": "#0"},
				"west": {"uv": [8, 5.5, 9, 5.9375], "texture": "#0"},
				"up": {"uv": [8.25, 9.75, 8, 8.75], "texture": "#0"},
				"down": {"uv": [8.5, 8.75, 8.25, 9.75], "texture": "#0"}
			}
		},
		{
			"from": [10, 8, 3.1],
			"to": [10.8, 17, 3.9],
			"rotation": {"angle": 0, "axis": "y", "origin": [10, 8, 3]},
			"faces": {
				"north": {"uv": [3.75, 8.5, 3.9375, 10.75], "texture": "#0"},
				"east": {"uv": [4, 8.5, 4.1875, 10.75], "texture": "#0"},
				"south": {"uv": [4.25, 8.5, 4.4375, 10.75], "texture": "#0"},
				"west": {"uv": [7.75, 8.75, 7.9375, 11], "texture": "#0"},
				"up": {"uv": [8.4375, 7.9375, 8.25, 7.75], "texture": "#0"},
				"down": {"uv": [8.6875, 7.75, 8.5, 7.9375], "texture": "#0"}
			}
		},
		{
			"from": [9.95, 16, 1.9],
			"to": [11.2, 18.2, 5.2],
			"rotation": {"angle": 0, "axis": "y", "origin": [10, 16, 2]},
			"faces": {
				"north": {"uv": [8.5, 8.75, 8.8125, 9.3125], "texture": "#0"},
				"east": {"uv": [5.5, 2.5, 6.3125, 3.0625], "texture": "#0"},
				"south": {"uv": [0, 9, 0.3125, 9.5625], "texture": "#0"},
				"west": {"uv": [4.5, 7.25, 5.3125, 7.8125], "texture": "#0"},
				"up": {"uv": [9.0625, 6.8125, 8.75, 6], "texture": "#0"},
				"down": {"uv": [9.0625, 7, 8.75, 7.8125], "texture": "#0"}
			}
		}
	],
	"display": {
		"fixed": {
			"rotation": [-90, 0, 0],
			"translation": [-0.5, 0.75, -16],
			"scale": [2, 2, 2]
		}
	}
}