{
	"format_version": "1.21.6",
	"credit": "Made with Blockbench",
	"texture_size": [64, 64],
	"textures": {
		"0": "block/kitchen_dsink",
		"2": "block/two",
		"4": "block/fo",
		"particle": "block/kitchen_dsink"
	},
	"elements": [
		{
			"from": [0, 0, 2],
			"to": [0.5, 14, 16],
			"faces": {
				"north": {"uv": [11.875, 0, 12, 3.375], "texture": "#0"},
				"east": {"uv": [0, 4.25, 3.5, 7.625], "texture": "#0"},
				"south": {"uv": [0, 4.25, 0.125, 7.625], "texture": "#0"},
				"west": {"uv": [0.5, 4.25, 4, 7.625], "texture": "#0"},
				"up": {"uv": [0, 4.67188, 0.125, 7.625], "texture": "#0"},
				"down": {"uv": [0, 4.25, 0.125, 7.20313], "texture": "#0"}
			}
		},
		{
			"from": [0.5, 0, 2],
			"to": [15.5, 0.5, 16],
			"faces": {
				"north": {"uv": [8.125, 3.25446, 11.875, 3.375], "texture": "#0"},
				"east": {"uv": [0, 7.50446, 3.5, 7.625], "texture": "#0"},
				"south": {"uv": [0.125, 7.50446, 3.875, 7.625], "texture": "#0"},
				"west": {"uv": [0.5, 7.50446, 4, 7.625], "texture": "#0"},
				"up": {"uv": [0.125, 4.67188, 3.875, 7.625], "texture": "#0"},
				"down": {"uv": [0.125, 4.25, 3.875, 7.20313], "texture": "#0"}
			}
		},
		{
			"from": [0.5, 0.5, 15],
			"to": [15.5, 13.5, 16],
			"faces": {
				"north": {"uv": [0, 4.49554, 3.75, 7.62946], "texture": "#0"},
				"east": {"uv": [0, 4.37054, 4, 7.50446], "texture": "#0"},
				"south": {"uv": [0.125, 4.37054, 3.875, 7.50446], "texture": "#0"},
				"west": {"uv": [0, 4.37054, 4, 7.50446], "texture": "#0"},
				"up": {"uv": [0.125, 4.25, 3.875, 7.625], "texture": "#0"},
				"down": {"uv": [0.125, 4.25, 3.875, 7.625], "texture": "#0"}
			}
		},
		{
			"from": [15.5, 0, 2],
			"to": [16, 13.5, 16],
			"faces": {
				"north": {"uv": [8, 0.12054, 8.125, 3.375], "texture": "#0"},
				"east": {"uv": [0, 4.37054, 3.5, 7.625], "texture": "#0"},
				"south": {"uv": [3.875, 4.37054, 4, 7.625], "texture": "#0"},
				"west": {"uv": [0.5, 4.37054, 4, 7.625], "texture": "#0"},
				"up": {"uv": [3.875, 4.67188, 4, 7.625], "texture": "#0"},
				"down": {"uv": [3.875, 4.25, 4, 7.20313], "texture": "#0"}
			}
		},
		{
			"from": [0.5, 13.5, 2],
			"to": [16, 14, 16],
			"faces": {
				"north": {"uv": [8, 0, 11.875, 0.12054], "texture": "#0"},
				"east": {"uv": [0, 4.25, 3.5, 4.37054], "texture": "#0"},
				"south": {"uv": [0.125, 4.25, 4, 4.37054], "texture": "#0"},
				"west": {"uv": [0.5, 4.25, 4, 4.37054], "texture": "#0"},
				"up": {"uv": [0.125, 4.67188, 4, 7.625], "texture": "#0"},
				"down": {"uv": [0.125, 4.25, 4, 7.20313], "texture": "#0"}
			}
		},
		{
			"from": [0, 0, 1],
			"to": [8.25, 14, 2],
			"rotation": {"angle": 0, "axis": "y", "origin": [0, 12, 2]},
			"faces": {
				"north": {"uv": [9.875, 0, 11.9375, 3.5], "texture": "#0"},
				"east": {"uv": [8.25, 0, 8.5, 3.5], "texture": "#0"},
				"south": {"uv": [0, 0, 2.0625, 3.5], "texture": "#missing"},
				"west": {"uv": [0, 7.875, 0.25, 4.375], "texture": "#0"},
				"up": {"uv": [0.375, 4.625, 2.4375, 4.875], "texture": "#0"},
				"down": {"uv": [0, 5.375, 2.0625, 5.625], "texture": "#0"}
			}
		},
		{
			"from": [8.25, 0, 1],
			"to": [16, 14, 2],
			"rotation": {"angle": 0, "axis": "y", "origin": [7.75, 12, 2]},
			"faces": {
				"north": {"uv": [8, 0, 9.9375, 3.5], "texture": "#0"},
				"east": {"uv": [0, 4.25, 0.25, 7.75], "texture": "#0"},
				"south": {"uv": [0, 0, 1.9375, 3.5], "texture": "#missing"},
				"west": {"uv": [8.125, 0, 8.375, 3.5], "texture": "#0"},
				"up": {"uv": [0.625, 4.75, 2.5625, 5], "texture": "#0"},
				"down": {"uv": [0.25, 5.375, 2.1875, 5.625], "texture": "#0"}
			}
		},
		{
			"from": [11.625, 0.5, 9.5],
			"to": [14.625, 4.5, 11.5],
			"rotation": {"angle": 0, "axis": "y", "origin": [12.625, 0.5, 10.5]},
			"faces": {
				"north": {"uv": [0, 0, 3, 4.0625], "texture": "#4"},
				"east": {"uv": [0, 4.0625, 2, 8.125], "texture": "#4"},
				"south": {"uv": [3, 0, 6, 4.0625], "texture": "#4"},
				"west": {"uv": [2, 4.0625, 4, 8.125], "texture": "#4"},
				"up": {"uv": [7, 6.09375, 4, 4.0625], "texture": "#4"},
				"down": {"uv": [9, 0, 6, 2.03125], "texture": "#4"}
			}
		},
		{
			"from": [7.525, 0.5, 10.55],
			"to": [10.525, 4.5, 12.55],
			"rotation": {"angle": 0, "axis": "y", "origin": [8.525, 0.5, 11.55]},
			"faces": {
				"north": {"uv": [0, 0, 3, 3.9375], "texture": "#2"},
				"east": {"uv": [0, 4.0625, 2, 8], "texture": "#2"},
				"south": {"uv": [3, 0, 6, 3.9375], "texture": "#2"},
				"west": {"uv": [2, 4.0625, 4, 8], "texture": "#2"},
				"up": {"uv": [7, 5.96875, 4, 4.0625], "texture": "#2"},
				"down": {"uv": [9, 0, 6, 1.90625], "texture": "#2"}
			}
		},
		{
			"from": [3.25, 0.5, 8.75],
			"to": [6.25, 4.5, 10.75],
			"rotation": {"angle": 0, "axis": "y", "origin": [4.25, 0.5, 9.75]},
			"faces": {
				"north": {"uv": [0, 0, 3, 3.9375], "texture": "#2"},
				"east": {"uv": [0, 4.0625, 2, 8], "texture": "#2"},
				"south": {"uv": [3, 0, 6, 3.9375], "texture": "#2"},
				"west": {"uv": [2, 4.0625, 4, 8], "texture": "#2"},
				"up": {"uv": [7, 5.96875, 4, 4.0625], "texture": "#2"},
				"down": {"uv": [9, 0, 6, 1.90625], "texture": "#2"}
			}
		}
	],
	"display": {
		"fixed": {
			"translation": [0, 2, -16],
			"scale": [2, 2, 2]
		}
	},
	"groups": [
		{
			"name": "group",
			"origin": [0, 0, 0],
			"color": 0,
			"children": [0, 1, 2, 3, 4]
		},
		{
			"name": "group",
			"origin": [8, 8, 8],
			"color": 0,
			"children": [5]
		},
		{
			"name": "group",
			"origin": [7.75, 12, 0],
			"color": 0,
			"children": [6]
		},
		7,
		8,
		9
	]
}