{
	"format_version": "1.21.6",
	"credit": "Model generated using MrCrayfish's Model Creator (https://mrcrayfish.com/tools?id=mc)",
	"texture_size": [64, 64],
	"textures": {
		"0": "block/kitchen_sink",
		"particle": "block/kitchen_sink"
	},
	"elements": [
		{
			"from": [0, 0, 0],
			"to": [16, 13, 15],
			"faces": {
				"north": {"uv": [0, 3.75, 4, 7], "texture": "#0", "cullface": "north"},
				"east": {"uv": [4, 3.25, 7.75, 6.5], "texture": "#0", "cullface": "east"},
				"south": {"uv": [4, 0, 8, 3.25], "texture": "#0"},
				"west": {"uv": [4.125, 0, 7.875, 3.25], "texture": "#0", "cullface": "west"},
				"down": {"uv": [4, 0, 0, 3.75], "texture": "#0", "cullface": "down"}
			}
		},
		{
			"from": [0, 13, 0],
			"to": [1, 16, 16],
			"faces": {
				"north": {"uv": [5, 10.75, 5.25, 11.5], "texture": "#0"},
				"south": {"uv": [5.25, 10.75, 5.5, 11.5], "texture": "#0", "cullface": "south"},
				"west": {"uv": [8, 0, 12, 0.75], "texture": "#0", "cullface": "west"},
				"up": {"uv": [3.25, 11, 3, 7], "texture": "#0", "cullface": "up"},
				"down": {"uv": [3.5, 7, 3.25, 11], "texture": "#0"}
			}
		},
		{
			"from": [15, 13, 0],
			"to": [16, 16, 16],
			"faces": {
				"north": {"uv": [5.5, 10.75, 5.75, 11.5], "texture": "#0"},
				"east": {"uv": [8, 0.75, 12, 1.5], "texture": "#0", "cullface": "east"},
				"south": {"uv": [5.75, 10.75, 6, 11.5], "texture": "#0", "cullface": "south"},
				"up": {"uv": [3.75, 11, 3.5, 7], "texture": "#0", "cullface": "up"},
				"down": {"uv": [4, 7, 3.75, 11], "texture": "#0"}
			}
		},
		{
			"from": [1, 13, 15],
			"to": [15, 16, 16],
			"faces": {
				"south": {"uv": [8, 2.5, 11.5, 3.25], "texture": "#0", "cullface": "south"},
				"up": {"uv": [7.5, 10, 4, 9.75], "texture": "#0", "cullface": "up"},
				"down": {"uv": [7.5, 10, 4, 10.25], "texture": "#0"}
			}
		},
		{
			"from": [2, 9, 4],
			"to": [14, 10, 14],
			"faces": {
				"up": {"uv": [3, 9.5, 0, 7], "texture": "#0", "cullface": "up"}
			}
		},
		{
			"from": [7, 16, 1],
			"to": [9, 20, 3],
			"faces": {
				"north": {"uv": [0.5, 9.5, 1, 10.5], "texture": "#0"},
				"east": {"uv": [1, 9.5, 1.5, 10.5], "texture": "#0"},
				"south": {"uv": [1.5, 9.5, 2, 10.5], "texture": "#0"},
				"west": {"uv": [2, 9.5, 2.5, 10.5], "texture": "#0"}
			}
		},
		{
			"from": [7, 20, 3],
			"to": [9, 22, 7],
			"faces": {
				"north": {"uv": [8.5, 10.25, 9, 10.75], "texture": "#0"},
				"east": {"uv": [4, 10.25, 5, 10.75], "texture": "#0"},
				"south": {"uv": [9, 10.25, 9.5, 10.75], "texture": "#0"},
				"west": {"uv": [5, 10.25, 6, 10.75], "texture": "#0"},
				"up": {"uv": [3, 10.5, 2.5, 9.5], "texture": "#0"},
				"down": {"uv": [6.5, 10.25, 6, 11.25], "texture": "#0"}
			}
		},
		{
			"from": [7.025, 20, 1],
			"to": [8.99, 22.828, 3],
			"rotation": {"angle": 45, "axis": "x", "origin": [8, 20, 1]},
			"faces": {
				"north": {"uv": [6.5, 10.25, 7, 11], "texture": "#0"},
				"east": {"uv": [7, 10.25, 7.5, 11], "texture": "#0"},
				"south": {"uv": [7.5, 10.25, 8, 11], "texture": "#0"},
				"west": {"uv": [8, 10.25, 8.5, 11], "texture": "#0"},
				"up": {"uv": [10, 10.75, 9.5, 10.25], "texture": "#0"}
			}
		},
		{
			"from": [3, 16, 1],
			"to": [5, 18, 3],
			"faces": {
				"north": {"uv": [10, 10.25, 10.5, 10.75], "texture": "#0"},
				"east": {"uv": [0.5, 10.5, 1, 11], "texture": "#0"},
				"south": {"uv": [1, 10.5, 1.5, 11], "texture": "#0"},
				"west": {"uv": [1.5, 10.5, 2, 11], "texture": "#0"},
				"up": {"uv": [2.5, 11, 2, 10.5], "texture": "#0"}
			}
		},
		{
			"from": [11, 16, 1],
			"to": [13, 18, 3],
			"faces": {
				"north": {"uv": [2.5, 10.5, 3, 11], "texture": "#0"},
				"east": {"uv": [10.5, 10, 11, 10.5], "texture": "#0"},
				"south": {"uv": [10.5, 10.5, 11, 11], "texture": "#0"},
				"west": {"uv": [4, 10.75, 4.5, 11.25], "texture": "#0"},
				"up": {"uv": [5, 11.25, 4.5, 10.75], "texture": "#0"}
			}
		},
		{
			"from": [2, 10, 0],
			"to": [14, 16, 4],
			"faces": {
				"south": {"uv": [7.75, 6.25, 10.75, 7.75], "texture": "#0"},
				"up": {"uv": [11, 2.5, 8, 1.5], "texture": "#0"}
			}
		},
		{
			"from": [2, 10, 14],
			"to": [14, 16, 15],
			"faces": {
				"north": {"uv": [7.75, 7.75, 10.75, 9.25], "texture": "#0"},
				"up": {"uv": [10.5, 10.25, 7.5, 10], "texture": "#0"}
			}
		},
		{
			"from": [1, 10, 0],
			"to": [2, 16, 15],
			"faces": {
				"east": {"uv": [7.75, 3.25, 11.5, 4.75], "texture": "#0"},
				"up": {"uv": [0.25, 13.25, 0, 9.5], "texture": "#0"}
			}
		},
		{
			"from": [14, 10, 0],
			"to": [15, 16, 15],
			"faces": {
				"west": {"uv": [7.75, 4.75, 11.5, 6.25], "texture": "#0"},
				"up": {"uv": [0.5, 13.25, 0.25, 9.5], "texture": "#0"}
			}
		},
		{
			"from": [1, 13, 0],
			"to": [15, 16, 4],
			"faces": {
				"north": {"uv": [7.75, 9.25, 11.25, 10], "texture": "#0", "cullface": "north"}
			}
		}
	],
	"display": {
		"thirdperson_righthand": {
			"rotation": [75, -45, 0],
			"translation": [0, 2.5, 0],
			"scale": [0.375, 0.375, 0.375]
		},
		"firstperson_righthand": {
			"rotation": [0, -45, 0],
			"translation": [0, 2.5, 0],
			"scale": [0.4, 0.4, 0.4]
		},
		"ground": {
			"translation": [0, 3, 0],
			"scale": [0.25, 0.25, 0.25]
		},
		"gui": {
			"rotation": [30, 45, 0],
			"translation": [0, -0.6, 0],
			"scale": [0.6, 0.6, 0.6]
		},
		"head": {
			"rotation": [0, -180, 0],
			"translation": [0, -1, 0]
		},
		"fixed": {
			"rotation": [-90, -180, 0],
			"translation": [0, 0, -16],
			"scale": [2, 2, 2]
		}
	}
}