{
	"format_version": "1.21.6",
	"credit": "Model generated using MrCrayfish's Model Creator (https://mrcrayfish.com/tools?id=mc)",
	"texture_size": [64, 64],
	"textures": {
		"0": "block/kitchen_dsink2",
		"1": "block/kitchen_sink",
		"particle": "block/kitchen_dsink2"
	},
	"elements": [
		{
			"from": [0, 0, 0],
			"to": [16, 14, 16],
			"rotation": {"angle": 0, "axis": "y", "origin": [0, 1, 0]},
			"faces": {
				"north": {"uv": [8, 0, 12, 3.25], "texture": "#0", "cullface": "north"},
				"east": {"uv": [8, 0, 12, 3.25], "texture": "#0", "cullface": "north"},
				"south": {"uv": [8, 0, 12, 3.25], "texture": "#0", "cullface": "north"},
				"west": {"uv": [8, 0, 12, 3.25], "texture": "#0", "cullface": "north"},
				"up": {"uv": [8, 3.375, 12, 7.125], "texture": "#0", "cullface": "north"},
				"down": {"uv": [8, 0, 12, 3.25], "texture": "#0", "cullface": "north"}
			}
		},
		{
			"from": [0, 14, 0],
			"to": [2, 16, 17],
			"faces": {
				"north": {"uv": [4, 8.375, 4.5, 8.875], "texture": "#0", "cullface": "west"},
				"east": {"uv": [4, 8.375, 8, 9.125], "texture": "#0", "cullface": "west"},
				"south": {"uv": [4, 8.375, 4.5, 8.875], "texture": "#0", "cullface": "west"},
				"west": {"uv": [4, 8.375, 8, 9.125], "texture": "#0", "cullface": "west"},
				"up": {"uv": [0, 0, 0.5, 4.25], "texture": "#0", "cullface": "west"},
				"down": {"uv": [4, 8.375, 8, 9.125], "texture": "#0", "cullface": "west"}
			}
		},
		{
			"from": [14, 14, 0],
			"to": [16, 16, 17],
			"faces": {
				"north": {"uv": [0.625, 0.375, 1.125, 0.875], "texture": "#0"},
				"east": {"uv": [4, 8.375, 8, 9.125], "texture": "#0", "cullface": "east"},
				"south": {"uv": [0.875, 0.375, 1.375, 0.875], "texture": "#0", "cullface": "south"},
				"west": {"uv": [0, 0, 4.25, 0.5], "texture": "#0"},
				"up": {"uv": [0.25, 4, 0, 0], "texture": "#0", "cullface": "up"},
				"down": {"uv": [0.5, 0, 0.25, 4], "texture": "#0"}
			}
		},
		{
			"from": [2, 14, 15],
			"to": [14, 16, 17],
			"faces": {
				"north": {"uv": [4.375, 8.375, 7.875, 9.125], "texture": "#0", "cullface": "south"},
				"east": {"uv": [4.375, 8.375, 7.875, 9.125], "texture": "#0", "cullface": "south"},
				"south": {"uv": [4.375, 8.375, 7.375, 8.875], "texture": "#0", "cullface": "south"},
				"west": {"uv": [4.375, 8.375, 7.875, 9.125], "texture": "#0", "cullface": "south"},
				"up": {"uv": [4.375, 8.375, 7.375, 8.875], "texture": "#0", "cullface": "south"},
				"down": {"uv": [4.375, 8.375, 7.875, 9.125], "texture": "#0", "cullface": "south"}
			}
		},
		{
			"from": [2, 10, 4],
			"to": [14, 11, 14],
			"rotation": {"angle": 0, "axis": "y", "origin": [0, 1, 0]},
			"faces": {
				"up": {"uv": [3, 9.5, 0, 7], "texture": "#0", "cullface": "up"}
			}
		},
		{
			"from": [7, 16, 1],
			"to": [9, 20, 3],
			"faces": {
				"north": {"uv": [0.5, 9.5, 1, 10.5], "texture": "#1"},
				"east": {"uv": [1, 9.5, 1.5, 10.5], "texture": "#1"},
				"south": {"uv": [1.5, 9.5, 2, 10.5], "texture": "#1"},
				"west": {"uv": [2, 9.5, 2.5, 10.5], "texture": "#1"}
			}
		},
		{
			"from": [7, 20, 3],
			"to": [9, 22, 7],
			"faces": {
				"north": {"uv": [8.5, 10.25, 9, 10.75], "texture": "#0"},
				"east": {"uv": [4, 10.25, 5, 10.75], "texture": "#1"},
				"south": {"uv": [9, 10.25, 9.5, 10.75], "texture": "#1"},
				"west": {"uv": [5, 10.25, 6, 10.75], "texture": "#1"},
				"up": {"uv": [3, 10.5, 2.5, 9.5], "texture": "#1"},
				"down": {"uv": [6.5, 10.25, 6, 11.25], "texture": "#1"}
			}
		},
		{
			"from": [7.025, 20, 1],
			"to": [8.99, 22.828, 3],
			"rotation": {"angle": 45, "axis": "x", "origin": [8, 20, 1]},
			"faces": {
				"north": {"uv": [6.5, 10.25, 7, 11], "texture": "#1"},
				"east": {"uv": [7, 10.25, 7.5, 11], "texture": "#1"},
				"south": {"uv": [7.5, 10.25, 8, 11], "texture": "#1"},
				"west": {"uv": [8, 10.25, 8.5, 11], "texture": "#1"},
				"up": {"uv": [10, 10.75, 9.5, 10.25], "texture": "#1"}
			}
		},
		{
			"from": [3, 16, 1],
			"to": [5, 18, 3],
			"faces": {
				"north": {"uv": [10, 10.25, 10.5, 10.75], "texture": "#1"},
				"east": {"uv": [0.5, 10.5, 1, 11], "texture": "#1"},
				"south": {"uv": [1, 10.5, 1.5, 11], "texture": "#1"},
				"west": {"uv": [1.5, 10.5, 2, 11], "texture": "#1"},
				"up": {"uv": [2.5, 11, 2, 10.5], "texture": "#1"}
			}
		},
		{
			"from": [11, 16, 1],
			"to": [13, 18, 3],
			"faces": {
				"north": {"uv": [2.5, 10.5, 3, 11], "texture": "#1"},
				"east": {"uv": [10.5, 10, 11, 10.5], "texture": "#1"},
				"south": {"uv": [10.5, 10.5, 11, 11], "texture": "#1"},
				"west": {"uv": [4, 10.75, 4.5, 11.25], "texture": "#1"},
				"up": {"uv": [5, 11.25, 4.5, 10.75], "texture": "#1"}
			}
		},
		{
			"from": [2, 10, 0],
			"to": [14, 16, 4],
			"faces": {
				"south": {"uv": [0, 0, 3, 1.5], "texture": "#0"},
				"up": {"uv": [3, 3, 0, 2], "texture": "#0"}
			}
		},
		{
			"from": [2, 14, 0],
			"to": [14, 16, 4],
			"faces": {
				"north": {"uv": [4.25, 8.25, 7.25, 8.75], "texture": "#0", "cullface": "north"}
			}
		}
	],
	"display": {
		"thirdperson_righthand": {
			"rotation": [75, -45, 0],
			"translation": [0, 2.5, 0],
			"scale": [0.375, 0.375, 0.375]
		},
		"firstperson_righthand": {
			"rotation": [0, -45, 0],
			"translation": [0, 2.5, 0],
			"scale": [0.4, 0.4, 0.4]
		},
		"ground": {
			"translation": [0, 3, 0],
			"scale": [0.25, 0.25, 0.25]
		},
		"gui": {
			"rotation": [30, 45, 0],
			"translation": [0, -0.6, 0],
			"scale": [0.6, 0.6, 0.6]
		},
		"head": {
			"rotation": [0, -180, 0],
			"translation": [0, -1, 0]
		},
		"fixed": {
			"rotation": [-90, -180, 0],
			"translation": [0, 0, -16],
			"scale": [2, 2, 2]
		}
	}
}