{
	"format_version": "1.21.6",
	"credit": "Model generated using MrCrayfish's Model Creator (https://mrcrayfish.com/tools?id=mc)",
	"texture_size": [64, 64],
	"textures": {
		"0": "block/kitchen_drawer",
		"particle": "block/kitchen_drawer"
	},
	"elements": [
		{
			"from": [0, 0, 0],
			"to": [16, 13, 15],
			"faces": {
				"north": {"uv": [4, 3.75, 8, 7], "texture": "#0", "cullface": "north", "tintindex": 1},
				"east": {"uv": [0, 8, 3.75, 11.25], "texture": "#0", "cullface": "east", "tintindex": 1},
				"south": {"uv": [4, 3.75, 8, 7], "texture": "#0", "tintindex": 1},
				"west": {"uv": [8, 0, 11.75, 3.25], "texture": "#0", "cullface": "west", "tintindex": 1},
				"down": {"uv": [8, 0, 4, 3.75], "texture": "#0", "cullface": "down", "tintindex": 1}
			}
		},
		{
			"from": [0, 13, 0],
			"to": [16, 16, 16],
			"faces": {
				"north": {"uv": [8, 9.5, 12, 10.25], "texture": "#0", "cullface": "north"},
				"east": {"uv": [3.75, 10.25, 7.75, 11], "texture": "#0", "cullface": "east"},
				"south": {"uv": [7.75, 10.25, 11.75, 11], "texture": "#0", "cullface": "south"},
				"west": {"uv": [3.75, 11, 7.75, 11.75], "texture": "#0", "cullface": "west"},
				"up": {"uv": [4, 4, 0, 0], "texture": "#0", "cullface": "up"},
				"down": {"uv": [4, 4, 0, 8], "texture": "#0"}
			}
		},
		{
			"from": [1, 1, 15],
			"to": [15, 6, 16],
			"faces": {
				"east": {"uv": [3.75, 8, 4, 9.25], "texture": "#0"},
				"south": {"uv": [8, 3.25, 11.5, 4.5], "texture": "#0", "cullface": "south"},
				"west": {"uv": [3.5, 11.25, 3.75, 12.5], "texture": "#0"},
				"up": {"uv": [13.75, 11.25, 10.25, 11], "texture": "#0"},
				"down": {"uv": [3.5, 11.25, 0, 11.5], "texture": "#0"}
			}
		},
		{
			"from": [1, 7, 20],
			"to": [15, 12, 21],
			"faces": {
				"north": {"uv": [8, 4.5, 11.5, 5.75], "texture": "#0", "cullface": "north"},
				"east": {"uv": [11.5, 3.25, 11.75, 4.5], "texture": "#0", "cullface": "east"},
				"south": {"uv": [8, 5.75, 11.5, 7], "texture": "#0", "cullface": "south"},
				"west": {"uv": [11.5, 4.5, 11.75, 5.75], "texture": "#0", "cullface": "west"},
				"up": {"uv": [13.75, 11.5, 10.25, 11.25], "texture": "#0", "cullface": "up"},
				"down": {"uv": [3.5, 11.5, 0, 11.75], "texture": "#0", "cullface": "down"}
			}
		},
		{
			"from": [7, 8.5, 21],
			"to": [9, 10.5, 22],
			"faces": {
				"east": {"uv": [3.75, 9.25, 4, 9.75], "texture": "#0", "cullface": "east", "tintindex": 1},
				"south": {"uv": [11.25, 11.5, 11.75, 12], "texture": "#0", "cullface": "south", "tintindex": 1},
				"west": {"uv": [3.75, 9.75, 4, 10.25], "texture": "#0", "cullface": "west", "tintindex": 1},
				"up": {"uv": [12.25, 0.25, 11.75, 0], "texture": "#0", "cullface": "up", "tintindex": 1},
				"down": {"uv": [12.25, 0.25, 11.75, 0.5], "texture": "#0", "cullface": "down", "tintindex": 1}
			}
		},
		{
			"from": [7, 2.5, 16],
			"to": [9, 4.5, 17],
			"faces": {
				"east": {"uv": [0.5, 11.75, 0.75, 12.25], "texture": "#0", "tintindex": 1},
				"south": {"uv": [0, 11.75, 0.5, 12.25], "texture": "#0", "tintindex": 1},
				"west": {"uv": [11.75, 0.5, 12, 1], "texture": "#0", "tintindex": 1},
				"up": {"uv": [1.25, 12, 0.75, 11.75], "texture": "#0", "tintindex": 1},
				"down": {"uv": [12.25, 1, 11.75, 1.25], "texture": "#0", "tintindex": 1}
			}
		},
		{
			"from": [1, 7, 15],
			"to": [2, 12, 20],
			"faces": {
				"east": {"uv": [11, 7, 12.25, 8.25], "texture": "#0"},
				"west": {"uv": [7.75, 11, 9, 12.25], "texture": "#0"},
				"up": {"uv": [11.75, 7, 11.5, 5.75], "texture": "#0"},
				"down": {"uv": [10.5, 11.5, 10.25, 12.75], "texture": "#0"}
			}
		},
		{
			"from": [14, 7, 15],
			"to": [15, 12, 20],
			"faces": {
				"east": {"uv": [11, 8.25, 12.25, 9.5], "texture": "#0"},
				"south": {"uv": [10.5, 11.5, 10.75, 12.75], "texture": "#0"},
				"west": {"uv": [9, 11, 10.25, 12.25], "texture": "#0"},
				"up": {"uv": [11, 12.75, 10.75, 11.5], "texture": "#0"},
				"down": {"uv": [11.25, 11.5, 11, 12.75], "texture": "#0"}
			}
		},
		{
			"from": [2, 7, 15],
			"to": [14, 8, 20],
			"faces": {
				"up": {"uv": [11, 8.25, 8, 7], "texture": "#0"},
				"down": {"uv": [11, 8.25, 8, 9.5], "texture": "#0"}
			}
		}
	],
	"display": {
		"fixed": {
			"rotation": [-90, -180, 0],
			"translation": [0, 0, -16],
			"scale": [2, 2, 2]
		}
	}
}