{
	"format_version": "1.21.6",
	"credit": "Made with Blockbench",
	"texture_size": [64, 64],
	"textures": {
		"0": "block/kitchen_drawer",
		"particle": "block/kitchen_drawer"
	},
	"elements": [
		{
			"from": [0, 0, 0],
			"to": [16, 13, 15],
			"faces": {
				"north": {"uv": [4, 3.75, 8, 7], "texture": "#0", "cullface": "north", "tintindex": 1},
				"east": {"uv": [0, 8, 3.75, 11.25], "texture": "#0", "cullface": "east", "tintindex": 1},
				"south": {"uv": [4, 3.75, 8, 7], "texture": "#0", "tintindex": 1},
				"west": {"uv": [8, 0, 11.75, 3.25], "texture": "#0", "cullface": "west", "tintindex": 1},
				"down": {"uv": [8, 0, 4, 3.75], "texture": "#0", "cullface": "down", "tintindex": 1}
			}
		},
		{
			"from": [0, 13, 0],
			"to": [16, 16, 16],
			"faces": {
				"north": {"uv": [8, 9.5, 12, 10.25], "texture": "#0", "cullface": "north"},
				"east": {"uv": [3.75, 10.25, 7.75, 11], "texture": "#0", "cullface": "east"},
				"south": {"uv": [7.75, 10.25, 11.75, 11], "texture": "#0", "cullface": "south"},
				"west": {"uv": [3.75, 11, 7.75, 11.75], "texture": "#0", "cullface": "west"},
				"up": {"uv": [4, 4, 0, 0], "texture": "#0", "cullface": "up"},
				"down": {"uv": [4, 4, 0, 8], "texture": "#0"}
			}
		}
	],
	"display": {
		"fixed": {
			"rotation": [-90, -180, 0],
			"translation": [0, 0, -16],
			"scale": [2, 2, 2]
		}
	}
}