{
	"format_version": "1.21.6",
	"credit": "Made with Blockbench",
	"texture_size": [64, 64],
	"textures": {
		"0": "block/kitchen_dsink",
		"particle": "block/kitchen_dsink"
	},
	"elements": [
		{
			"from": [0, 0, 0],
			"to": [16, 14, 16],
			"faces": {
				"north": {"uv": [8, 0, 12, 3.375], "texture": "#0"},
				"east": {"uv": [8, 0, 12, 3.375], "texture": "#0"},
				"south": {"uv": [8, 0, 12, 3.375], "texture": "#0"},
				"west": {"uv": [8, 0, 12, 3.375], "texture": "#0"},
				"up": {"uv": [8, 0, 12, 3.375], "texture": "#0"},
				"down": {"uv": [8, 0, 12, 3.375], "texture": "#0"}
			}
		},
		{
			"from": [0, 14, -1],
			"to": [16, 16, 16],
			"rotation": {"angle": 0, "axis": "y", "origin": [0, 14, 0]},
			"faces": {
				"north": {"uv": [4, 8.25, 8, 8.75], "texture": "#0"},
				"east": {"uv": [4, 10.5, 8.25, 11], "texture": "#0"},
				"south": {"uv": [4, 8.75, 8, 9.25], "texture": "#0"},
				"west": {"uv": [8.25, 10.5, 12.5, 11], "texture": "#0"},
				"up": {"uv": [4, 4.25, 0, 0], "texture": "#0"},
				"down": {"uv": [8, 0, 4, 4.25], "texture": "#0"}
			}
		}
	],
	"display": {
		"fixed": {
			"rotation": [-90, 0, 0],
			"translation": [0, 0, -16],
			"scale": [2, 2, 2]
		}
	},
	"groups": [
		{
			"name": "group",
			"origin": [0, 0, 0],
			"color": 0,
			"children": [0, 1]
		}
	]
}