{
	"format_version": "1.21.6",
	"credit": "Made with Blockbench",
	"textures": {
		"1": "item/lamp_e",
		"2": "item/dark_oak_planks",
		"particle": "item/lamp_e"
	},
	"elements": [
		{
			"from": [1, 14, 6],
			"to": [2, 17, 10],
			"rotation": {"angle": 22.5, "axis": "z", "origin": [1.5, 15, 8]},
			"faces": {
				"north": {"uv": [10, 3, 11, 6], "texture": "#2"},
				"east": {"uv": [10, 3, 14, 6], "rotation": 180, "texture": "#2"},
				"south": {"uv": [13, 3, 14, 6], "texture": "#2"},
				"west": {"uv": [10, 3, 14, 6], "texture": "#2"},
				"up": {"uv": [10, 3, 14, 4], "rotation": 90, "texture": "#2"},
				"down": {"uv": [10, 3, 14, 4], "rotation": 270, "texture": "#2"}
			}
		},
		{
			"from": [14, 14, 6],
			"to": [15, 17, 10],
			"rotation": {"angle": -22.5, "axis": "z", "origin": [14.5, 15, 8]},
			"faces": {
				"north": {"uv": [11, 3, 10, 6], "texture": "#2"},
				"east": {"uv": [14, 3, 10, 6], "texture": "#2"},
				"south": {"uv": [14, 3, 13, 6], "texture": "#2"},
				"west": {"uv": [14, 3, 10, 6], "rotation": 180, "texture": "#2"},
				"up": {"uv": [10, 4, 14, 3], "rotation": 90, "texture": "#2"},
				"down": {"uv": [10, 4, 14, 3], "rotation": 270, "texture": "#2"}
			}
		},
		{
			"from": [6, 16.48744, 1.49478],
			"to": [10, 19.48744, 2.49478],
			"rotation": {"angle": -22.5, "axis": "x", "origin": [8, 15, 8]},
			"faces": {
				"north": {"uv": [14, 3, 10, 6], "texture": "#2"},
				"east": {"uv": [14, 3, 13, 6], "texture": "#2"},
				"south": {"uv": [14, 3, 10, 6], "rotation": 180, "texture": "#2"},
				"west": {"uv": [11, 3, 10, 6], "texture": "#2"},
				"up": {"uv": [10, 4, 14, 3], "texture": "#2"},
				"down": {"uv": [10, 4, 14, 3], "texture": "#2"}
			}
		},
		{
			"from": [6, 16.48744, 13.50522],
			"to": [10, 19.48744, 14.50522],
			"rotation": {"angle": 22.5, "axis": "x", "origin": [8, 15, 8]},
			"faces": {
				"north": {"uv": [10, 3, 14, 6], "rotation": 180, "texture": "#2"},
				"east": {"uv": [13, 3, 14, 6], "texture": "#2"},
				"south": {"uv": [10, 3, 14, 6], "texture": "#2"},
				"west": {"uv": [10, 3, 11, 6], "texture": "#2"},
				"up": {"uv": [10, 3, 14, 4], "texture": "#2"},
				"down": {"uv": [10, 3, 14, 4], "texture": "#2"}
			}
		},
		{
			"name": "hexadecagon",
			"from": [6.80653, 13, 2],
			"to": [9.19347, 16, 14],
			"rotation": {"angle": -45, "axis": "y", "origin": [8, 9, 8]},
			"faces": {
				"north": {"uv": [0, 0, 1, 1], "texture": "#1"},
				"east": {"uv": [0, 0, 1, 1], "texture": "#1"},
				"south": {"uv": [0, 0, 1, 1], "texture": "#1"},
				"west": {"uv": [0, 0, 1, 1], "texture": "#1"},
				"up": {"uv": [0, 0, 1, 1], "texture": "#1"},
				"down": {"uv": [0, 0, 1, 1], "texture": "#1"}
			}
		},
		{
			"name": "hexadecagon",
			"from": [6.80653, 13, 2],
			"to": [9.19347, 16, 14],
			"rotation": {"angle": -22.5, "axis": "y", "origin": [8, 9, 8]},
			"faces": {
				"north": {"uv": [0, 0, 1, 1], "texture": "#1"},
				"east": {"uv": [0, 0, 1, 1], "texture": "#1"},
				"south": {"uv": [0, 0, 1, 1], "texture": "#1"},
				"west": {"uv": [0, 0, 1, 1], "texture": "#1"},
				"up": {"uv": [0, 0, 1, 1], "texture": "#1"},
				"down": {"uv": [0, 0, 1, 1], "texture": "#1"}
			}
		},
		{
			"name": "hexadecagon",
			"from": [6.80653, 13, 2],
			"to": [9.19347, 16, 14],
			"faces": {
				"north": {"uv": [0, 0, 1, 1], "texture": "#1"},
				"east": {"uv": [0, 0, 1, 1], "texture": "#1"},
				"south": {"uv": [0, 0, 1, 1], "texture": "#1"},
				"west": {"uv": [0, 0, 1, 1], "texture": "#1"},
				"up": {"uv": [0, 0, 1, 1], "texture": "#1"},
				"down": {"uv": [0, 0, 1, 1], "texture": "#1"}
			}
		},
		{
			"name": "hexadecagon",
			"from": [6.80653, 13, 2],
			"to": [9.19347, 16, 14],
			"rotation": {"angle": 22.5, "axis": "y", "origin": [8, 9, 8]},
			"faces": {
				"north": {"uv": [0, 0, 1, 1], "texture": "#1"},
				"east": {"uv": [0, 0, 1, 1], "texture": "#1"},
				"south": {"uv": [0, 0, 1, 1], "texture": "#1"},
				"west": {"uv": [0, 0, 1, 1], "texture": "#1"},
				"up": {"uv": [0, 0, 1, 1], "texture": "#1"},
				"down": {"uv": [0, 0, 1, 1], "texture": "#1"}
			}
		},
		{
			"name": "hexadecagon",
			"from": [6.80653, 13, 2],
			"to": [9.19347, 16, 14],
			"rotation": {"angle": 45, "axis": "y", "origin": [8, 9, 8]},
			"faces": {
				"north": {"uv": [0, 0, 1, 1], "texture": "#1"},
				"east": {"uv": [0, 0, 1, 1], "texture": "#1"},
				"south": {"uv": [0, 0, 1, 1], "texture": "#1"},
				"west": {"uv": [0, 0, 1, 1], "texture": "#1"},
				"up": {"uv": [0, 0, 1, 1], "texture": "#1"},
				"down": {"uv": [0, 0, 1, 1], "texture": "#1"}
			}
		},
		{
			"name": "hexadecagon",
			"from": [2, 13, 6.80653],
			"to": [14, 16, 9.19347],
			"rotation": {"angle": -22.5, "axis": "y", "origin": [8, 9, 8]},
			"faces": {
				"north": {"uv": [0, 0, 1, 1], "texture": "#1"},
				"east": {"uv": [0, 0, 1, 1], "texture": "#1"},
				"south": {"uv": [0, 0, 1, 1], "texture": "#1"},
				"west": {"uv": [0, 0, 1, 1], "texture": "#1"},
				"up": {"uv": [0, 0, 1, 1], "texture": "#1"},
				"down": {"uv": [0, 0, 1, 1], "texture": "#1"}
			}
		},
		{
			"name": "hexadecagon",
			"from": [2, 13, 6.80653],
			"to": [14, 16, 9.19347],
			"faces": {
				"north": {"uv": [0, 0, 1, 1], "texture": "#1"},
				"east": {"uv": [0, 0, 1, 1], "texture": "#1"},
				"south": {"uv": [0, 0, 1, 1], "texture": "#1"},
				"west": {"uv": [0, 0, 1, 1], "texture": "#1"},
				"up": {"uv": [0, 0, 1, 1], "texture": "#1"},
				"down": {"uv": [0, 0, 1, 1], "texture": "#1"}
			}
		},
		{
			"name": "hexadecagon",
			"from": [2, 13, 6.80653],
			"to": [14, 16, 9.19347],
			"rotation": {"angle": 22.5, "axis": "y", "origin": [8, 9, 8]},
			"faces": {
				"north": {"uv": [0, 0, 1, 1], "texture": "#1"},
				"east": {"uv": [0, 0, 1, 1], "texture": "#1"},
				"south": {"uv": [0, 0, 1, 1], "texture": "#1"},
				"west": {"uv": [0, 0, 1, 1], "texture": "#1"},
				"up": {"uv": [0, 0, 1, 1], "texture": "#1"},
				"down": {"uv": [0, 0, 1, 1], "texture": "#1"}
			}
		},
		{
			"name": "hexadecagon",
			"from": [6.60761, 13.75, 1],
			"to": [9.39239, 14.75, 2],
			"rotation": {"angle": -45, "axis": "y", "origin": [8, 6.75, 8]},
			"faces": {
				"north": {"uv": [9, 1, 11.78477, 2], "texture": "#2"},
				"east": {"uv": [9, 1, 10, 2], "texture": "#2"},
				"south": {"uv": [9, 1, 11.78477, 2], "texture": "#2"},
				"west": {"uv": [9, 1, 10, 2], "texture": "#2"},
				"up": {"uv": [9, 1, 11.78477, 2], "texture": "#2"},
				"down": {"uv": [9, 1, 11.78477, 2], "texture": "#2"}
			}
		},
		{
			"name": "hexadecagon",
			"from": [6.60761, 13.75, 1],
			"to": [9.39239, 14.75, 2],
			"rotation": {"angle": -22.5, "axis": "y", "origin": [8, 6.75, 8]},
			"faces": {
				"north": {"uv": [9, 1, 11.78477, 2], "texture": "#2"},
				"east": {"uv": [9, 1, 10, 2], "texture": "#2"},
				"south": {"uv": [9, 1, 11.78477, 2], "texture": "#2"},
				"west": {"uv": [9, 1, 10, 2], "texture": "#2"},
				"up": {"uv": [9, 1, 11.78477, 2], "texture": "#2"},
				"down": {"uv": [9, 1, 11.78477, 2], "texture": "#2"}
			}
		},
		{
			"name": "hexadecagon",
			"from": [6.60761, 13.75, 1],
			"to": [9.39239, 14.75, 2],
			"faces": {
				"north": {"uv": [9, 1, 11.78477, 2], "texture": "#2"},
				"east": {"uv": [9, 1, 10, 2], "texture": "#2"},
				"south": {"uv": [9, 1, 11.78477, 2], "texture": "#2"},
				"west": {"uv": [9, 1, 10, 2], "texture": "#2"},
				"up": {"uv": [9, 1, 11.78477, 2], "texture": "#2"},
				"down": {"uv": [9, 1, 11.78477, 2], "texture": "#2"}
			}
		},
		{
			"name": "hexadecagon",
			"from": [6.60761, 13.75, 1],
			"to": [9.39239, 14.75, 2],
			"rotation": {"angle": 22.5, "axis": "y", "origin": [8, 6.75, 8]},
			"faces": {
				"north": {"uv": [9, 1, 11.78477, 2], "texture": "#2"},
				"east": {"uv": [9, 1, 10, 2], "texture": "#2"},
				"south": {"uv": [9, 1, 11.78477, 2], "texture": "#2"},
				"west": {"uv": [9, 1, 10, 2], "texture": "#2"},
				"up": {"uv": [9, 1, 11.78477, 2], "texture": "#2"},
				"down": {"uv": [9, 1, 11.78477, 2], "texture": "#2"}
			}
		},
		{
			"name": "hexadecagon",
			"from": [6.60761, 13.75, 1],
			"to": [9.39239, 14.75, 2],
			"rotation": {"angle": 45, "axis": "y", "origin": [8, 6.75, 8]},
			"faces": {
				"north": {"uv": [9, 1, 11.78477, 2], "texture": "#2"},
				"east": {"uv": [9, 1, 10, 2], "texture": "#2"},
				"south": {"uv": [9, 1, 11.78477, 2], "texture": "#2"},
				"west": {"uv": [9, 1, 10, 2], "texture": "#2"},
				"up": {"uv": [9, 1, 11.78477, 2], "texture": "#2"},
				"down": {"uv": [9, 1, 11.78477, 2], "texture": "#2"}
			}
		},
		{
			"name": "hexadecagon",
			"from": [6.60761, 13.75, 14],
			"to": [9.39239, 14.75, 15],
			"rotation": {"angle": -45, "axis": "y", "origin": [8, 6.75, 8]},
			"faces": {
				"north": {"uv": [9, 1, 11.78477, 2], "texture": "#2"},
				"east": {"uv": [9, 1, 10, 2], "texture": "#2"},
				"south": {"uv": [9, 1, 11.78477, 2], "texture": "#2"},
				"west": {"uv": [9, 1, 10, 2], "texture": "#2"},
				"up": {"uv": [9, 1, 11.78477, 2], "texture": "#2"},
				"down": {"uv": [9, 1, 11.78477, 2], "texture": "#2"}
			}
		},
		{
			"name": "hexadecagon",
			"from": [6.60761, 13.75, 14],
			"to": [9.39239, 14.75, 15],
			"rotation": {"angle": -22.5, "axis": "y", "origin": [8, 6.75, 8]},
			"faces": {
				"north": {"uv": [9, 1, 11.78477, 2], "texture": "#2"},
				"east": {"uv": [9, 1, 10, 2], "texture": "#2"},
				"south": {"uv": [9, 1, 11.78477, 2], "texture": "#2"},
				"west": {"uv": [9, 1, 10, 2], "texture": "#2"},
				"up": {"uv": [9, 1, 11.78477, 2], "texture": "#2"},
				"down": {"uv": [9, 1, 11.78477, 2], "texture": "#2"}
			}
		},
		{
			"name": "hexadecagon",
			"from": [6.60761, 13.75, 14],
			"to": [9.39239, 14.75, 15],
			"faces": {
				"north": {"uv": [9, 1, 11.78477, 2], "texture": "#2"},
				"east": {"uv": [9, 1, 10, 2], "texture": "#2"},
				"south": {"uv": [9, 1, 11.78477, 2], "texture": "#2"},
				"west": {"uv": [9, 1, 10, 2], "texture": "#2"},
				"up": {"uv": [9, 1, 11.78477, 2], "texture": "#2"},
				"down": {"uv": [9, 1, 11.78477, 2], "texture": "#2"}
			}
		},
		{
			"name": "hexadecagon",
			"from": [6.60761, 13.75, 14],
			"to": [9.39239, 14.75, 15],
			"rotation": {"angle": 22.5, "axis": "y", "origin": [8, 6.75, 8]},
			"faces": {
				"north": {"uv": [9, 1, 11.78477, 2], "texture": "#2"},
				"east": {"uv": [9, 1, 10, 2], "texture": "#2"},
				"south": {"uv": [9, 1, 11.78477, 2], "texture": "#2"},
				"west": {"uv": [9, 1, 10, 2], "texture": "#2"},
				"up": {"uv": [9, 1, 11.78477, 2], "texture": "#2"},
				"down": {"uv": [9, 1, 11.78477, 2], "texture": "#2"}
			}
		},
		{
			"name": "hexadecagon",
			"from": [6.60761, 13.75, 14],
			"to": [9.39239, 14.75, 15],
			"rotation": {"angle": 45, "axis": "y", "origin": [8, 6.75, 8]},
			"faces": {
				"north": {"uv": [9, 1, 11.78477, 2], "texture": "#2"},
				"east": {"uv": [9, 1, 10, 2], "texture": "#2"},
				"south": {"uv": [9, 1, 11.78477, 2], "texture": "#2"},
				"west": {"uv": [9, 1, 10, 2], "texture": "#2"},
				"up": {"uv": [9, 1, 11.78477, 2], "texture": "#2"},
				"down": {"uv": [9, 1, 11.78477, 2], "texture": "#2"}
			}
		},
		{
			"name": "hexadecagon",
			"from": [1, 13.75, 6.60761],
			"to": [2, 14.75, 9.39239],
			"rotation": {"angle": -22.5, "axis": "y", "origin": [8, 6.75, 8]},
			"faces": {
				"north": {"uv": [9, 1, 10, 2], "texture": "#2"},
				"east": {"uv": [9, 1, 11.78477, 2], "texture": "#2"},
				"south": {"uv": [9, 1, 10, 2], "texture": "#2"},
				"west": {"uv": [9, 1, 11.78477, 2], "texture": "#2"},
				"up": {"uv": [9, 1, 10, 3.78477], "texture": "#2"},
				"down": {"uv": [9, 1, 10, 3.78477], "texture": "#2"}
			}
		},
		{
			"name": "hexadecagon",
			"from": [1, 13.75, 6.60761],
			"to": [2, 14.75, 9.39239],
			"faces": {
				"north": {"uv": [9, 1, 10, 2], "texture": "#2"},
				"east": {"uv": [9, 1, 11.78477, 2], "texture": "#2"},
				"south": {"uv": [9, 1, 10, 2], "texture": "#2"},
				"west": {"uv": [9, 1, 11.78477, 2], "texture": "#2"},
				"up": {"uv": [9, 1, 10, 3.78477], "texture": "#2"},
				"down": {"uv": [9, 1, 10, 3.78477], "texture": "#2"}
			}
		},
		{
			"name": "hexadecagon",
			"from": [1, 13.75, 6.60761],
			"to": [2, 14.75, 9.39239],
			"rotation": {"angle": 22.5, "axis": "y", "origin": [8, 6.75, 8]},
			"faces": {
				"north": {"uv": [9, 1, 10, 2], "texture": "#2"},
				"east": {"uv": [9, 1, 11.78477, 2], "texture": "#2"},
				"south": {"uv": [9, 1, 10, 2], "texture": "#2"},
				"west": {"uv": [9, 1, 11.78477, 2], "texture": "#2"},
				"up": {"uv": [9, 1, 10, 3.78477], "texture": "#2"},
				"down": {"uv": [9, 1, 10, 3.78477], "texture": "#2"}
			}
		},
		{
			"name": "hexadecagon",
			"from": [14, 13.75, 6.60761],
			"to": [15, 14.75, 9.39239],
			"rotation": {"angle": -22.5, "axis": "y", "origin": [8, 6.75, 8]},
			"faces": {
				"north": {"uv": [9, 1, 10, 2], "texture": "#2"},
				"east": {"uv": [9, 1, 11.78477, 2], "texture": "#2"},
				"south": {"uv": [9, 1, 10, 2], "texture": "#2"},
				"west": {"uv": [9, 1, 11.78477, 2], "texture": "#2"},
				"up": {"uv": [9, 1, 10, 3.78477], "texture": "#2"},
				"down": {"uv": [9, 1, 10, 3.78477], "texture": "#2"}
			}
		},
		{
			"name": "hexadecagon",
			"from": [14, 13.75, 6.60761],
			"to": [15, 14.75, 9.39239],
			"faces": {
				"north": {"uv": [9, 1, 10, 2], "texture": "#2"},
				"east": {"uv": [9, 1, 11.78477, 2], "texture": "#2"},
				"south": {"uv": [9, 1, 10, 2], "texture": "#2"},
				"west": {"uv": [9, 1, 11.78477, 2], "texture": "#2"},
				"up": {"uv": [9, 1, 10, 3.78477], "texture": "#2"},
				"down": {"uv": [9, 1, 10, 3.78477], "texture": "#2"}
			}
		},
		{
			"name": "hexadecagon",
			"from": [14, 13.75, 6.60761],
			"to": [15, 14.75, 9.39239],
			"rotation": {"angle": 22.5, "axis": "y", "origin": [8, 6.75, 8]},
			"faces": {
				"north": {"uv": [9, 1, 10, 2], "texture": "#2"},
				"east": {"uv": [9, 1, 11.78477, 2], "texture": "#2"},
				"south": {"uv": [9, 1, 10, 2], "texture": "#2"},
				"west": {"uv": [9, 1, 11.78477, 2], "texture": "#2"},
				"up": {"uv": [9, 1, 10, 3.78477], "texture": "#2"},
				"down": {"uv": [9, 1, 10, 3.78477], "texture": "#2"}
			}
		}
	],
	"display": {
		"fixed": {
			"rotation": [90, 0, 0],
			"translation": [0, 0, -16.75],
			"scale": [2, 2, 2]
		}
	},
	"groups": [
		0,
		1,
		2,
		3,
		{
			"name": "hexadecagon",
			"origin": [8, 8, 8],
			"color": 0,
			"children": [4, 5, 6, 7, 8, 9, 10, 11]
		},
		{
			"name": "hexadecagon",
			"origin": [8, 8, 8],
			"color": 0,
			"children": [12, 13, 14, 15, 16, 17, 18, 19, 20, 21, 22, 23, 24, 25, 26, 27]
		}
	]
}