{
	"format_version": "1.21.6",
	"credit": "Made with Blockbench",
	"texture_size": [32, 32],
	"textures": {
		"2": "block/spruce_log",
		"3": "block/spruce_planks",
		"5": "block/custom/snow"
	},
	"elements": [
		{
			"from": [2.69824, 5.79, -7.72051],
			"to": [13.17824, 6.01, -5.52051],
			"rotation": {"angle": 0, "axis": "y", "origin": [4.87938, 9.58672, 2.15887]},
			"faces": {
				"north": {"uv": [0, 0, 10, 1], "texture": "#2"},
				"east": {"uv": [0, 0, 2, 1], "texture": "#2"},
				"south": {"uv": [6, 4, 8, 5], "texture": "#2"},
				"west": {"uv": [0, 0, 2, 1], "texture": "#2"},
				"up": {"uv": [0, 2, 2, 8], "rotation": 90, "texture": "#2"},
				"down": {"uv": [12, 8, 14, 15], "rotation": 270, "texture": "#2"}
			}
		},
		{
			"from": [1.32116, 7.92043, 9.87949],
			"to": [2.42116, 17.82043, 12.07949],
			"rotation": {"angle": 22.5, "axis": "z", "origin": [4.87938, 9.58672, 2.15887]},
			"faces": {
				"north": {"uv": [14, 8, 15, 16], "texture": "#2"},
				"east": {"uv": [11, 0, 13, 8], "texture": "#2"},
				"south": {"uv": [11, 5, 12, 13], "texture": "#2"},
				"west": {"uv": [10, 8, 12, 16], "texture": "#2"},
				"up": {"uv": [14, 15, 16, 16], "rotation": 90, "texture": "#2"},
				"down": {"uv": [14, 8, 16, 16], "rotation": 270, "texture": "#2"}
			}
		},
		{
			"from": [1.32116, 7.92043, -7.72051],
			"to": [2.42116, 17.82043, -5.52051],
			"rotation": {"angle": 22.5, "axis": "z", "origin": [4.87938, 9.58672, 2.15887]},
			"faces": {
				"north": {"uv": [14, 8, 15, 16], "texture": "#2"},
				"east": {"uv": [14, 8, 16, 16], "texture": "#2"},
				"south": {"uv": [11, 5, 12, 13], "texture": "#2"},
				"west": {"uv": [14, 8, 16, 16], "texture": "#2"},
				"up": {"uv": [14, 15, 16, 16], "rotation": 90, "texture": "#2"},
				"down": {"uv": [14, 8, 16, 16], "rotation": 270, "texture": "#2"}
			}
		},
		{
			"from": [2.42116, 10.12043, 2.17949],
			"to": [3.52116, 12.32043, 19.77949],
			"rotation": {"angle": 22.5, "axis": "z", "origin": [4.87938, 9.58672, 2.15887]},
			"faces": {
				"north": {"uv": [0, 2, 16, 4], "texture": "#3"},
				"east": {"uv": [0, 1, 16, 3], "texture": "#3"},
				"south": {"uv": [0, 3, 1, 5], "texture": "#3"},
				"west": {"uv": [0, 4, 16, 6], "texture": "#3"},
				"up": {"uv": [0, 2, 16, 4], "rotation": 90, "texture": "#3"},
				"down": {"uv": [0, 2, 16, 4], "rotation": 270, "texture": "#3"}
			}
		},
		{
			"from": [2.42116, 16.72043, -15.42051],
			"to": [3.52116, 18.92043, 2.17949],
			"rotation": {"angle": 22.5, "axis": "z", "origin": [4.87938, 9.58672, 2.15887]},
			"faces": {
				"north": {"uv": [8, 3, 9, 5], "texture": "#3"},
				"east": {"uv": [0, 13, 16, 15], "texture": "#3"},
				"south": {"uv": [0, 2, 16, 4], "texture": "#3"},
				"west": {"uv": [0, 5, 16, 7], "texture": "#3"},
				"up": {"uv": [0, 2, 16, 4], "rotation": 90, "texture": "#3"},
				"down": {"uv": [0, 2, 16, 4], "rotation": 270, "texture": "#3"}
			}
		},
		{
			"from": [8.63824, 6.01, 2.17949],
			"to": [10.83824, 7.11, 19.77949],
			"rotation": {"angle": 0, "axis": "y", "origin": [4.87938, 9.58672, 2.15887]},
			"faces": {
				"north": {"uv": [0, 0, 10, 1], "texture": "#3"},
				"east": {"uv": [0, 0, 16, 1], "texture": "#3"},
				"south": {"uv": [6, 4, 8, 5], "texture": "#3"},
				"west": {"uv": [0, 0, 16, 1], "texture": "#3"},
				"up": {"uv": [0, 8, 16, 10], "rotation": 90, "texture": "#3"},
				"down": {"uv": [0, 4, 16, 6], "rotation": 270, "texture": "#3"}
			}
		},
		{
			"from": [11.63824, 6.01, -15.42051],
			"to": [13.83824, 7.11, 2.17949],
			"rotation": {"angle": 0, "axis": "y", "origin": [7.87938, 9.58672, 2.15887]},
			"faces": {
				"north": {"uv": [0, 0, 2, 1], "texture": "#3"},
				"east": {"uv": [0, 0, 16, 1], "texture": "#3"},
				"south": {"uv": [0, 0, 10, 1], "texture": "#3"},
				"west": {"uv": [0, 0, 16, 1], "texture": "#3"},
				"up": {"uv": [0, 8, 16, 10], "rotation": 90, "texture": "#3"},
				"down": {"uv": [0, 4, 16, 6], "rotation": 270, "texture": "#3"}
			}
		},
		{
			"from": [11.63824, 7.11, -15.42051],
			"to": [13.83824, 7.385, 19.77949],
			"rotation": {"angle": 0, "axis": "y", "origin": [7.87938, 9.58672, 2.15887]},
			"faces": {
				"north": {"uv": [9, 10, 10, 10.25], "texture": "#5"},
				"east": {"uv": [0, 8, 16, 8.25], "texture": "#5"},
				"south": {"uv": [8, 10, 9, 10.25], "texture": "#5"},
				"west": {"uv": [0, 8.5, 16, 8.75], "texture": "#5"},
				"up": {"uv": [16, 5, 0, 4], "rotation": 90, "texture": "#5"},
				"down": {"uv": [16, 5, 0, 6], "rotation": 270, "texture": "#missing"}
			}
		},
		{
			"from": [11.63824, 6.01, 2.17949],
			"to": [13.83824, 7.11, 19.77949],
			"rotation": {"angle": 0, "axis": "y", "origin": [7.87938, 9.58672, 2.15887]},
			"faces": {
				"north": {"uv": [0, 0, 10, 1], "texture": "#3"},
				"east": {"uv": [0, 0, 16, 1], "texture": "#3"},
				"south": {"uv": [6, 4, 8, 5], "texture": "#3"},
				"west": {"uv": [0, 0, 16, 1], "texture": "#3"},
				"up": {"uv": [0, 8, 16, 10], "rotation": 90, "texture": "#3"},
				"down": {"uv": [0, 4, 16, 6], "rotation": 270, "texture": "#3"}
			}
		},
		{
			"from": [8.63824, 6.01, -15.42051],
			"to": [10.83824, 7.11, 2.17949],
			"rotation": {"angle": 0, "axis": "y", "origin": [4.87938, 9.58672, 2.15887]},
			"faces": {
				"north": {"uv": [0, 0, 2, 1], "texture": "#3"},
				"east": {"uv": [0, 0, 16, 1], "texture": "#3"},
				"south": {"uv": [0, 0, 10, 1], "texture": "#3"},
				"west": {"uv": [0, 0, 16, 1], "texture": "#3"},
				"up": {"uv": [0, 8, 16, 10], "rotation": 90, "texture": "#3"},
				"down": {"uv": [0, 4, 16, 6], "rotation": 270, "texture": "#3"}
			}
		},
		{
			"from": [8.63824, 6.01, -15.42051],
			"to": [10.83824, 7.11, 2.17949],
			"rotation": {"angle": 0, "axis": "y", "origin": [4.87938, 9.58672, 2.15887]},
			"faces": {
				"north": {"uv": [0, 0, 2, 1], "texture": "#3"},
				"east": {"uv": [0, 0, 16, 1], "texture": "#3"},
				"south": {"uv": [0, 0, 10, 1], "texture": "#3"},
				"west": {"uv": [0, 0, 16, 1], "texture": "#3"},
				"up": {"uv": [0, 8, 16, 10], "rotation": 90, "texture": "#3"},
				"down": {"uv": [0, 4, 16, 6], "rotation": 270, "texture": "#3"}
			}
		},
		{
			"from": [12.29824, -4.59, 16.47949],
			"to": [13.28824, 11.51, 18.67949],
			"rotation": {"angle": 0, "axis": "y", "origin": [7.87938, 9.58672, 2.15887]},
			"faces": {
				"north": {"uv": [0, 0, 0.9, 11], "texture": "#2"},
				"east": {"uv": [0, 0, 1.1, 8.05], "texture": "#2"},
				"south": {"uv": [0, 0, 0.9, 11], "texture": "#2"},
				"west": {"uv": [0, 0, 2, 11], "texture": "#2"},
				"up": {"uv": [0, 0, 2, 0.9], "rotation": 90, "texture": "#2"},
				"down": {"uv": [0, 0, 2, 0.9], "rotation": 270, "texture": "#2"}
			}
		},
		{
			"from": [2.69824, -4.59, -14.32051],
			"to": [3.68824, 6.01, -12.12051],
			"rotation": {"angle": 0, "axis": "y", "origin": [4.87938, 9.58672, 2.15887]},
			"faces": {
				"north": {"uv": [0, 0, 0.9, 6], "texture": "#2"},
				"east": {"uv": [0, 0, 1.1, 5.3], "texture": "#2"},
				"south": {"uv": [0, 0, 0.9, 6], "texture": "#2"},
				"west": {"uv": [0, 0, 2, 6], "texture": "#2"},
				"up": {"uv": [0, 0, 2, 0.9], "rotation": 90, "texture": "#2"},
				"down": {"uv": [0, 0, 2, 0.9], "rotation": 270, "texture": "#2"}
			}
		},
		{
			"from": [2.69824, -4.59, 16.47949],
			"to": [3.68824, 6.01, 18.67949],
			"rotation": {"angle": 0, "axis": "y", "origin": [4.87938, 9.58672, 2.15887]},
			"faces": {
				"north": {"uv": [0, 0, 0.495, 5.3], "texture": "#2"},
				"east": {"uv": [0, 0, 2, 6], "texture": "#2"},
				"south": {"uv": [0, 0, 0.9, 6], "texture": "#2"},
				"west": {"uv": [0, 0, 2, 6], "texture": "#2"},
				"up": {"uv": [0, 0, 2, 0.9], "rotation": 90, "texture": "#2"},
				"down": {"uv": [0, 0, 2, 0.9], "rotation": 270, "texture": "#2"}
			}
		},
		{
			"from": [12.29824, -4.59, -14.32051],
			"to": [13.28824, 11.51, -12.12051],
			"rotation": {"angle": 0, "axis": "y", "origin": [7.87938, 9.58672, 2.15887]},
			"faces": {
				"north": {"uv": [0, 0, 0.9, 11], "texture": "#2"},
				"east": {"uv": [0, 0, 1.1, 8.05], "texture": "#2"},
				"south": {"uv": [0, 0, 0.9, 11], "texture": "#2"},
				"west": {"uv": [0, 0, 2, 11], "texture": "#2"},
				"up": {"uv": [0, 0, 2, 0.9], "rotation": 90, "texture": "#2"},
				"down": {"uv": [0, 0, 2, 0.9], "rotation": 270, "texture": "#2"}
			}
		},
		{
			"from": [2.58824, 10.52, 16.47949],
			"to": [12.39824, 11.51, 18.67949],
			"rotation": {"angle": 0, "axis": "y", "origin": [4.87938, 9.58672, 2.15887]},
			"faces": {
				"north": {"uv": [0, 0, 6.1, 0.9], "texture": "#2"},
				"east": {"uv": [0, 0, 2, 0.9], "texture": "#2"},
				"south": {"uv": [0, 0, 6.1, 0.9], "texture": "#2"},
				"west": {"uv": [0, 0, 2, 0.9], "texture": "#2"},
				"up": {"uv": [0, 0, 2, 6.1], "rotation": 90, "texture": "#2"},
				"down": {"uv": [0, 0, 2, 6.1], "rotation": 270, "texture": "#2"}
			}
		},
		{
			"from": [2.58824, 10.52, -14.32051],
			"to": [12.39824, 11.51, -12.12051],
			"rotation": {"angle": 0, "axis": "y", "origin": [4.87938, 9.58672, 2.15887]},
			"faces": {
				"north": {"uv": [0, 0, 6.1, 0.9], "texture": "#2"},
				"east": {"uv": [0, 0, 2, 0.9], "texture": "#2"},
				"south": {"uv": [0, 0, 6.1, 0.9], "texture": "#2"},
				"west": {"uv": [0, 0, 2, 0.9], "texture": "#2"},
				"up": {"uv": [0, 0, 2, 6.1], "rotation": 90, "texture": "#2"},
				"down": {"uv": [0, 0, 2, 6.1], "rotation": 270, "texture": "#2"}
			}
		},
		{
			"from": [2.42116, 13.42043, 2.17949],
			"to": [3.52116, 15.62043, 19.77949],
			"rotation": {"angle": 22.5, "axis": "z", "origin": [4.87938, 9.58672, 2.15887]},
			"faces": {
				"north": {"uv": [0, 2, 16, 4], "texture": "#3"},
				"east": {"uv": [0, 5, 16, 7], "texture": "#3"},
				"south": {"uv": [0, 2, 1, 4], "texture": "#3"},
				"west": {"uv": [0, 5, 16, 7], "texture": "#3"},
				"up": {"uv": [0, 2, 16, 4], "rotation": 90, "texture": "#3"},
				"down": {"uv": [0, 2, 16, 4], "rotation": 270, "texture": "#3"}
			}
		},
		{
			"from": [2.42116, 16.72043, 2.17949],
			"to": [3.52116, 18.92043, 19.77949],
			"rotation": {"angle": 22.5, "axis": "z", "origin": [4.87938, 9.58672, 2.15887]},
			"faces": {
				"north": {"uv": [0, 2, 16, 4], "texture": "#3"},
				"east": {"uv": [0, 0, 16, 2], "texture": "#3"},
				"south": {"uv": [0, 3, 1, 5], "texture": "#3"},
				"west": {"uv": [0, 5, 16, 7], "texture": "#3"},
				"up": {"uv": [0, 2, 16, 4], "rotation": 90, "texture": "#3"},
				"down": {"uv": [0, 2, 16, 4], "rotation": 270, "texture": "#3"}
			}
		},
		{
			"from": [2.42116, 10.12043, -15.42051],
			"to": [3.52116, 12.32043, 2.17949],
			"rotation": {"angle": 22.5, "axis": "z", "origin": [4.87938, 9.58672, 2.15887]},
			"faces": {
				"north": {"uv": [0, 8, 1, 10], "texture": "#3"},
				"east": {"uv": [0, 5, 16, 7], "texture": "#3"},
				"south": {"uv": [0, 2, 16, 4], "texture": "#3"},
				"west": {"uv": [0, 5, 16, 7], "texture": "#3"},
				"up": {"uv": [0, 2, 16, 4], "rotation": 90, "texture": "#3"},
				"down": {"uv": [0, 2, 16, 4], "rotation": 270, "texture": "#3"}
			}
		},
		{
			"from": [2.42116, 13.42043, -15.42051],
			"to": [3.52116, 15.62043, 2.17949],
			"rotation": {"angle": 22.5, "axis": "z", "origin": [4.87938, 9.58672, 2.15887]},
			"faces": {
				"north": {"uv": [8, 3, 9, 5], "texture": "#3"},
				"east": {"uv": [0, 4, 16, 6], "texture": "#3"},
				"south": {"uv": [0, 2, 16, 4], "texture": "#3"},
				"west": {"uv": [0, 5, 16, 7], "texture": "#3"},
				"up": {"uv": [0, 2, 16, 4], "rotation": 90, "texture": "#3"},
				"down": {"uv": [0, 2, 16, 4], "rotation": 270, "texture": "#3"}
			}
		},
		{
			"from": [5.33824, 6.01, 2.17949],
			"to": [7.53824, 7.11, 19.77949],
			"rotation": {"angle": 0, "axis": "y", "origin": [4.87938, 9.58672, 2.15887]},
			"faces": {
				"north": {"uv": [0, 0, 10, 1], "texture": "#3"},
				"east": {"uv": [0, 0, 16, 1], "texture": "#3"},
				"south": {"uv": [6, 4, 8, 5], "texture": "#3"},
				"west": {"uv": [0, 0, 16, 1], "texture": "#3"},
				"up": {"uv": [0, 5, 16, 7], "rotation": 90, "texture": "#3"},
				"down": {"uv": [0, 4, 16, 6], "rotation": 270, "texture": "#3"}
			}
		},
		{
			"from": [5.33824, 6.01, -15.42051],
			"to": [7.53824, 7.11, 2.17949],
			"rotation": {"angle": 0, "axis": "y", "origin": [4.87938, 9.58672, 2.15887]},
			"faces": {
				"north": {"uv": [0, 0, 2, 1], "texture": "#3"},
				"east": {"uv": [0, 0, 16, 1], "texture": "#3"},
				"south": {"uv": [0, 0, 10, 1], "texture": "#3"},
				"west": {"uv": [0, 0, 16, 1], "texture": "#3"},
				"up": {"uv": [0, 5, 16, 7], "rotation": 90, "texture": "#3"},
				"down": {"uv": [0, 4, 16, 6], "rotation": 270, "texture": "#3"}
			}
		},
		{
			"from": [2.03824, 6.01, 2.17949],
			"to": [4.23824, 7.11, 19.77949],
			"rotation": {"angle": 0, "axis": "y", "origin": [4.87938, 9.58672, 2.15887]},
			"faces": {
				"north": {"uv": [0, 0, 10, 1], "texture": "#3"},
				"east": {"uv": [0, 0, 16, 1], "texture": "#3"},
				"south": {"uv": [6, 4, 8, 5], "texture": "#3"},
				"west": {"uv": [0, 0, 16, 1], "texture": "#3"},
				"up": {"uv": [0, 2, 16, 4], "rotation": 90, "texture": "#3"},
				"down": {"uv": [0, 4, 16, 6], "rotation": 270, "texture": "#3"}
			}
		},
		{
			"from": [2.03824, 6.01, -15.42051],
			"to": [4.23824, 7.11, 2.17949],
			"rotation": {"angle": 0, "axis": "y", "origin": [4.87938, 9.58672, 2.15887]},
			"faces": {
				"north": {"uv": [0, 0, 2, 1], "texture": "#3"},
				"east": {"uv": [0, 0, 16, 1], "texture": "#3"},
				"south": {"uv": [0, 0, 10, 1], "texture": "#3"},
				"west": {"uv": [0, 0, 16, 1], "texture": "#3"},
				"up": {"uv": [0, 2, 16, 4], "rotation": 90, "texture": "#3"},
				"down": {"uv": [0, 4, 16, 6], "rotation": 270, "texture": "#3"}
			}
		},
		{
			"from": [2.69824, 5.79, 9.87949],
			"to": [12.17824, 6.01, 12.07949],
			"rotation": {"angle": 0, "axis": "y", "origin": [4.87938, 9.58672, 2.15887]},
			"faces": {
				"north": {"uv": [0, 0, 10, 1], "texture": "#2"},
				"east": {"uv": [0, 0, 2, 1], "texture": "#2"},
				"south": {"uv": [6, 4, 8, 5], "texture": "#2"},
				"west": {"uv": [0, 0, 2, 1], "texture": "#2"},
				"up": {"uv": [0, 2, 2, 8], "rotation": 90, "texture": "#2"},
				"down": {"uv": [12, 8, 14, 15], "rotation": 270, "texture": "#2"}
			}
		},
		{
			"from": [2.03824, 7.11, -15.42051],
			"to": [4.23824, 7.385, 19.77949],
			"rotation": {"angle": 0, "axis": "y", "origin": [4.87938, 9.58672, 2.15887]},
			"faces": {
				"north": {"uv": [5, 10, 6, 10.25], "texture": "#5"},
				"east": {"uv": [0, 6, 16, 6.25], "texture": "#5"},
				"south": {"uv": [4, 10, 5, 10.25], "texture": "#5"},
				"west": {"uv": [0, 6.5, 16, 6.75], "texture": "#5"},
				"up": {"uv": [16, 1, 0, 0], "rotation": 90, "texture": "#5"},
				"down": {"uv": [16, 1, 0, 2], "rotation": 270, "texture": "#missing"}
			}
		},
		{
			"from": [5.33824, 7.11, -15.42051],
			"to": [7.53824, 7.385, 19.77949],
			"rotation": {"angle": 0, "axis": "y", "origin": [4.87938, 9.58672, 2.15887]},
			"faces": {
				"north": {"uv": [7, 10, 8, 10.25], "texture": "#5"},
				"east": {"uv": [0, 7, 16, 7.25], "texture": "#5"},
				"south": {"uv": [6, 10, 7, 10.25], "texture": "#5"},
				"west": {"uv": [0, 7.5, 16, 7.75], "texture": "#5"},
				"up": {"uv": [16, 3, 0, 2], "rotation": 90, "texture": "#5"},
				"down": {"uv": [16, 3, 0, 4], "rotation": 270, "texture": "#missing"}
			}
		},
		{
			"from": [8.63824, 7.11, -15.42051],
			"to": [10.83824, 7.385, 19.77949],
			"rotation": {"angle": 0, "axis": "y", "origin": [4.87938, 9.58672, 2.15887]},
			"faces": {
				"north": {"uv": [9, 10, 10, 10.25], "texture": "#5"},
				"east": {"uv": [0, 8, 16, 8.25], "texture": "#5"},
				"south": {"uv": [8, 10, 9, 10.25], "texture": "#5"},
				"west": {"uv": [0, 8.5, 16, 8.75], "texture": "#5"},
				"up": {"uv": [16, 5, 0, 4], "rotation": 90, "texture": "#5"},
				"down": {"uv": [16, 5, 0, 6], "rotation": 270, "texture": "#missing"}
			}
		},
		{
			"from": [2.58824, 11.51, -14.34801],
			"to": [13.38824, 11.785, -12.17551],
			"rotation": {"angle": 0, "axis": "y", "origin": [4.87938, 9.58672, 2.15887]},
			"faces": {
				"north": {"uv": [7.5, 9, 11, 9.25], "texture": "#5"},
				"east": {"uv": [10, 10, 11, 10.25], "texture": "#5"},
				"south": {"uv": [4, 9, 7.5, 9.25], "texture": "#5"},
				"west": {"uv": [4, 10.5, 5, 10.75], "texture": "#5"},
				"up": {"uv": [1, 12.5, 0, 9], "rotation": 90, "texture": "#5"},
				"down": {"uv": [2, 9, 1, 12.5], "rotation": 270, "texture": "#missing"}
			}
		},
		{
			"from": [2.58824, 11.51, 16.45199],
			"to": [13.38824, 11.785, 18.62449],
			"rotation": {"angle": 0, "axis": "y", "origin": [4.87938, 9.58672, 2.15887]},
			"faces": {
				"north": {"uv": [7.5, 9.5, 11, 9.75], "texture": "#5"},
				"east": {"uv": [5, 10.5, 6, 10.75], "texture": "#5"},
				"south": {"uv": [4, 9.5, 7.5, 9.75], "texture": "#5"},
				"west": {"uv": [6, 10.5, 7, 10.75], "texture": "#5"},
				"up": {"uv": [3, 12.5, 2, 9], "rotation": 90, "texture": "#5"},
				"down": {"uv": [4, 9, 3, 12.5], "rotation": 270, "texture": "#missing"}
			}
		}
	],
	"display": {
		"thirdperson_righthand": {
			"translation": [2.5, 1, 0],
			"scale": [0.3, 0.3, 0.3]
		},
		"thirdperson_lefthand": {
			"translation": [-2.5, 1, 0],
			"scale": [0.3, 0.3, 0.3]
		},
		"firstperson_righthand": {
			"translation": [2.5, 2.5, 0],
			"scale": [0.3, 0.3, 0.3]
		},
		"firstperson_lefthand": {
			"translation": [-2.25, 2.5, 0],
			"scale": [0.3, 0.3, 0.3]
		},
		"ground": {
			"translation": [2.5, -0.5, 0],
			"scale": [0.3, 0.3, 0.3]
		},
		"gui": {
			"rotation": [30, -150, 0],
			"translation": [-1.5, -1, 0],
			"scale": [0.35, 0.35, 0.35]
		},
		"head": {
			"translation": [2.5, 2.5, 0],
			"scale": [0.3, 0.3, 0.3]
		},
		"fixed": {
			"rotation": [-90, 0, 0],
			"translation": [3.75, 2.75, -25.5],
			"scale": [2.5, 2.5, 2.58789]
		}
	},
	"groups": [
		{
			"name": "group",
			"origin": [9, 5.9, 8.6],
			"color": 0,
			"children": [0, 1, 2, 3, 4, 5, 6, 7, 8, 9, 10, 11, 12, 13, 14, 15, 16, 17, 18, 19, 20, 21, 22, 23, 24, 25]
		},
		26,
		27,
		28,
		29,
		30
	]
}