{
	"format_version": "1.21.6",
	"credit": "Made with Blockbench",
	"texture_size": [32, 32],
	"textures": {
		"0": "item/listochki",
		"particle": "item/listochki"
	},
	"elements": [
		{
			"from": [17, 14, 2],
			"to": [27, 26, 2],
			"rotation": {"angle": 0, "axis": "y", "origin": [14, 14, 0]},
			"faces": {
				"north": {"uv": [0, 6.5, 5, 12.5], "texture": "#0"},
				"east": {"uv": [0, 0, 0, 6], "texture": "#0"},
				"south": {"uv": [5, 6.5, 10, 12.5], "texture": "#0"},
				"west": {"uv": [0, 0, 0, 6], "texture": "#0"},
				"up": {"uv": [5, 0, 0, 0], "texture": "#0"},
				"down": {"uv": [5, 0, 0, 0], "texture": "#0"}
			}
		},
		{
			"from": [6, 11, 2],
			"to": [15, 24, 2],
			"rotation": {"angle": 0, "axis": "y", "origin": [2, 11, 0]},
			"faces": {
				"north": {"uv": [10, 0, 14.5, 6.5], "texture": "#0"},
				"east": {"uv": [0, 0, 0, 6.5], "texture": "#0"},
				"south": {"uv": [10, 6.5, 14.5, 13], "texture": "#0"},
				"west": {"uv": [0, 0, 0, 6.5], "texture": "#0"},
				"up": {"uv": [4.5, 0, 0, 0], "texture": "#0"},
				"down": {"uv": [4.5, 0, 0, 0], "texture": "#0"}
			}
		},
		{
			"from": [-7, 15, 2],
			"to": [3, 28, 2],
			"rotation": {"angle": 0, "axis": "y", "origin": [-10, 15, 0]},
			"faces": {
				"north": {"uv": [0, 0, 5, 6.5], "texture": "#0"},
				"east": {"uv": [0, 0, 0, 6.5], "texture": "#0"},
				"south": {"uv": [5, 0, 10, 6.5], "texture": "#0"},
				"west": {"uv": [0, 0, 0, 6.5], "texture": "#0"},
				"up": {"uv": [5, 0, 0, 0], "texture": "#0"},
				"down": {"uv": [5, 0, 0, 0], "texture": "#0"}
			}
		}
	],
	"display": {
		"fixed": {
			"translation": [0, -13.5, 8.75],
			"scale": [1.5, 1.5, 1.5]
		}
	}
}