{
	"format_version": "1.21.6",
	"credit": "Made with Blockbench",
	"textures": {
		"0": "item/luk",
		"1": "item/luk2",
		"2": "item/luk3",
		"particle": "item/luk"
	},
	"elements": [
		{
			"from": [0, 0.775, 0],
			"to": [16, 0.775, 16],
			"rotation": {"angle": 0, "axis": "y", "origin": [0, 0.775, 0]},
			"faces": {
				"north": {"uv": [0, 0, 16, 15.75], "texture": "#2"},
				"east": {"uv": [0, 0, 16, 15.75], "texture": "#2"},
				"south": {"uv": [0, 0, 16, 15.75], "texture": "#2"},
				"west": {"uv": [0, 0, 16, 15.75], "texture": "#2"},
				"up": {"uv": [0, 0, 16, 15.75], "texture": "#2"},
				"down": {"uv": [0, 0, 16, 15.75], "texture": "#2"}
			}
		},
		{
			"from": [0, 0.75, 0],
			"to": [16, 0.75, 16],
			"rotation": {"angle": 0, "axis": "y", "origin": [0, 0.75, 0]},
			"faces": {
				"north": {"uv": [16, 16, 0, 0], "texture": "#0"},
				"east": {"uv": [16, 16, 0, 0], "texture": "#0"},
				"south": {"uv": [16, 16, 0, 0], "texture": "#0"},
				"west": {"uv": [16, 16, 0, 0], "texture": "#0"},
				"up": {"uv": [16, 16, 0, 0], "texture": "#0"},
				"down": {"uv": [16, 16, 0, 0], "texture": "#0"}
			}
		},
		{
			"from": [0.75, 0, 7],
			"to": [1.75, 0.725, 8],
			"rotation": {"angle": 0, "axis": "y", "origin": [0.75, 0, 6]},
			"faces": {
				"north": {"uv": [0, 0, 1, 0.75], "texture": "#1"},
				"east": {"uv": [0, 0, 1, 0.75], "texture": "#1"},
				"south": {"uv": [0, 0, 1, 0.75], "texture": "#1"},
				"west": {"uv": [0, 0, 1, 0.75], "texture": "#1"},
				"up": {"uv": [0, 0, 1, 1], "texture": "#1"},
				"down": {"uv": [0, 0, 1, 1], "texture": "#1"}
			}
		},
		{
			"from": [0.95, 0, 6],
			"to": [1.95, 0.725, 7],
			"rotation": {"angle": 0, "axis": "y", "origin": [0.95, 0, 5]},
			"faces": {
				"north": {"uv": [0, 0, 1, 0.75], "texture": "#1"},
				"east": {"uv": [0, 0, 1, 0.75], "texture": "#1"},
				"south": {"uv": [0, 0, 1, 0.75], "texture": "#1"},
				"west": {"uv": [0, 0, 1, 0.75], "texture": "#1"},
				"up": {"uv": [0, 0, 1, 1], "texture": "#1"},
				"down": {"uv": [0, 0, 1, 1], "texture": "#1"}
			}
		},
		{
			"from": [1.25, 0, 5],
			"to": [2.25, 0.725, 6],
			"rotation": {"angle": 0, "axis": "y", "origin": [1.25, 0, 4]},
			"faces": {
				"north": {"uv": [0, 0, 1, 0.75], "texture": "#1"},
				"east": {"uv": [0, 0, 1, 0.75], "texture": "#1"},
				"south": {"uv": [0, 0, 1, 0.75], "texture": "#1"},
				"west": {"uv": [0, 0, 1, 0.75], "texture": "#1"},
				"up": {"uv": [0, 0, 1, 1], "texture": "#1"},
				"down": {"uv": [0, 0, 1, 1], "texture": "#1"}
			}
		},
		{
			"from": [1.55, 0, 4],
			"to": [2.55, 0.725, 5],
			"rotation": {"angle": 0, "axis": "y", "origin": [1.55, 0, 3]},
			"faces": {
				"north": {"uv": [0, 0, 1, 0.75], "texture": "#1"},
				"east": {"uv": [0, 0, 1, 0.75], "texture": "#1"},
				"south": {"uv": [0, 0, 1, 0.75], "texture": "#1"},
				"west": {"uv": [0, 0, 1, 0.75], "texture": "#1"},
				"up": {"uv": [0, 0, 1, 1], "texture": "#1"},
				"down": {"uv": [0, 0, 1, 1], "texture": "#1"}
			}
		},
		{
			"from": [2.55, 0, 3],
			"to": [3.55, 0.725, 4],
			"rotation": {"angle": 0, "axis": "y", "origin": [2.55, 0, 2]},
			"faces": {
				"north": {"uv": [0, 0, 1, 0.75], "texture": "#1"},
				"east": {"uv": [0, 0, 1, 0.75], "texture": "#1"},
				"south": {"uv": [0, 0, 1, 0.75], "texture": "#1"},
				"west": {"uv": [0, 0, 1, 0.75], "texture": "#1"},
				"up": {"uv": [0, 0, 1, 1], "texture": "#1"},
				"down": {"uv": [0, 0, 1, 1], "texture": "#1"}
			}
		},
		{
			"from": [2.95, 0, 2.5],
			"to": [3.95, 0.725, 3.5],
			"rotation": {"angle": 0, "axis": "y", "origin": [2.95, 0, 1.5]},
			"faces": {
				"north": {"uv": [0, 0, 1, 0.75], "texture": "#1"},
				"east": {"uv": [0, 0, 1, 0.75], "texture": "#1"},
				"south": {"uv": [0, 0, 1, 0.75], "texture": "#1"},
				"west": {"uv": [0, 0, 1, 0.75], "texture": "#1"},
				"up": {"uv": [0, 0, 1, 1], "texture": "#1"},
				"down": {"uv": [0, 0, 1, 1], "texture": "#1"}
			}
		},
		{
			"from": [3.45, 0, 2],
			"to": [4.45, 0.725, 3],
			"rotation": {"angle": 0, "axis": "y", "origin": [3.45, 0, 1]},
			"faces": {
				"north": {"uv": [0, 0, 1, 0.75], "texture": "#1"},
				"east": {"uv": [0, 0, 1, 0.75], "texture": "#1"},
				"south": {"uv": [0, 0, 1, 0.75], "texture": "#1"},
				"west": {"uv": [0, 0, 1, 0.75], "texture": "#1"},
				"up": {"uv": [0, 0, 1, 1], "texture": "#1"},
				"down": {"uv": [0, 0, 1, 1], "texture": "#1"}
			}
		},
		{
			"from": [3.95, 0, 1.5],
			"to": [4.95, 0.725, 2.5],
			"rotation": {"angle": 0, "axis": "y", "origin": [3.95, 0, 0.5]},
			"faces": {
				"north": {"uv": [0, 0, 1, 0.75], "texture": "#1"},
				"east": {"uv": [0, 0, 1, 0.75], "texture": "#1"},
				"south": {"uv": [0, 0, 1, 0.75], "texture": "#1"},
				"west": {"uv": [0, 0, 1, 0.75], "texture": "#1"},
				"up": {"uv": [0, 0, 1, 1], "texture": "#1"},
				"down": {"uv": [0, 0, 1, 1], "texture": "#1"}
			}
		},
		{
			"from": [4.85, 0, 1.25],
			"to": [5.85, 0.725, 2.25],
			"rotation": {"angle": 0, "axis": "y", "origin": [4.85, 0, 0.25]},
			"faces": {
				"north": {"uv": [0, 0, 1, 0.75], "texture": "#1"},
				"east": {"uv": [0, 0, 1, 0.75], "texture": "#1"},
				"south": {"uv": [0, 0, 1, 0.75], "texture": "#1"},
				"west": {"uv": [0, 0, 1, 0.75], "texture": "#1"},
				"up": {"uv": [0, 0, 1, 1], "texture": "#1"},
				"down": {"uv": [0, 0, 1, 1], "texture": "#1"}
			}
		},
		{
			"from": [6.85, 0, 0.75],
			"to": [7.85, 0.725, 1.75],
			"rotation": {"angle": 0, "axis": "y", "origin": [6.85, 0, -0.25]},
			"faces": {
				"north": {"uv": [0, 0, 1, 0.75], "texture": "#1"},
				"east": {"uv": [0, 0, 1, 0.75], "texture": "#1"},
				"south": {"uv": [0, 0, 1, 0.75], "texture": "#1"},
				"west": {"uv": [0, 0, 1, 0.75], "texture": "#1"},
				"up": {"uv": [0, 0, 1, 1], "texture": "#1"},
				"down": {"uv": [0, 0, 1, 1], "texture": "#1"}
			}
		},
		{
			"from": [5.85, 0, 1],
			"to": [6.85, 0.725, 2],
			"rotation": {"angle": 0, "axis": "y", "origin": [5.85, 0, 0]},
			"faces": {
				"north": {"uv": [0, 0, 1, 0.75], "texture": "#1"},
				"east": {"uv": [0, 0, 1, 0.75], "texture": "#1"},
				"south": {"uv": [0, 0, 1, 0.75], "texture": "#1"},
				"west": {"uv": [0, 0, 1, 0.75], "texture": "#1"},
				"up": {"uv": [0, 0, 1, 1], "texture": "#1"},
				"down": {"uv": [0, 0, 1, 1], "texture": "#1"}
			}
		},
		{
			"from": [2.05, 0, 3.5],
			"to": [3.05, 0.725, 4.5],
			"rotation": {"angle": 0, "axis": "y", "origin": [2.05, 0, 2.5]},
			"faces": {
				"north": {"uv": [0, 0, 1, 0.75], "texture": "#1"},
				"east": {"uv": [0, 0, 1, 0.75], "texture": "#1"},
				"south": {"uv": [0, 0, 1, 0.75], "texture": "#1"},
				"west": {"uv": [0, 0, 1, 0.75], "texture": "#1"},
				"up": {"uv": [0, 0, 1, 1], "texture": "#1"},
				"down": {"uv": [0, 0, 1, 1], "texture": "#1"}
			}
		},
		{
			"from": [9.15, 0, 1],
			"to": [10.15, 0.725, 2],
			"rotation": {"angle": 0, "axis": "y", "origin": [10.15, 0, 0]},
			"faces": {
				"north": {"uv": [1, 0, 2, 0.75], "texture": "#1"},
				"east": {"uv": [1, 0, 2, 0.75], "texture": "#1"},
				"south": {"uv": [1, 0, 2, 0.75], "texture": "#1"},
				"west": {"uv": [1, 0, 2, 0.75], "texture": "#1"},
				"up": {"uv": [1, 0, 2, 1], "texture": "#1"},
				"down": {"uv": [1, 0, 2, 1], "texture": "#1"}
			}
		},
		{
			"from": [8.15, 0, 0.75],
			"to": [9.15, 0.725, 1.75],
			"rotation": {"angle": 0, "axis": "y", "origin": [9.15, 0, -0.25]},
			"faces": {
				"north": {"uv": [1, 0, 2, 0.75], "texture": "#1"},
				"east": {"uv": [1, 0, 2, 0.75], "texture": "#1"},
				"south": {"uv": [1, 0, 2, 0.75], "texture": "#1"},
				"west": {"uv": [1, 0, 2, 0.75], "texture": "#1"},
				"up": {"uv": [1, 0, 2, 1], "texture": "#1"},
				"down": {"uv": [1, 0, 2, 1], "texture": "#1"}
			}
		},
		{
			"from": [10.15, 0, 1.25],
			"to": [11.15, 0.725, 2.25],
			"rotation": {"angle": 0, "axis": "y", "origin": [11.15, 0, 0.25]},
			"faces": {
				"north": {"uv": [1, 0, 2, 0.75], "texture": "#1"},
				"east": {"uv": [1, 0, 2, 0.75], "texture": "#1"},
				"south": {"uv": [1, 0, 2, 0.75], "texture": "#1"},
				"west": {"uv": [1, 0, 2, 0.75], "texture": "#1"},
				"up": {"uv": [1, 0, 2, 1], "texture": "#1"},
				"down": {"uv": [1, 0, 2, 1], "texture": "#1"}
			}
		},
		{
			"from": [11.05, 0, 1.5],
			"to": [12.05, 0.725, 2.5],
			"rotation": {"angle": 0, "axis": "y", "origin": [12.05, 0, 0.5]},
			"faces": {
				"north": {"uv": [1, 0, 2, 0.75], "texture": "#1"},
				"east": {"uv": [1, 0, 2, 0.75], "texture": "#1"},
				"south": {"uv": [1, 0, 2, 0.75], "texture": "#1"},
				"west": {"uv": [1, 0, 2, 0.75], "texture": "#1"},
				"up": {"uv": [1, 0, 2, 1], "texture": "#1"},
				"down": {"uv": [1, 0, 2, 1], "texture": "#1"}
			}
		},
		{
			"from": [11.55, 0, 2],
			"to": [12.55, 0.725, 3],
			"rotation": {"angle": 0, "axis": "y", "origin": [12.55, 0, 1]},
			"faces": {
				"north": {"uv": [1, 0, 2, 0.75], "texture": "#1"},
				"east": {"uv": [1, 0, 2, 0.75], "texture": "#1"},
				"south": {"uv": [1, 0, 2, 0.75], "texture": "#1"},
				"west": {"uv": [1, 0, 2, 0.75], "texture": "#1"},
				"up": {"uv": [1, 0, 2, 1], "texture": "#1"},
				"down": {"uv": [1, 0, 2, 1], "texture": "#1"}
			}
		},
		{
			"from": [12.05, 0, 2.5],
			"to": [13.05, 0.725, 3.5],
			"rotation": {"angle": 0, "axis": "y", "origin": [13.05, 0, 1.5]},
			"faces": {
				"north": {"uv": [1, 0, 2, 0.75], "texture": "#1"},
				"east": {"uv": [1, 0, 2, 0.75], "texture": "#1"},
				"south": {"uv": [1, 0, 2, 0.75], "texture": "#1"},
				"west": {"uv": [1, 0, 2, 0.75], "texture": "#1"},
				"up": {"uv": [1, 0, 2, 1], "texture": "#1"},
				"down": {"uv": [1, 0, 2, 1], "texture": "#1"}
			}
		},
		{
			"from": [12.45, 0, 3],
			"to": [13.45, 0.725, 4],
			"rotation": {"angle": 0, "axis": "y", "origin": [13.45, 0, 2]},
			"faces": {
				"north": {"uv": [1, 0, 2, 0.75], "texture": "#1"},
				"east": {"uv": [1, 0, 2, 0.75], "texture": "#1"},
				"south": {"uv": [1, 0, 2, 0.75], "texture": "#1"},
				"west": {"uv": [1, 0, 2, 0.75], "texture": "#1"},
				"up": {"uv": [1, 0, 2, 1], "texture": "#1"},
				"down": {"uv": [1, 0, 2, 1], "texture": "#1"}
			}
		},
		{
			"from": [13.45, 0, 4],
			"to": [14.45, 0.725, 5],
			"rotation": {"angle": 0, "axis": "y", "origin": [14.45, 0, 3]},
			"faces": {
				"north": {"uv": [1, 0, 2, 0.75], "texture": "#1"},
				"east": {"uv": [1, 0, 2, 0.75], "texture": "#1"},
				"south": {"uv": [1, 0, 2, 0.75], "texture": "#1"},
				"west": {"uv": [1, 0, 2, 0.75], "texture": "#1"},
				"up": {"uv": [1, 0, 2, 1], "texture": "#1"},
				"down": {"uv": [1, 0, 2, 1], "texture": "#1"}
			}
		},
		{
			"from": [13.75, 0, 5],
			"to": [14.75, 0.725, 6],
			"rotation": {"angle": 0, "axis": "y", "origin": [14.75, 0, 4]},
			"faces": {
				"north": {"uv": [1, 0, 2, 0.75], "texture": "#1"},
				"east": {"uv": [1, 0, 2, 0.75], "texture": "#1"},
				"south": {"uv": [1, 0, 2, 0.75], "texture": "#1"},
				"west": {"uv": [1, 0, 2, 0.75], "texture": "#1"},
				"up": {"uv": [1, 0, 2, 1], "texture": "#1"},
				"down": {"uv": [1, 0, 2, 1], "texture": "#1"}
			}
		},
		{
			"from": [14.05, 0, 6],
			"to": [15.05, 0.725, 7],
			"rotation": {"angle": 0, "axis": "y", "origin": [15.05, 0, 5]},
			"faces": {
				"north": {"uv": [1, 0, 2, 0.75], "texture": "#1"},
				"east": {"uv": [1, 0, 2, 0.75], "texture": "#1"},
				"south": {"uv": [1, 0, 2, 0.75], "texture": "#1"},
				"west": {"uv": [1, 0, 2, 0.75], "texture": "#1"},
				"up": {"uv": [1, 0, 2, 1], "texture": "#1"},
				"down": {"uv": [1, 0, 2, 1], "texture": "#1"}
			}
		},
		{
			"from": [14.25, 0, 7],
			"to": [15.25, 0.725, 8],
			"rotation": {"angle": 0, "axis": "y", "origin": [15.25, 0, 6]},
			"faces": {
				"north": {"uv": [1, 0, 2, 0.75], "texture": "#1"},
				"east": {"uv": [1, 0, 2, 0.75], "texture": "#1"},
				"south": {"uv": [1, 0, 2, 0.75], "texture": "#1"},
				"west": {"uv": [1, 0, 2, 0.75], "texture": "#1"},
				"up": {"uv": [1, 0, 2, 1], "texture": "#1"},
				"down": {"uv": [1, 0, 2, 1], "texture": "#1"}
			}
		},
		{
			"from": [12.95, 0, 3.5],
			"to": [13.95, 0.725, 4.5],
			"rotation": {"angle": 0, "axis": "y", "origin": [13.95, 0, 2.5]},
			"faces": {
				"north": {"uv": [1, 0, 2, 0.75], "texture": "#1"},
				"east": {"uv": [1, 0, 2, 0.75], "texture": "#1"},
				"south": {"uv": [1, 0, 2, 0.75], "texture": "#1"},
				"west": {"uv": [1, 0, 2, 0.75], "texture": "#1"},
				"up": {"uv": [1, 0, 2, 1], "texture": "#1"},
				"down": {"uv": [1, 0, 2, 1], "texture": "#1"}
			}
		},
		{
			"from": [7.85, 0, 0.75],
			"to": [8.15, 0.725, 1.75],
			"rotation": {"angle": 0, "axis": "y", "origin": [8.65, 0, 2.75]},
			"faces": {
				"north": {"uv": [0, 0, 0.3, 0.75], "texture": "#1"},
				"east": {"uv": [0, 0, 1, 0.75], "texture": "#1"},
				"south": {"uv": [0, 0, 0.3, 0.75], "texture": "#1"},
				"west": {"uv": [0, 0, 1, 0.75], "texture": "#1"},
				"up": {"uv": [1, 1, 1.3, 2], "texture": "#1"},
				"down": {"uv": [1, 1, 1.3, 2], "texture": "#1"}
			}
		},
		{
			"from": [0.75, 0, 8],
			"to": [1.75, 0.725, 9],
			"rotation": {"angle": 0, "axis": "y", "origin": [0.75, 0, 10]},
			"faces": {
				"north": {"uv": [1, 0, 2, 0.75], "texture": "#1"},
				"east": {"uv": [1, 0, 2, 0.75], "texture": "#1"},
				"south": {"uv": [1, 0, 2, 0.75], "texture": "#1"},
				"west": {"uv": [1, 0, 2, 0.75], "texture": "#1"},
				"up": {"uv": [0, 1, 1, 2], "texture": "#1"},
				"down": {"uv": [0, 1, 1, 2], "texture": "#1"}
			}
		},
		{
			"from": [0.95, 0, 9],
			"to": [1.95, 0.725, 10],
			"rotation": {"angle": 0, "axis": "y", "origin": [0.95, 0, 11]},
			"faces": {
				"north": {"uv": [1, 0, 2, 0.75], "texture": "#1"},
				"east": {"uv": [1, 0, 2, 0.75], "texture": "#1"},
				"south": {"uv": [1, 0, 2, 0.75], "texture": "#1"},
				"west": {"uv": [1, 0, 2, 0.75], "texture": "#1"},
				"up": {"uv": [0, 1, 1, 2], "texture": "#1"},
				"down": {"uv": [0, 1, 1, 2], "texture": "#1"}
			}
		},
		{
			"from": [1.25, 0, 10],
			"to": [2.25, 0.725, 11],
			"rotation": {"angle": 0, "axis": "y", "origin": [1.25, 0, 12]},
			"faces": {
				"north": {"uv": [1, 0, 2, 0.75], "texture": "#1"},
				"east": {"uv": [1, 0, 2, 0.75], "texture": "#1"},
				"south": {"uv": [1, 0, 2, 0.75], "texture": "#1"},
				"west": {"uv": [1, 0, 2, 0.75], "texture": "#1"},
				"up": {"uv": [0, 1, 1, 2], "texture": "#1"},
				"down": {"uv": [0, 1, 1, 2], "texture": "#1"}
			}
		},
		{
			"from": [1.55, 0, 11],
			"to": [2.55, 0.725, 12],
			"rotation": {"angle": 0, "axis": "y", "origin": [1.55, 0, 13]},
			"faces": {
				"north": {"uv": [1, 0, 2, 0.75], "texture": "#1"},
				"east": {"uv": [1, 0, 2, 0.75], "texture": "#1"},
				"south": {"uv": [1, 0, 2, 0.75], "texture": "#1"},
				"west": {"uv": [1, 0, 2, 0.75], "texture": "#1"},
				"up": {"uv": [0, 1, 1, 2], "texture": "#1"},
				"down": {"uv": [0, 1, 1, 2], "texture": "#1"}
			}
		},
		{
			"from": [2.55, 0, 12],
			"to": [3.55, 0.725, 13],
			"rotation": {"angle": 0, "axis": "y", "origin": [2.55, 0, 14]},
			"faces": {
				"north": {"uv": [1, 0, 2, 0.75], "texture": "#1"},
				"east": {"uv": [1, 0, 2, 0.75], "texture": "#1"},
				"south": {"uv": [1, 0, 2, 0.75], "texture": "#1"},
				"west": {"uv": [1, 0, 2, 0.75], "texture": "#1"},
				"up": {"uv": [0, 1, 1, 2], "texture": "#1"},
				"down": {"uv": [0, 1, 1, 2], "texture": "#1"}
			}
		},
		{
			"from": [2.95, 0, 12.5],
			"to": [3.95, 0.725, 13.5],
			"rotation": {"angle": 0, "axis": "y", "origin": [2.95, 0, 14.5]},
			"faces": {
				"north": {"uv": [1, 0, 2, 0.75], "texture": "#1"},
				"east": {"uv": [1, 0, 2, 0.75], "texture": "#1"},
				"south": {"uv": [1, 0, 2, 0.75], "texture": "#1"},
				"west": {"uv": [1, 0, 2, 0.75], "texture": "#1"},
				"up": {"uv": [0, 1, 1, 2], "texture": "#1"},
				"down": {"uv": [0, 1, 1, 2], "texture": "#1"}
			}
		},
		{
			"from": [3.45, 0, 13],
			"to": [4.45, 0.725, 14],
			"rotation": {"angle": 0, "axis": "y", "origin": [3.45, 0, 15]},
			"faces": {
				"north": {"uv": [1, 0, 2, 0.75], "texture": "#1"},
				"east": {"uv": [1, 0, 2, 0.75], "texture": "#1"},
				"south": {"uv": [1, 0, 2, 0.75], "texture": "#1"},
				"west": {"uv": [1, 0, 2, 0.75], "texture": "#1"},
				"up": {"uv": [0, 1, 1, 2], "texture": "#1"},
				"down": {"uv": [0, 1, 1, 2], "texture": "#1"}
			}
		},
		{
			"from": [3.95, 0, 13.5],
			"to": [4.95, 0.725, 14.5],
			"rotation": {"angle": 0, "axis": "y", "origin": [3.95, 0, 15.5]},
			"faces": {
				"north": {"uv": [1, 0, 2, 0.75], "texture": "#1"},
				"east": {"uv": [1, 0, 2, 0.75], "texture": "#1"},
				"south": {"uv": [1, 0, 2, 0.75], "texture": "#1"},
				"west": {"uv": [1, 0, 2, 0.75], "texture": "#1"},
				"up": {"uv": [0, 1, 1, 2], "texture": "#1"},
				"down": {"uv": [0, 1, 1, 2], "texture": "#1"}
			}
		},
		{
			"from": [4.85, 0, 13.75],
			"to": [5.85, 0.725, 14.75],
			"rotation": {"angle": 0, "axis": "y", "origin": [4.85, 0, 15.75]},
			"faces": {
				"north": {"uv": [1, 0, 2, 0.75], "texture": "#1"},
				"east": {"uv": [1, 0, 2, 0.75], "texture": "#1"},
				"south": {"uv": [1, 0, 2, 0.75], "texture": "#1"},
				"west": {"uv": [1, 0, 2, 0.75], "texture": "#1"},
				"up": {"uv": [0, 1, 1, 2], "texture": "#1"},
				"down": {"uv": [0, 1, 1, 2], "texture": "#1"}
			}
		},
		{
			"from": [6.85, 0, 14.25],
			"to": [7.85, 0.725, 15.25],
			"rotation": {"angle": 0, "axis": "y", "origin": [6.85, 0, 16.25]},
			"faces": {
				"north": {"uv": [1, 0, 2, 0.75], "texture": "#1"},
				"east": {"uv": [1, 0, 2, 0.75], "texture": "#1"},
				"south": {"uv": [1, 0, 2, 0.75], "texture": "#1"},
				"west": {"uv": [1, 0, 2, 0.75], "texture": "#1"},
				"up": {"uv": [0, 1, 1, 2], "texture": "#1"},
				"down": {"uv": [0, 1, 1, 2], "texture": "#1"}
			}
		},
		{
			"from": [5.85, 0, 14],
			"to": [6.85, 0.725, 15],
			"rotation": {"angle": 0, "axis": "y", "origin": [5.85, 0, 16]},
			"faces": {
				"north": {"uv": [1, 0, 2, 0.75], "texture": "#1"},
				"east": {"uv": [1, 0, 2, 0.75], "texture": "#1"},
				"south": {"uv": [1, 0, 2, 0.75], "texture": "#1"},
				"west": {"uv": [1, 0, 2, 0.75], "texture": "#1"},
				"up": {"uv": [0, 1, 1, 2], "texture": "#1"},
				"down": {"uv": [0, 1, 1, 2], "texture": "#1"}
			}
		},
		{
			"from": [2.05, 0, 11.5],
			"to": [3.05, 0.725, 12.5],
			"rotation": {"angle": 0, "axis": "y", "origin": [2.05, 0, 13.5]},
			"faces": {
				"north": {"uv": [1, 0, 2, 0.75], "texture": "#1"},
				"east": {"uv": [1, 0, 2, 0.75], "texture": "#1"},
				"south": {"uv": [1, 0, 2, 0.75], "texture": "#1"},
				"west": {"uv": [1, 0, 2, 0.75], "texture": "#1"},
				"up": {"uv": [0, 1, 1, 2], "texture": "#1"},
				"down": {"uv": [0, 1, 1, 2], "texture": "#1"}
			}
		},
		{
			"from": [9.15, 0, 14],
			"to": [10.15, 0.725, 15],
			"rotation": {"angle": 0, "axis": "y", "origin": [10.15, 0, 16]},
			"faces": {
				"north": {"uv": [0, 0, 1, 0.75], "texture": "#1"},
				"east": {"uv": [0, 0, 1, 0.75], "texture": "#1"},
				"south": {"uv": [0, 0, 1, 0.75], "texture": "#1"},
				"west": {"uv": [0, 0, 1, 0.75], "texture": "#1"},
				"up": {"uv": [1, 1, 2, 2], "texture": "#1"},
				"down": {"uv": [1, 1, 2, 2], "texture": "#1"}
			}
		},
		{
			"from": [8.15, 0, 14.25],
			"to": [9.15, 0.725, 15.25],
			"rotation": {"angle": 0, "axis": "y", "origin": [9.15, 0, 16.25]},
			"faces": {
				"north": {"uv": [0, 0, 1, 1], "texture": "#1"},
				"east": {"uv": [0, 1, 1, 2], "texture": "#1"},
				"south": {"uv": [1, 0, 2, 1], "texture": "#1"},
				"west": {"uv": [1, 1, 2, 2], "texture": "#1"},
				"up": {"uv": [1, 3, 0, 2], "texture": "#1"},
				"down": {"uv": [3, 0, 2, 1], "texture": "#1"}
			}
		},
		{
			"from": [7.85, 0, 14.25],
			"to": [8.15, 0.725, 15.25],
			"rotation": {"angle": 0, "axis": "y", "origin": [8.65, 0, 16.25]},
			"faces": {
				"north": {"uv": [0, 0, 0.3, 0.75], "texture": "#1"},
				"east": {"uv": [0, 0, 1, 0.75], "texture": "#1"},
				"south": {"uv": [0, 0, 0.3, 0.75], "texture": "#1"},
				"west": {"uv": [0, 0, 1, 0.75], "texture": "#1"},
				"up": {"uv": [1, 1, 1.3, 2], "texture": "#1"},
				"down": {"uv": [1, 1, 1.3, 2], "texture": "#1"}
			}
		},
		{
			"from": [10.15, 0, 13.75],
			"to": [11.15, 0.725, 14.75],
			"rotation": {"angle": 0, "axis": "y", "origin": [11.15, 0, 15.75]},
			"faces": {
				"north": {"uv": [0, 0, 1, 0.75], "texture": "#1"},
				"east": {"uv": [0, 0, 1, 0.75], "texture": "#1"},
				"south": {"uv": [0, 0, 1, 0.75], "texture": "#1"},
				"west": {"uv": [0, 0, 1, 0.75], "texture": "#1"},
				"up": {"uv": [1, 1, 2, 2], "texture": "#1"},
				"down": {"uv": [1, 1, 2, 2], "texture": "#1"}
			}
		},
		{
			"from": [11.05, 0, 13.5],
			"to": [12.05, 0.725, 14.5],
			"rotation": {"angle": 0, "axis": "y", "origin": [12.05, 0, 15.5]},
			"faces": {
				"north": {"uv": [0, 0, 1, 0.75], "texture": "#1"},
				"east": {"uv": [0, 0, 1, 0.75], "texture": "#1"},
				"south": {"uv": [0, 0, 1, 0.75], "texture": "#1"},
				"west": {"uv": [0, 0, 1, 0.75], "texture": "#1"},
				"up": {"uv": [1, 1, 2, 2], "texture": "#1"},
				"down": {"uv": [1, 1, 2, 2], "texture": "#1"}
			}
		},
		{
			"from": [11.55, 0, 13],
			"to": [12.55, 0.725, 14],
			"rotation": {"angle": 0, "axis": "y", "origin": [12.55, 0, 15]},
			"faces": {
				"north": {"uv": [0, 0, 1, 0.75], "texture": "#1"},
				"east": {"uv": [0, 0, 1, 0.75], "texture": "#1"},
				"south": {"uv": [0, 0, 1, 0.75], "texture": "#1"},
				"west": {"uv": [0, 0, 1, 0.75], "texture": "#1"},
				"up": {"uv": [1, 1, 2, 2], "texture": "#1"},
				"down": {"uv": [1, 1, 2, 2], "texture": "#1"}
			}
		},
		{
			"from": [12.05, 0, 12.5],
			"to": [13.05, 0.725, 13.5],
			"rotation": {"angle": 0, "axis": "y", "origin": [13.05, 0, 14.5]},
			"faces": {
				"north": {"uv": [0, 0, 1, 0.75], "texture": "#1"},
				"east": {"uv": [0, 0, 1, 0.75], "texture": "#1"},
				"south": {"uv": [0, 0, 1, 0.75], "texture": "#1"},
				"west": {"uv": [0, 0, 1, 0.75], "texture": "#1"},
				"up": {"uv": [1, 1, 2, 2], "texture": "#1"},
				"down": {"uv": [1, 1, 2, 2], "texture": "#1"}
			}
		},
		{
			"from": [12.45, 0, 12],
			"to": [13.45, 0.725, 13],
			"rotation": {"angle": 0, "axis": "y", "origin": [13.45, 0, 14]},
			"faces": {
				"north": {"uv": [0, 0, 1, 0.75], "texture": "#1"},
				"east": {"uv": [0, 0, 1, 0.75], "texture": "#1"},
				"south": {"uv": [0, 0, 1, 0.75], "texture": "#1"},
				"west": {"uv": [0, 0, 1, 0.75], "texture": "#1"},
				"up": {"uv": [1, 1, 2, 2], "texture": "#1"},
				"down": {"uv": [1, 1, 2, 2], "texture": "#1"}
			}
		},
		{
			"from": [13.45, 0, 11],
			"to": [14.45, 0.725, 12],
			"rotation": {"angle": 0, "axis": "y", "origin": [14.45, 0, 13]},
			"faces": {
				"north": {"uv": [0, 0, 1, 0.75], "texture": "#1"},
				"east": {"uv": [0, 0, 1, 0.75], "texture": "#1"},
				"south": {"uv": [0, 0, 1, 0.75], "texture": "#1"},
				"west": {"uv": [0, 0, 1, 0.75], "texture": "#1"},
				"up": {"uv": [1, 1, 2, 2], "texture": "#1"},
				"down": {"uv": [1, 1, 2, 2], "texture": "#1"}
			}
		},
		{
			"from": [13.75, 0, 10],
			"to": [14.75, 0.725, 11],
			"rotation": {"angle": 0, "axis": "y", "origin": [14.75, 0, 12]},
			"faces": {
				"north": {"uv": [0, 0, 1, 0.75], "texture": "#1"},
				"east": {"uv": [0, 0, 1, 0.75], "texture": "#1"},
				"south": {"uv": [0, 0, 1, 0.75], "texture": "#1"},
				"west": {"uv": [0, 0, 1, 0.75], "texture": "#1"},
				"up": {"uv": [1, 1, 2, 2], "texture": "#1"},
				"down": {"uv": [1, 1, 2, 2], "texture": "#1"}
			}
		},
		{
			"from": [14.05, 0, 9],
			"to": [15.05, 0.725, 10],
			"rotation": {"angle": 0, "axis": "y", "origin": [15.05, 0, 11]},
			"faces": {
				"north": {"uv": [0, 0, 1, 0.75], "texture": "#1"},
				"east": {"uv": [0, 0, 1, 0.75], "texture": "#1"},
				"south": {"uv": [0, 0, 1, 0.75], "texture": "#1"},
				"west": {"uv": [0, 0, 1, 0.75], "texture": "#1"},
				"up": {"uv": [1, 1, 2, 2], "texture": "#1"},
				"down": {"uv": [1, 1, 2, 2], "texture": "#1"}
			}
		},
		{
			"from": [14.25, 0, 8],
			"to": [15.25, 0.725, 9],
			"rotation": {"angle": 0, "axis": "y", "origin": [15.25, 0, 10]},
			"faces": {
				"north": {"uv": [0, 0, 1, 0.75], "texture": "#1"},
				"east": {"uv": [0, 0, 1, 0.75], "texture": "#1"},
				"south": {"uv": [0, 0, 1, 0.75], "texture": "#1"},
				"west": {"uv": [0, 0, 1, 0.75], "texture": "#1"},
				"up": {"uv": [1, 1, 2, 2], "texture": "#1"},
				"down": {"uv": [1, 1, 2, 2], "texture": "#1"}
			}
		},
		{
			"from": [12.95, 0, 11.5],
			"to": [13.95, 0.725, 12.5],
			"rotation": {"angle": 0, "axis": "y", "origin": [13.95, 0, 13.5]},
			"faces": {
				"north": {"uv": [0, 0, 1, 0.75], "texture": "#1"},
				"east": {"uv": [0, 0, 1, 0.75], "texture": "#1"},
				"south": {"uv": [0, 0, 1, 0.75], "texture": "#1"},
				"west": {"uv": [0, 0, 1, 0.75], "texture": "#1"},
				"up": {"uv": [1, 1, 2, 2], "texture": "#1"},
				"down": {"uv": [1, 1, 2, 2], "texture": "#1"}
			}
		}
	],
	"display": {
		"fixed": {
			"rotation": [-90, 0, 0],
			"translation": [0, 0, -24],
			"scale": [3, 3, 3]
		}
	},
	"groups": [
		0,
		1,
		{
			"name": "group",
			"origin": [8, 8, 8],
			"color": 0,
			"children": [2, 3, 4, 5, 6, 7, 8, 9, 10, 11, 12, 13, 14, 15, 16, 17, 18, 19, 20, 21, 22, 23, 24, 25, 26]
		},
		{
			"name": "group",
			"origin": [8, 8, 8],
			"color": 0,
			"children": [27, 28, 29, 30, 31, 32, 33, 34, 35, 36, 37, 38, 39, 40, 41, 42, 43, 44, 45, 46, 47, 48, 49, 50, 51]
		}
	]
}