{
	"format_version": "1.21.6",
	"credit": "Made with Blockbench",
	"texture_size": [64, 64],
	"textures": {
		"0": "item/mail",
		"1": "item/mailblock",
		"particle": "item/mail"
	},
	"elements": [
		{
			"name": "mailblock",
			"from": [0, 0, 14.5],
			"to": [24, 16, 16],
			"rotation": {"angle": 0, "axis": "y", "origin": [21, 7, 14]},
			"faces": {
				"north": {"uv": [0, 0, 6, 4], "texture": "#1"},
				"east": {"uv": [6, 1, 6.375, 5], "texture": "#1"},
				"south": {"uv": [0, 4, 6, 8], "texture": "#1"},
				"west": {"uv": [6, 5, 6.375, 9], "texture": "#1"},
				"up": {"uv": [12, 0.375, 6, 0], "texture": "#1"},
				"down": {"uv": [12, 0.5, 6, 0.875], "texture": "#1"}
			}
		},
		{
			"from": [13, 13, 14],
			"to": [17, 14, 15],
			"rotation": {"angle": 0, "axis": "y", "origin": [13, 13, 13]},
			"faces": {
				"north": {"uv": [0, 10.75, 4, 11.75], "texture": "#0"},
				"east": {"uv": [0, 10.75, 1, 11.75], "texture": "#0"},
				"south": {"uv": [0, 10.75, 4, 11.75], "texture": "#0"},
				"west": {"uv": [0, 10.75, 1, 11.75], "texture": "#0"},
				"up": {"uv": [0, 10.75, 4, 11.75], "texture": "#0"},
				"down": {"uv": [0, 10.75, 4, 11.75], "texture": "#0"}
			}
		},
		{
			"from": [13, 9, 14.2],
			"to": [17, 13, 15],
			"rotation": {"angle": 0, "axis": "y", "origin": [13, 12, 13]},
			"faces": {
				"north": {"uv": [0, 0, 4, 4], "texture": "#0"},
				"east": {"uv": [4, 0, 4.75, 4], "texture": "#0"},
				"south": {"uv": [0, 4, 4, 8], "texture": "#0"},
				"west": {"uv": [4, 4, 4.75, 8], "texture": "#0"},
				"up": {"uv": [9, 0.75, 5, 0], "texture": "#0"},
				"down": {"uv": [9, 1, 5, 1.75], "texture": "#0"}
			}
		},
		{
			"from": [19, 9, 14.2],
			"to": [23, 13, 15],
			"rotation": {"angle": 0, "axis": "y", "origin": [19, 12, 13]},
			"faces": {
				"north": {"uv": [0, 0, 4, 4], "texture": "#0"},
				"east": {"uv": [4, 0, 4.75, 4], "texture": "#0"},
				"south": {"uv": [0, 4, 4, 8], "texture": "#0"},
				"west": {"uv": [4, 4, 4.75, 8], "texture": "#0"},
				"up": {"uv": [9, 0.75, 5, 0], "texture": "#0"},
				"down": {"uv": [9, 1, 5, 1.75], "texture": "#0"}
			}
		},
		{
			"from": [7, 13, 14],
			"to": [11, 14, 15],
			"rotation": {"angle": 0, "axis": "y", "origin": [7, 13, 13]},
			"faces": {
				"north": {"uv": [0, 10.75, 4, 11.75], "texture": "#0"},
				"east": {"uv": [0, 10.75, 1, 11.75], "texture": "#0"},
				"south": {"uv": [0, 10.75, 4, 11.75], "texture": "#0"},
				"west": {"uv": [0, 10.75, 1, 11.75], "texture": "#0"},
				"up": {"uv": [0, 10.75, 4, 11.75], "texture": "#0"},
				"down": {"uv": [0, 10.75, 4, 11.75], "texture": "#0"}
			}
		},
		{
			"from": [7, 9, 14.2],
			"to": [11, 13, 15],
			"rotation": {"angle": 0, "axis": "y", "origin": [7, 12, 13]},
			"faces": {
				"north": {"uv": [0, 0, 4, 4], "texture": "#0"},
				"east": {"uv": [4, 0, 4.75, 4], "texture": "#0"},
				"south": {"uv": [0, 4, 4, 8], "texture": "#0"},
				"west": {"uv": [4, 4, 4.75, 8], "texture": "#0"},
				"up": {"uv": [9, 0.75, 5, 0], "texture": "#0"},
				"down": {"uv": [9, 1, 5, 1.75], "texture": "#0"}
			}
		},
		{
			"from": [1, 13, 14],
			"to": [5, 14, 15],
			"rotation": {"angle": 0, "axis": "y", "origin": [1, 13, 13]},
			"faces": {
				"north": {"uv": [0, 10.75, 4, 11.75], "texture": "#0"},
				"east": {"uv": [0, 10.75, 1, 11.75], "texture": "#0"},
				"south": {"uv": [0, 10.75, 4, 11.75], "texture": "#0"},
				"west": {"uv": [0, 10.75, 1, 11.75], "texture": "#0"},
				"up": {"uv": [0, 10.75, 4, 11.75], "texture": "#0"},
				"down": {"uv": [0, 10.75, 4, 11.75], "texture": "#0"}
			}
		},
		{
			"from": [1, 9, 14.2],
			"to": [5, 13, 15],
			"rotation": {"angle": 0, "axis": "y", "origin": [1, 12, 13]},
			"faces": {
				"north": {"uv": [0, 0, 4, 4], "texture": "#0"},
				"east": {"uv": [4, 0, 4.75, 4], "texture": "#0"},
				"south": {"uv": [0, 4, 4, 8], "texture": "#0"},
				"west": {"uv": [4, 4, 4.75, 8], "texture": "#0"},
				"up": {"uv": [9, 0.75, 5, 0], "texture": "#0"},
				"down": {"uv": [9, 1, 5, 1.75], "texture": "#0"}
			}
		},
		{
			"from": [19, 13, 14],
			"to": [23, 14, 15],
			"rotation": {"angle": 0, "axis": "y", "origin": [19, 13, 13]},
			"faces": {
				"north": {"uv": [0, 10.75, 4, 11.75], "texture": "#0"},
				"east": {"uv": [0, 10.75, 1, 11.75], "texture": "#0"},
				"south": {"uv": [0, 10.75, 4, 11.75], "texture": "#0"},
				"west": {"uv": [0, 10.75, 1, 11.75], "texture": "#0"},
				"up": {"uv": [0, 10.75, 4, 11.75], "texture": "#0"},
				"down": {"uv": [0, 10.75, 4, 11.75], "texture": "#0"}
			}
		},
		{
			"from": [13, 6, 14],
			"to": [17, 7, 15],
			"rotation": {"angle": 0, "axis": "y", "origin": [13, 6, 13]},
			"faces": {
				"north": {"uv": [0, 10.75, 4, 11.75], "texture": "#0"},
				"east": {"uv": [0, 10.75, 1, 11.75], "texture": "#0"},
				"south": {"uv": [0, 10.75, 4, 11.75], "texture": "#0"},
				"west": {"uv": [0, 10.75, 1, 11.75], "texture": "#0"},
				"up": {"uv": [0, 10.75, 4, 11.75], "texture": "#0"},
				"down": {"uv": [0, 10.75, 4, 11.75], "texture": "#0"}
			}
		},
		{
			"from": [13, 2, 14.2],
			"to": [17, 6, 15],
			"rotation": {"angle": 0, "axis": "y", "origin": [13, 5, 13]},
			"faces": {
				"north": {"uv": [0, 0, 4, 4], "texture": "#0"},
				"east": {"uv": [4, 0, 4.75, 4], "texture": "#0"},
				"south": {"uv": [0, 4, 4, 8], "texture": "#0"},
				"west": {"uv": [4, 4, 4.75, 8], "texture": "#0"},
				"up": {"uv": [9, 0.75, 5, 0], "texture": "#0"},
				"down": {"uv": [9, 1, 5, 1.75], "texture": "#0"}
			}
		},
		{
			"from": [19, 2, 14.2],
			"to": [23, 6, 15],
			"rotation": {"angle": 0, "axis": "y", "origin": [19, 5, 13]},
			"faces": {
				"north": {"uv": [0, 0, 4, 4], "texture": "#0"},
				"east": {"uv": [4, 0, 4.75, 4], "texture": "#0"},
				"south": {"uv": [0, 4, 4, 8], "texture": "#0"},
				"west": {"uv": [4, 4, 4.75, 8], "texture": "#0"},
				"up": {"uv": [9, 0.75, 5, 0], "texture": "#0"},
				"down": {"uv": [9, 1, 5, 1.75], "texture": "#0"}
			}
		},
		{
			"from": [7, 6, 14],
			"to": [11, 7, 15],
			"rotation": {"angle": 0, "axis": "y", "origin": [7, 6, 13]},
			"faces": {
				"north": {"uv": [0, 10.75, 4, 11.75], "texture": "#0"},
				"east": {"uv": [0, 10.75, 1, 11.75], "texture": "#0"},
				"south": {"uv": [0, 10.75, 4, 11.75], "texture": "#0"},
				"west": {"uv": [0, 10.75, 1, 11.75], "texture": "#0"},
				"up": {"uv": [0, 10.75, 4, 11.75], "texture": "#0"},
				"down": {"uv": [0, 10.75, 4, 11.75], "texture": "#0"}
			}
		},
		{
			"from": [7, 2, 14.2],
			"to": [11, 6, 15],
			"rotation": {"angle": 0, "axis": "y", "origin": [7, 5, 13]},
			"faces": {
				"north": {"uv": [0, 0, 4, 4], "texture": "#0"},
				"east": {"uv": [4, 0, 4.75, 4], "texture": "#0"},
				"south": {"uv": [0, 4, 4, 8], "texture": "#0"},
				"west": {"uv": [4, 4, 4.75, 8], "texture": "#0"},
				"up": {"uv": [9, 0.75, 5, 0], "texture": "#0"},
				"down": {"uv": [9, 1, 5, 1.75], "texture": "#0"}
			}
		},
		{
			"from": [1, 6, 14],
			"to": [5, 7, 15],
			"rotation": {"angle": 0, "axis": "y", "origin": [1, 6, 13]},
			"faces": {
				"north": {"uv": [0, 10.75, 4, 11.75], "texture": "#0"},
				"east": {"uv": [0, 10.75, 1, 11.75], "texture": "#0"},
				"south": {"uv": [0, 10.75, 4, 11.75], "texture": "#0"},
				"west": {"uv": [0, 10.75, 1, 11.75], "texture": "#0"},
				"up": {"uv": [0, 10.75, 4, 11.75], "texture": "#0"},
				"down": {"uv": [0, 10.75, 4, 11.75], "texture": "#0"}
			}
		},
		{
			"from": [1, 2, 14.2],
			"to": [5, 6, 15],
			"rotation": {"angle": 0, "axis": "y", "origin": [1, 5, 13]},
			"faces": {
				"north": {"uv": [0, 0, 4, 4], "texture": "#0"},
				"east": {"uv": [4, 0, 4.75, 4], "texture": "#0"},
				"south": {"uv": [0, 4, 4, 8], "texture": "#0"},
				"west": {"uv": [4, 4, 4.75, 8], "texture": "#0"},
				"up": {"uv": [9, 0.75, 5, 0], "texture": "#0"},
				"down": {"uv": [9, 1, 5, 1.75], "texture": "#0"}
			}
		},
		{
			"from": [19, 6, 14],
			"to": [23, 7, 15],
			"rotation": {"angle": 0, "axis": "y", "origin": [19, 6, 13]},
			"faces": {
				"north": {"uv": [0, 10.75, 4, 11.75], "texture": "#0"},
				"east": {"uv": [0, 10.75, 1, 11.75], "texture": "#0"},
				"south": {"uv": [0, 10.75, 4, 11.75], "texture": "#0"},
				"west": {"uv": [0, 10.75, 1, 11.75], "texture": "#0"},
				"up": {"uv": [0, 10.75, 4, 11.75], "texture": "#0"},
				"down": {"uv": [0, 10.75, 4, 11.75], "texture": "#0"}
			}
		},
		{
			"from": [13.5, 12.25, 14.2],
			"to": [16.5, 13.25, 14.2],
			"rotation": {"angle": 22.5, "axis": "x", "origin": [15, 13.25, 14.2]},
			"faces": {
				"north": {"uv": [0, 15.6, 0.75, 15.85], "texture": "#1"},
				"east": {"uv": [0, 15.6, 0, 15.85], "texture": "#missing"},
				"south": {"uv": [0, 15.6, 0.75, 15.85], "texture": "#1"},
				"west": {"uv": [0, 15.6, 0, 15.85], "texture": "#missing"},
				"up": {"uv": [0, 15.6, 0.75, 15.6], "texture": "#missing"},
				"down": {"uv": [0, 15.6, 0.75, 15.6], "texture": "#missing"}
			}
		},
		{
			"from": [13.5, 11.75, 14.4],
			"to": [16.5, 13.35, 14.4],
			"rotation": {"angle": 22.5, "axis": "x", "origin": [15, 13.35, 14.4]},
			"faces": {
				"north": {"uv": [0, 15.6, 0.75, 16], "texture": "#1"},
				"east": {"uv": [0, 15.6, 0, 16], "texture": "#missing"},
				"south": {"uv": [0, 15.6, 0.75, 16], "texture": "#1"},
				"west": {"uv": [0, 15.6, 0, 16], "texture": "#missing"},
				"up": {"uv": [0, 15.6, 0.75, 15.6], "texture": "#missing"},
				"down": {"uv": [0, 15.6, 0.75, 15.6], "texture": "#missing"}
			}
		},
		{
			"from": [7.5, 11.95, 14.4],
			"to": [10.5, 13.55, 14.4],
			"rotation": {"angle": 22.5, "axis": "x", "origin": [9, 13.55, 14.4]},
			"faces": {
				"north": {"uv": [0, 15.6, 0.75, 16], "texture": "#1"},
				"east": {"uv": [0, 15.6, 0, 16], "texture": "#missing"},
				"south": {"uv": [0, 15.6, 0.75, 16], "texture": "#1"},
				"west": {"uv": [0, 15.6, 0, 16], "texture": "#missing"},
				"up": {"uv": [0, 15.6, 0.75, 15.6], "texture": "#missing"},
				"down": {"uv": [0, 15.6, 0.75, 15.6], "texture": "#missing"}
			}
		},
		{
			"from": [7.5, 4.95, 14.4],
			"to": [10.5, 6.55, 14.4],
			"rotation": {"angle": 22.5, "axis": "x", "origin": [9, 6.55, 14.4]},
			"faces": {
				"north": {"uv": [0, 15.6, 0.75, 16], "texture": "#1"},
				"east": {"uv": [0, 15.6, 0, 16], "texture": "#missing"},
				"south": {"uv": [0, 15.6, 0.75, 16], "texture": "#1"},
				"west": {"uv": [0, 15.6, 0, 16], "texture": "#missing"},
				"up": {"uv": [0, 15.6, 0.75, 15.6], "texture": "#missing"},
				"down": {"uv": [0, 15.6, 0.75, 15.6], "texture": "#missing"}
			}
		},
		{
			"from": [19.5, 5.025, 14.4],
			"to": [22.5, 6.55, 14.4],
			"rotation": {"angle": 22.5, "axis": "x", "origin": [21, 6.55, 14.4]},
			"faces": {
				"north": {"uv": [0, 15.61875, 0.75, 16], "texture": "#1"},
				"east": {"uv": [0, 15.6, 0, 15.98125], "texture": "#missing"},
				"south": {"uv": [0, 15.61875, 0.75, 16], "texture": "#1"},
				"west": {"uv": [0, 15.6, 0, 15.98125], "texture": "#missing"},
				"up": {"uv": [0, 15.6, 0.75, 15.6], "texture": "#missing"},
				"down": {"uv": [0, 15.6, 0.75, 15.6], "texture": "#missing"}
			}
		}
	],
	"display": {
		"fixed": {
			"translation": [-30.75, -3.75, -24.25],
			"scale": [3, 3, 3]
		}
	},
	"groups": [
		{
			"name": "group1",
			"origin": [8, 8, 8],
			"color": 0,
			"children": [
				0,
				{
					"name": "mail",
					"origin": [7, 9, 13],
					"color": 0,
					"children": [1, 2, 3, 4, 5, 6, 7, 8]
				},
				{
					"name": "mail2",
					"origin": [7, 9, 13],
					"color": 0,
					"children": [9, 10, 11, 12, 13, 14, 15, 16]
				},
				{
					"name": "list",
					"origin": [3, 27.25, 14.2],
					"color": 0,
					"children": [17, 18, 19, 20, 21]
				}
			]
		}
	]
}