{
	"format_version": "1.21.4",
	"credit": "Made with Blockbench",
	"textures": {
		"0": "item/mysor",
		"particle": "item/mysor"
	},
	"elements": [
		{
			"from": [2, 0, 2],
			"to": [3, 1, 5],
			"rotation": {"angle": 0, "axis": "y", "origin": [2, 0, 3]},
			"faces": {
				"north": {"uv": [4, 6, 5, 7], "texture": "#0"},
				"east": {"uv": [4, 3, 7, 4], "texture": "#0"},
				"south": {"uv": [5, 6, 6, 7], "texture": "#0"},
				"west": {"uv": [4, 4, 7, 5], "texture": "#0"},
				"up": {"uv": [1, 8, 0, 5], "texture": "#0"},
				"down": {"uv": [2, 5, 1, 8], "texture": "#0"}
			}
		},
		{
			"from": [3, 0, 5],
			"to": [4, 1, 6],
			"rotation": {"angle": 0, "axis": "y", "origin": [3, 0, 5]},
			"faces": {
				"north": {"uv": [6, 6, 7, 7], "texture": "#0"},
				"east": {"uv": [7, 3, 8, 4], "texture": "#0"},
				"south": {"uv": [4, 7, 5, 8], "texture": "#0"},
				"west": {"uv": [7, 4, 8, 5], "texture": "#0"},
				"up": {"uv": [6, 8, 5, 7], "texture": "#0"},
				"down": {"uv": [7, 7, 6, 8], "texture": "#0"}
			}
		},
		{
			"from": [10, 0, 4],
			"to": [14, 1, 5],
			"rotation": {"angle": 0, "axis": "y", "origin": [10, 0, 4]},
			"faces": {
				"north": {"uv": [0, 0, 4, 1], "texture": "#0"},
				"east": {"uv": [4, 8, 5, 9], "texture": "#0"},
				"south": {"uv": [0, 1, 4, 2], "texture": "#0"},
				"west": {"uv": [8, 4, 9, 5], "texture": "#0"},
				"up": {"uv": [4, 3, 0, 2], "texture": "#0"},
				"down": {"uv": [4, 3, 0, 4], "texture": "#0"}
			}
		},
		{
			"from": [4, 0, 11],
			"to": [8, 1, 12],
			"rotation": {"angle": 0, "axis": "y", "origin": [5, 0, 10]},
			"faces": {
				"north": {"uv": [0, 4, 4, 5], "texture": "#0"},
				"east": {"uv": [5, 8, 6, 9], "texture": "#0"},
				"south": {"uv": [4, 0, 8, 1], "texture": "#0"},
				"west": {"uv": [8, 5, 9, 6], "texture": "#0"},
				"up": {"uv": [8, 2, 4, 1], "texture": "#0"},
				"down": {"uv": [8, 2, 4, 3], "texture": "#0"}
			}
		},
		{
			"from": [12, 1, 4],
			"to": [13, 2, 5],
			"rotation": {"angle": 0, "axis": "y", "origin": [11, 0, 3]},
			"faces": {
				"north": {"uv": [7, 6, 8, 7], "texture": "#0"},
				"east": {"uv": [7, 7, 8, 8], "texture": "#0"},
				"south": {"uv": [0, 8, 1, 9], "texture": "#0"},
				"west": {"uv": [8, 0, 9, 1], "texture": "#0"},
				"up": {"uv": [2, 9, 1, 8], "texture": "#0"},
				"down": {"uv": [9, 1, 8, 2], "texture": "#0"}
			}
		},
		{
			"from": [12, 0, 5],
			"to": [13, 1, 8],
			"rotation": {"angle": 0, "axis": "y", "origin": [11, 0, 6]},
			"faces": {
				"north": {"uv": [8, 2, 9, 3], "texture": "#0"},
				"east": {"uv": [2, 5, 5, 6], "texture": "#0"},
				"south": {"uv": [8, 3, 9, 4], "texture": "#0"},
				"west": {"uv": [5, 5, 8, 6], "texture": "#0"},
				"up": {"uv": [3, 9, 2, 6], "texture": "#0"},
				"down": {"uv": [4, 6, 3, 9], "texture": "#0"}
			}
		}
	],
	"display": {
		"fixed": {
			"rotation": [-90, 0, 0],
			"translation": [0, 0, -13.25],
			"scale": [1.7, 1.7, 1.7]
		}
	},
	"groups": [
		{
			"name": "group",
			"origin": [2, 0, 3],
			"color": 0,
			"children": [0, 1]
		},
		2,
		3,
		{
			"name": "group",
			"origin": [11, 0, 3],
			"color": 0,
			"children": [4, 5]
		}
	]
}