{
	"format_version": "1.9.0",
	"credit": "Made with Blockbench",
	"texture_size": [8, 8],
	"textures": {
		"0": "item/mysor2",
		"particle": "item/mysor2"
	},
	"elements": [
		{
			"from": [3, 0, 3],
			"to": [8, 1, 4],
			"rotation": {"angle": 0, "axis": "y", "origin": [4, 0, 3]},
			"faces": {
				"north": {"uv": [0, 0, 10, 2], "texture": "#0"},
				"east": {"uv": [10, 6, 12, 8], "texture": "#0"},
				"south": {"uv": [0, 2, 10, 4], "texture": "#0"},
				"west": {"uv": [2, 12, 4, 14], "texture": "#0"},
				"up": {"uv": [10, 6, 0, 4], "texture": "#0"},
				"down": {"uv": [10, 6, 0, 8], "texture": "#0"}
			}
		},
		{
			"from": [9, 0, 9],
			"to": [10, 1, 12],
			"rotation": {"angle": 0, "axis": "y", "origin": [8, 0, 9]},
			"faces": {
				"north": {"uv": [4, 12, 6, 14], "texture": "#0"},
				"east": {"uv": [0, 8, 6, 10], "texture": "#0"},
				"south": {"uv": [12, 4, 14, 6], "texture": "#0"},
				"west": {"uv": [6, 8, 12, 10], "texture": "#0"},
				"up": {"uv": [2, 16, 0, 10], "texture": "#0"},
				"down": {"uv": [12, 0, 10, 6], "texture": "#0"}
			}
		},
		{
			"from": [10, 0, 11],
			"to": [11, 1, 13],
			"rotation": {"angle": 0, "axis": "y", "origin": [11, 0, 11]},
			"faces": {
				"north": {"uv": [6, 12, 8, 14], "texture": "#0"},
				"east": {"uv": [2, 10, 6, 12], "texture": "#0"},
				"south": {"uv": [12, 6, 14, 8], "texture": "#0"},
				"west": {"uv": [6, 10, 10, 12], "texture": "#0"},
				"up": {"uv": [12, 14, 10, 10], "texture": "#0"},
				"down": {"uv": [14, 0, 12, 4], "texture": "#0"}
			}
		}
	],
	"display": {
		"fixed": {
			"rotation": [-90, -11, -180],
			"translation": [-2.5, -1.25, 8.25],
			"scale": [1.2, 1.2, 1.2]
		}
	}
}