{
	"format_version": "1.9.0",
	"credit": "Made with Blockbench",
	"texture_size": [64, 64],
	"textures": {
		"0": "item/nastya",
		"particle": "item/nastya"
	},
	"elements": [
		{
			"from": [-16, 0, 14.9],
			"to": [32, 32, 14.9],
			"rotation": {"angle": 0, "axis": "y", "origin": [0, 0, -0.1]},
			"faces": {
				"north": {"uv": [0, 0, 12, 8], "texture": "#0"},
				"east": {"uv": [0, 0, 12, 8], "texture": "#0"},
				"south": {"uv": [0, 0, 12, 8], "texture": "#0"},
				"west": {"uv": [0, 0, 12, 8], "texture": "#0"},
				"up": {"uv": [0, 0, 12, 8], "texture": "#0"},
				"down": {"uv": [0, 0, 12, 8], "texture": "#0"}
			}
		}
	],
	"display": {
		"fixed": {
			"translation": [0, 4.5, -23.75],
			"scale": [2.5, 2.5, 2.5]
		}
	}
}