{
	"format_version": "1.21.6",
	"credit": "Made with Blockbench",
	"texture_size": [128, 128],
	"textures": {
		"0": "item/okno22",
		"particle": "item/okno22"
	},
	"elements": [
		{
			"from": [0, 0, 8],
			"to": [32, 32, 10],
			"rotation": {"angle": 0, "axis": "y", "origin": [14, 0, 8]},
			"faces": {
				"north": {"uv": [0, 0, 4, 4], "texture": "#0"},
				"east": {"uv": [3.75, 0, 4, 4], "texture": "#0"},
				"south": {"uv": [8.125, 7.625, 12.125, 11.625], "texture": "#0"},
				"west": {"uv": [3.75, 0, 4, 4], "texture": "#0"},
				"up": {"uv": [12.125, 7.875, 8.125, 7.625], "texture": "#0"},
				"down": {"uv": [12.125, 11.375, 8.125, 11.625], "texture": "#0"}
			}
		}
	],
	"display": {
		"fixed": {
			"rotation": [-90, 0, 0],
			"translation": [0, 0, -16],
			"scale": [2, 2, 2]
		}
	}
}