{
	"format_version": "1.21.6",
	"credit": "Made with Blockbench",
	"texture_size": [32, 32],
	"textures": {
		"0": "item/pismoOverlay",
		"1": "item/pismoOverlay2",
		"particle": "item/pismoOverlay"
	},
	"elements": [
		{
			"name": "Overlay",
			"from": [0, 0, 0],
			"to": [13, 0, 9],
			"faces": {
				"north": {"uv": [0, 0, 16, 16], "texture": "#0"},
				"east": {"uv": [0, 0, 16, 16], "texture": "#0"},
				"south": {"uv": [0, 0, 16, 16], "texture": "#0"},
				"west": {"uv": [0, 0, 16, 16], "texture": "#0"},
				"up": {"uv": [0, 0, 16, 16], "texture": "#0"},
				"down": {"uv": [0, 0, 16, 16], "texture": "#0"}
			}
		},
		{
			"from": [-16, -0.05, -16],
			"to": [32, -0.05, 32],
			"rotation": {"angle": 0, "axis": "y", "origin": [0, -0.05, 0]},
			"faces": {
				"north": {"uv": [0, 0, 8, 0], "texture": "#1"},
				"east": {"uv": [0, 0, 8, 0], "texture": "#1"},
				"south": {"uv": [0, 0, 8, 0], "texture": "#1"},
				"west": {"uv": [0, 0, 8, 0], "texture": "#1"},
				"up": {"uv": [8, 8, 0, 0], "texture": "#1"},
				"down": {"uv": [8, 8, 0, 16], "texture": "#1"}
			}
		}
	],
	"display": {
		"firstperson_righthand": {
			"rotation": [90, 0, 0],
			"translation": [-7.75, 4.75, 12]
		},
		"gui": {
			"rotation": [75, 0, 0],
			"translation": [1.5, -1, 0]
		}
	}
}