{
	"format_version": "1.21.6",
	"credit": "Made with Blockbench",
	"textures": {
		"0": "item/pismo",
		"particle": "item/pismo"
	},
	"elements": [
		{
			"name": "Chernila",
			"from": [2, -0.025, 4],
			"to": [6, -0.025, 8],
			"rotation": {"angle": 0, "axis": "y", "origin": [4, -0.025, 6]},
			"faces": {
				"north": {"uv": [12, 12, 16, 16], "texture": "#0"},
				"east": {"uv": [12, 12, 16, 16], "texture": "#0"},
				"south": {"uv": [12, 12, 16, 16], "texture": "#0"},
				"west": {"uv": [12, 12, 16, 16], "texture": "#0"},
				"up": {"uv": [12, 12, 16, 16], "texture": "#0"},
				"down": {"uv": [12, 12, 16, 16], "texture": "#0"}
			}
		},
		{
			"name": "Pismo",
			"from": [4, 0, 6],
			"to": [12, 0.1, 11],
			"rotation": {"angle": 0, "axis": "y", "origin": [3, 0, 5]},
			"faces": {
				"north": {"uv": [0, 4.75, 8, 5], "texture": "#0"},
				"east": {"uv": [2.75, 4.75, 7.75, 5], "texture": "#0"},
				"south": {"uv": [0, 4.75, 8, 5], "texture": "#0"},
				"west": {"uv": [0, 4.75, 5, 5], "texture": "#0"},
				"up": {"uv": [8, 5, 0, 0], "texture": "#0"},
				"down": {"uv": [8, 0, 0, 5], "texture": "#0"}
			}
		},
		{
			"name": "L2_Pismo",
			"from": [4, 0.1, 6],
			"to": [12, 0.175, 11],
			"rotation": {"angle": 0, "axis": "y", "origin": [3, 0.1, 5]},
			"faces": {
				"north": {"uv": [8, 13.75, 0, 8.75], "texture": "#0"},
				"east": {"uv": [8, 13.75, 0, 8.75], "texture": "#0"},
				"south": {"uv": [8, 13.75, 0, 8.75], "texture": "#0"},
				"west": {"uv": [8, 13.75, 0, 8.75], "texture": "#0"},
				"up": {"uv": [8, 13.75, 0, 8.75], "texture": "#0"},
				"down": {"uv": [8, 13.75, 0, 8.75], "texture": "#0"}
			}
		}
	],
	"display": {
		"fixed": {
			"rotation": [90, 0, 0],
			"translation": [0, 3, 15.751],
			"scale": [2, 2, 2]
		}
	},
	"groups": [
		{
			"name": "root",
			"origin": [4, 0, 6],
			"color": 0,
			"children": [0, 1, 2]
		}
	]
}