{
	"format_version": "1.21.6",
	"credit": "Made with Blockbench",
	"texture_size": [32, 32],
	"textures": {
		"0": "item/plintus",
		"particle": "item/plintus"
	},
	"elements": [
		{
			"from": [0, 0, 16],
			"to": [1.225, 1, 32],
			"rotation": {"angle": 0, "axis": "y", "origin": [-2, 0, 16]},
			"faces": {
				"north": {"uv": [4, 4, 4.5, 4.5], "texture": "#0"},
				"east": {"uv": [0, 2, 7.75, 2.5], "texture": "#0"},
				"south": {"uv": [4, 4.5, 4.5, 5], "texture": "#0"},
				"west": {"uv": [0, 2.5, 7.6625, 3], "texture": "#0"},
				"up": {"uv": [0.5, 11, 0, 3], "texture": "#0"},
				"down": {"uv": [1, 3, 0.5, 11], "texture": "#0"}
			}
		},
		{
			"from": [0, 1, 16],
			"to": [1.075, 1.475, 32],
			"rotation": {"angle": 0, "axis": "y", "origin": [-2, 1, 16]},
			"faces": {
				"north": {"uv": [4.5, 4, 5, 4.25], "texture": "#0"},
				"east": {"uv": [3, 3, 11, 3.25], "texture": "#0"},
				"south": {"uv": [4.5, 4.5, 5, 4.75], "texture": "#0"},
				"west": {"uv": [3, 3.5, 11, 3.75], "texture": "#0"},
				"up": {"uv": [1.5, 11, 1, 3], "texture": "#0"},
				"down": {"uv": [2, 3, 1.5, 11], "texture": "#0"}
			}
		},
		{
			"from": [0, 0, 16],
			"to": [0.75, 1.75, 32],
			"rotation": {"angle": 0, "axis": "y", "origin": [-2, 0, 16]},
			"faces": {
				"north": {"uv": [3, 4, 3.5, 5], "texture": "#0"},
				"east": {"uv": [0, 0, 8, 1], "texture": "#0"},
				"south": {"uv": [3.5, 4, 4, 5], "texture": "#0"},
				"west": {"uv": [0, 1, 8, 2], "texture": "#0"},
				"up": {"uv": [2.5, 10.75, 2, 3], "texture": "#0"},
				"down": {"uv": [3, 3, 2.5, 10.75], "texture": "#0"}
			}
		},
		{
			"from": [-16, 0, 14.775],
			"to": [0, 1, 16],
			"rotation": {"angle": 0, "axis": "y", "origin": [-17.25, 0, 18]},
			"faces": {
				"north": {"uv": [0, 2, 8, 2.5], "texture": "#0"},
				"east": {"uv": [4, 4.5, 4.5, 5], "texture": "#0"},
				"south": {"uv": [0, 2.5, 8, 3], "texture": "#0"},
				"west": {"uv": [4, 4, 4.5, 4.5], "texture": "#0"},
				"up": {"uv": [0.5, 11, 0, 3], "rotation": 270, "texture": "#0"},
				"down": {"uv": [1, 3, 0.5, 11], "rotation": 90, "texture": "#0"}
			}
		},
		{
			"from": [-16, 1, 14.925],
			"to": [0, 1.475, 16],
			"rotation": {"angle": 0, "axis": "y", "origin": [-17.25, 1, 18]},
			"faces": {
				"north": {"uv": [3, 3, 11, 3.25], "texture": "#0"},
				"east": {"uv": [4.5, 4.5, 5, 4.75], "texture": "#0"},
				"south": {"uv": [3, 3.5, 11, 3.75], "texture": "#0"},
				"west": {"uv": [4.5, 4, 5, 4.25], "texture": "#0"},
				"up": {"uv": [1.5, 11, 1, 3], "rotation": 270, "texture": "#0"},
				"down": {"uv": [2, 3, 1.5, 11], "rotation": 90, "texture": "#0"}
			}
		},
		{
			"from": [-16, 0, 15.25],
			"to": [0, 1.75, 16],
			"rotation": {"angle": 0, "axis": "y", "origin": [-17.25, 0, 18]},
			"faces": {
				"north": {"uv": [0, 0, 8, 1], "texture": "#0"},
				"east": {"uv": [3.5, 4, 4, 5], "texture": "#0"},
				"south": {"uv": [0, 1, 8, 2], "texture": "#0"},
				"west": {"uv": [3, 4, 3.5, 5], "texture": "#0"},
				"up": {"uv": [2.5, 11, 2, 3], "rotation": 270, "texture": "#0"},
				"down": {"uv": [3, 3, 2.5, 11], "rotation": 90, "texture": "#0"}
			}
		},
		{
			"from": [0, 0, 14.775],
			"to": [1.225, 1, 16],
			"rotation": {"angle": 0, "axis": "y", "origin": [-16, 0, 18]},
			"faces": {
				"north": {"uv": [0, 2, 1.1, 2.5], "texture": "#0"},
				"east": {"uv": [2, 4.5, 2.6125, 5], "texture": "#0"},
				"south": {"uv": [0, 2.5, 1.1, 3], "texture": "#0"},
				"west": {"uv": [2, 4, 2.6125, 4.5], "texture": "#0"},
				"up": {"uv": [0.6125, 4.1, 0, 3], "rotation": 270, "texture": "#0"},
				"down": {"uv": [1.1125, 3, 0.5, 4.1], "rotation": 90, "texture": "#0"}
			}
		},
		{
			"from": [0, 1, 14.925],
			"to": [1.075, 1.475, 16],
			"rotation": {"angle": 0, "axis": "y", "origin": [-16, 1, 18]},
			"faces": {
				"north": {"uv": [3, 3, 3.6, 3.2375], "texture": "#0"},
				"east": {"uv": [1.75, 6.25, 2.2875, 6.4875], "texture": "#0"},
				"south": {"uv": [3, 3.5, 3.6, 3.7375], "texture": "#0"},
				"west": {"uv": [1.75, 5.75, 2.2875, 5.9875], "texture": "#0"},
				"up": {"uv": [1.0375, 2.1, 0.5, 1.5], "rotation": 270, "texture": "#0"},
				"down": {"uv": [1.5375, 1.5, 1, 2.1], "rotation": 90, "texture": "#0"}
			}
		},
		{
			"from": [0, 0, 15.25],
			"to": [0.75, 1.75, 16],
			"rotation": {"angle": 0, "axis": "y", "origin": [-16, 0, 18]},
			"faces": {
				"north": {"uv": [0, 0, 0.875, 0.875], "texture": "#0"},
				"east": {"uv": [3.5, 4, 3.875, 4.875], "texture": "#0"},
				"south": {"uv": [0, 1, 0.875, 1.875], "texture": "#0"},
				"west": {"uv": [3, 4, 3.375, 4.875], "texture": "#0"},
				"up": {"uv": [2.375, 3.875, 2, 3], "rotation": 270, "texture": "#0"},
				"down": {"uv": [2.875, 3, 2.5, 3.875], "rotation": 90, "texture": "#0"}
			}
		}
	],
	"display": {
		"fixed": {
			"rotation": [-90, 0, 0],
			"translation": [0, 0, -16],
			"scale": [2, 2, 2]
		}
	},
	"groups": [
		{
			"name": "group",
			"origin": [0, 0, 0],
			"color": 0,
			"children": [0, 1, 2]
		},
		{
			"name": "group",
			"origin": [0, 0, 0],
			"color": 0,
			"children": [3, 4, 5]
		},
		{
			"name": "group",
			"origin": [0, 0, 0],
			"color": 0,
			"children": [6, 7, 8]
		}
	]
}