{
	"format_version": "1.21.6",
	"credit": "Made with Blockbench",
	"textures": {
		"0": "item/plintus",
		"particle": "item/plintus"
	},
	"elements": [
		{
			"from": [0, 0, 0.1],
			"to": [1.225, 1, 16],
			"rotation": {"angle": 0, "axis": "y", "origin": [-2, 0, 0]},
			"faces": {
				"north": {"uv": [0, 0, 1.225, 1], "texture": "#0"},
				"east": {"uv": [0, 0, 8, 1], "texture": "#0"},
				"south": {"uv": [0, 0, 1.225, 1], "texture": "#0"},
				"west": {"uv": [0, 0, 8, 1], "texture": "#0"},
				"up": {"uv": [0, 0, 1.225, 11], "texture": "#0"},
				"down": {"uv": [0, 0, 1.225, 11], "texture": "#0"}
			}
		},
		{
			"from": [0, 1, 0.1],
			"to": [1.075, 1.475, 16],
			"rotation": {"angle": 0, "axis": "y", "origin": [-2, 1, 0]},
			"faces": {
				"north": {"uv": [0, 0, 1.075, 0.475], "texture": "#0"},
				"east": {"uv": [0, 0, 16, 0.475], "texture": "#0"},
				"south": {"uv": [0, 0, 1.075, 0.475], "texture": "#0"},
				"west": {"uv": [0, 0, 8, 0.475], "texture": "#0"},
				"up": {"uv": [0, 0, 1.075, 0], "texture": "#0"},
				"down": {"uv": [0, 0, 1.075, 11], "texture": "#0"}
			}
		},
		{
			"from": [0, 0, 0.1],
			"to": [0.75, 1.75, 16.15],
			"rotation": {"angle": 0, "axis": "y", "origin": [-2, 0, 0]},
			"faces": {
				"north": {"uv": [0, 0, 0.75, 1.75], "texture": "#0"},
				"east": {"uv": [0, 0, 8, 1.75], "texture": "#0"},
				"south": {"uv": [0, 0, 0.75, 1.75], "texture": "#0"},
				"west": {"uv": [0, 0, 8, 1.75], "texture": "#0"},
				"up": {"uv": [0, 0, 0.75, 11], "texture": "#0"},
				"down": {"uv": [0, 0, 0.75, 11], "texture": "#0"}
			}
		},
		{
			"from": [1.225, 0, 14.7],
			"to": [15.975, 1, 15.4],
			"rotation": {"angle": 0, "axis": "y", "origin": [-1.75, 0, 0.4]},
			"faces": {
				"north": {"uv": [0, 0, 1, 11], "rotation": 90, "texture": "#0"},
				"east": {"uv": [0, 0, 1, 0.7], "rotation": 90, "texture": "#0"},
				"south": {"uv": [0, 0, 1, 11], "rotation": 90, "texture": "#0"},
				"west": {"uv": [0, 0, 1, 0.7], "rotation": 90, "texture": "#0"},
				"up": {"uv": [0, 0, 0.7, 11], "rotation": 90, "texture": "#0"},
				"down": {"uv": [0, 0, 0.7, 11], "rotation": 90, "texture": "#0"}
			}
		},
		{
			"from": [1.075, 1, 14.9],
			"to": [16, 1.475, 15.4],
			"rotation": {"angle": 0, "axis": "y", "origin": [-1.75, 1, 0.4]},
			"faces": {
				"north": {"uv": [0, 0, 0.475, 10.925], "rotation": 90, "texture": "#0"},
				"east": {"uv": [0, 0, 0.475, 0.5], "rotation": 90, "texture": "#0"},
				"south": {"uv": [0, 0, 0, 10.925], "rotation": 90, "texture": "#0"},
				"west": {"uv": [0, 0, 0.475, 0.5], "rotation": 90, "texture": "#0"},
				"up": {"uv": [0, 0, 0.5, 10.925], "rotation": 90, "texture": "#0"},
				"down": {"uv": [0, 0, 0.5, 10.925], "rotation": 90, "texture": "#0"}
			}
		},
		{
			"from": [0.75, 0, 15.4],
			"to": [16, 1.75, 16.15],
			"rotation": {"angle": 0, "axis": "y", "origin": [-1.75, 0, 0.4]},
			"faces": {
				"north": {"uv": [0, 0, 1.75, 11], "rotation": 90, "texture": "#0"},
				"east": {"uv": [0, 0, 1.75, 0.75], "rotation": 90, "texture": "#0"},
				"south": {"uv": [0, 0, 1.75, 11], "rotation": 90, "texture": "#0"},
				"west": {"uv": [0, 0, 1.75, 0.75], "rotation": 90, "texture": "#0"},
				"up": {"uv": [0, 0, 0.75, 11], "rotation": 90, "texture": "#0"},
				"down": {"uv": [0, 0, 0.75, 11], "rotation": 90, "texture": "#0"}
			}
		}
	],
	"display": {
		"fixed": {
			"rotation": [-90, 0, 0],
			"translation": [0, 0, -16],
			"scale": [2, 2, 2]
		}
	},
	"groups": [
		{
			"name": "group",
			"origin": [0, 0, 0],
			"color": 0,
			"children": [0, 1, 2]
		},
		{
			"name": "group",
			"origin": [0, 0, 0],
			"color": 0,
			"children": [3, 4, 5]
		}
	]
}