{
	"format_version": "1.21.6",
	"credit": "Made with Blockbench",
	"texture_size": [32, 32],
	"textures": {
		"0": "item/plintus",
		"particle": "item/plintus"
	},
	"elements": [
		{
			"from": [0, 0, 0],
			"to": [1.225, 1, 16],
			"rotation": {"angle": 0, "axis": "y", "origin": [-2, 0, 0]},
			"faces": {
				"north": {"uv": [4, 4, 4.5, 4.5], "texture": "#0"},
				"east": {"uv": [0, 2, 8, 2.5], "texture": "#0"},
				"south": {"uv": [4, 4.5, 4.5, 5], "texture": "#0"},
				"west": {"uv": [0, 2.5, 8, 3], "texture": "#0"},
				"up": {"uv": [0.5, 11, 0, 3], "texture": "#0"},
				"down": {"uv": [1, 3, 0.5, 11], "texture": "#0"}
			}
		},
		{
			"from": [0, 1, 0],
			"to": [1.075, 1.475, 16],
			"rotation": {"angle": 0, "axis": "y", "origin": [-2, 1, 0]},
			"faces": {
				"north": {"uv": [4.5, 4, 5, 4.25], "texture": "#0"},
				"east": {"uv": [3, 3, 11, 3.25], "texture": "#0"},
				"south": {"uv": [4.5, 4.5, 5, 4.75], "texture": "#0"},
				"west": {"uv": [3, 3.5, 11, 3.75], "texture": "#0"},
				"up": {"uv": [1.5, 11, 1, 3], "texture": "#0"},
				"down": {"uv": [2, 3, 1.5, 11], "texture": "#0"}
			}
		},
		{
			"from": [0, 0, 0],
			"to": [0.75, 1.75, 16],
			"rotation": {"angle": 0, "axis": "y", "origin": [-2, 0, 0]},
			"faces": {
				"north": {"uv": [3, 4, 3.5, 5], "texture": "#0"},
				"east": {"uv": [0, 0, 8, 1], "texture": "#0"},
				"south": {"uv": [3.5, 4, 4, 5], "texture": "#0"},
				"west": {"uv": [0, 1, 8, 2], "texture": "#0"},
				"up": {"uv": [2.5, 11, 2, 3], "texture": "#0"},
				"down": {"uv": [3, 3, 2.5, 11], "texture": "#0"}
			}
		}
	],
	"display": {
		"fixed": {
			"rotation": [-90, 0, 0],
			"translation": [0, 0, -16],
			"scale": [2, 2, 2]
		}
	},
	"groups": [
		{
			"name": "group",
			"origin": [0, 0, 0],
			"color": 0,
			"children": [0, 1, 2]
		}
	]
}