{
	"format_version": "1.21.6",
	"credit": "Made with Blockbench",
	"texture_size": [256, 256],
	"textures": {
		"0": "block/polkamagaz",
		"particle": "block/polkamagaz"
	},
	"elements": [
		{
			"from": [-16, 17, 10],
			"to": [32, 18, 19],
			"rotation": {"angle": 0, "axis": "y", "origin": [0, 17, 13]},
			"faces": {
				"north": {"uv": [6, 5.5, 9, 5.5625], "texture": "#0"},
				"east": {"uv": [0.25, 6.1875, 0.8125, 6.25], "texture": "#0"},
				"south": {"uv": [6, 5.5625, 9, 5.625], "texture": "#0"},
				"west": {"uv": [0.8125, 6.1875, 1.375, 6.25], "texture": "#0"},
				"up": {"uv": [6, 0.5625, 3, 0], "texture": "#0"},
				"down": {"uv": [6, 0.5625, 3, 1.125], "texture": "#0"}
			}
		},
		{
			"from": [-16, 0, 6],
			"to": [32, 32, 10],
			"rotation": {"angle": 0, "axis": "y", "origin": [0, 0, 6]},
			"faces": {
				"north": {"uv": [0, 0, 3, 2], "texture": "#0"},
				"east": {"uv": [6, 1, 6.25, 3], "texture": "#0"},
				"south": {"uv": [0, 2, 3, 4], "texture": "#0"},
				"west": {"uv": [6, 3, 6.25, 5], "texture": "#0"},
				"up": {"uv": [9, 0.75, 6, 0.5], "texture": "#0"},
				"down": {"uv": [9, 0.75, 6, 1], "texture": "#0"}
			}
		},
		{
			"from": [-16, 9, -3],
			"to": [32, 10, 6],
			"rotation": {"angle": 0, "axis": "y", "origin": [0, 9, 0]},
			"faces": {
				"north": {"uv": [6, 5.625, 9, 5.6875], "texture": "#0"},
				"east": {"uv": [1.375, 6.1875, 1.9375, 6.25], "texture": "#0"},
				"south": {"uv": [6, 5.6875, 9, 5.75], "texture": "#0"},
				"west": {"uv": [1.9375, 6.1875, 2.5, 6.25], "texture": "#0"},
				"up": {"uv": [6, 1.6875, 3, 1.125], "texture": "#0"},
				"down": {"uv": [6, 1.6875, 3, 2.25], "texture": "#0"}
			}
		},
		{
			"from": [-16, 17, -3],
			"to": [32, 18, 6],
			"rotation": {"angle": 0, "axis": "y", "origin": [0, 17, 0]},
			"faces": {
				"north": {"uv": [6, 5.75, 9, 5.8125], "texture": "#0"},
				"east": {"uv": [2.5, 6.1875, 3.0625, 6.25], "texture": "#0"},
				"south": {"uv": [6, 5.8125, 9, 5.875], "texture": "#0"},
				"west": {"uv": [3.0625, 6.1875, 3.625, 6.25], "texture": "#0"},
				"up": {"uv": [6, 2.8125, 3, 2.25], "texture": "#0"},
				"down": {"uv": [6, 2.8125, 3, 3.375], "texture": "#0"}
			}
		},
		{
			"from": [-16, 25, -3],
			"to": [32, 26, 6],
			"rotation": {"angle": 0, "axis": "y", "origin": [0, 25, 0]},
			"faces": {
				"north": {"uv": [6, 5.875, 9, 5.9375], "texture": "#0"},
				"east": {"uv": [3.625, 6.1875, 4.1875, 6.25], "texture": "#0"},
				"south": {"uv": [6, 5.9375, 9, 6], "texture": "#0"},
				"west": {"uv": [4.1875, 6.1875, 4.75, 6.25], "texture": "#0"},
				"up": {"uv": [6, 3.9375, 3, 3.375], "texture": "#0"},
				"down": {"uv": [6, 3.9375, 3, 4.5], "texture": "#0"}
			}
		},
		{
			"from": [-14.9, 10, 3],
			"to": [-14.15, 18.625, 4],
			"rotation": {"angle": -45, "axis": "x", "origin": [-14.5, 15, 3.5]},
			"faces": {
				"north": {"uv": [5.875, 6.1875, 5.9375, 6.71875], "texture": "#0"},
				"east": {"uv": [5.9375, 6.1875, 6, 6.71875], "texture": "#0"},
				"south": {"uv": [6.25, 1, 6.3125, 1.53125], "texture": "#0"},
				"west": {"uv": [1.375, 6.25, 1.4375, 6.78125], "texture": "#0"},
				"up": {"uv": [3.9375, 6.3125, 3.875, 6.25], "texture": "#0"},
				"down": {"uv": [4, 6.25, 3.9375, 6.3125], "texture": "#0"}
			}
		},
		{
			"from": [30.1, 10, 3],
			"to": [30.85, 18.625, 4],
			"rotation": {"angle": -45, "axis": "x", "origin": [30.5, 15, 3.5]},
			"faces": {
				"north": {"uv": [1.4375, 6.25, 1.5, 6.78125], "texture": "#0"},
				"east": {"uv": [1.5, 6.25, 1.5625, 6.78125], "texture": "#0"},
				"south": {"uv": [1.5625, 6.25, 1.625, 6.78125], "texture": "#0"},
				"west": {"uv": [6.25, 1.5625, 6.3125, 2.09375], "texture": "#0"},
				"up": {"uv": [4.0625, 6.3125, 4, 6.25], "texture": "#0"},
				"down": {"uv": [4.125, 6.25, 4.0625, 6.3125], "texture": "#0"}
			}
		},
		{
			"from": [30.1, 18, 3],
			"to": [30.85, 26.625, 4],
			"rotation": {"angle": -45, "axis": "x", "origin": [30.5, 23, 3.5]},
			"faces": {
				"north": {"uv": [1.625, 6.25, 1.6875, 6.78125], "texture": "#0"},
				"east": {"uv": [1.6875, 6.25, 1.75, 6.78125], "texture": "#0"},
				"south": {"uv": [1.75, 6.25, 1.8125, 6.78125], "texture": "#0"},
				"west": {"uv": [1.8125, 6.25, 1.875, 6.78125], "texture": "#0"},
				"up": {"uv": [4.1875, 6.3125, 4.125, 6.25], "texture": "#0"},
				"down": {"uv": [4.25, 6.25, 4.1875, 6.3125], "texture": "#0"}
			}
		},
		{
			"from": [-14.9, 18, 3],
			"to": [-14.15, 26.625, 4],
			"rotation": {"angle": -45, "axis": "x", "origin": [-14.5, 23, 3.5]},
			"faces": {
				"north": {"uv": [1.875, 6.25, 1.9375, 6.78125], "texture": "#0"},
				"east": {"uv": [1.9375, 6.25, 2, 6.78125], "texture": "#0"},
				"south": {"uv": [2, 6.25, 2.0625, 6.78125], "texture": "#0"},
				"west": {"uv": [2.0625, 6.25, 2.125, 6.78125], "texture": "#0"},
				"up": {"uv": [4.3125, 6.3125, 4.25, 6.25], "texture": "#0"},
				"down": {"uv": [4.375, 6.25, 4.3125, 6.3125], "texture": "#0"}
			}
		},
		{
			"from": [30.1, 2, 3],
			"to": [30.85, 10.625, 4],
			"rotation": {"angle": -45, "axis": "x", "origin": [30.5, 7, 3.5]},
			"faces": {
				"north": {"uv": [2.125, 6.25, 2.1875, 6.78125], "texture": "#0"},
				"east": {"uv": [6.25, 2.125, 6.3125, 2.65625], "texture": "#0"},
				"south": {"uv": [2.1875, 6.25, 2.25, 6.78125], "texture": "#0"},
				"west": {"uv": [2.25, 6.25, 2.3125, 6.78125], "texture": "#0"},
				"up": {"uv": [4.4375, 6.3125, 4.375, 6.25], "texture": "#0"},
				"down": {"uv": [6.3125, 4.375, 6.25, 4.4375], "texture": "#0"}
			}
		},
		{
			"from": [-14.9, 2, 3],
			"to": [-14.15, 10.625, 4],
			"rotation": {"angle": -45, "axis": "x", "origin": [-14.5, 7, 3.5]},
			"faces": {
				"north": {"uv": [2.3125, 6.25, 2.375, 6.78125], "texture": "#0"},
				"east": {"uv": [2.375, 6.25, 2.4375, 6.78125], "texture": "#0"},
				"south": {"uv": [2.4375, 6.25, 2.5, 6.78125], "texture": "#0"},
				"west": {"uv": [2.5, 6.25, 2.5625, 6.78125], "texture": "#0"},
				"up": {"uv": [4.5, 6.3125, 4.4375, 6.25], "texture": "#0"},
				"down": {"uv": [6.3125, 4.4375, 6.25, 4.5], "texture": "#0"}
			}
		},
		{
			"from": [-15.9, -3, 5],
			"to": [31.9, 5, 8],
			"rotation": {"angle": 45, "axis": "x", "origin": [8, 2.5, 6]},
			"faces": {
				"north": {"uv": [0, 5.125, 3, 5.625], "texture": "#0"},
				"east": {"uv": [6, 6.125, 6.125, 6.625], "texture": "#0"},
				"south": {"uv": [0, 5.625, 3, 6.125], "texture": "#0"},
				"west": {"uv": [6.125, 6.125, 6.25, 6.625], "texture": "#0"},
				"up": {"uv": [9, 5.125, 6, 5], "texture": "#0"},
				"down": {"uv": [9, 5.125, 6, 5.25], "texture": "#0"}
			}
		},
		{
			"from": [-16, 25, 10],
			"to": [32, 26, 19],
			"rotation": {"angle": 0, "axis": "y", "origin": [0, 25, 13]},
			"faces": {
				"north": {"uv": [6, 6, 9, 6.0625], "texture": "#0"},
				"east": {"uv": [4.75, 6.1875, 5.3125, 6.25], "texture": "#0"},
				"south": {"uv": [6, 6.0625, 9, 6.125], "texture": "#0"},
				"west": {"uv": [5.3125, 6.1875, 5.875, 6.25], "texture": "#0"},
				"up": {"uv": [3, 4.5625, 0, 4], "texture": "#0"},
				"down": {"uv": [6, 4.5, 3, 5.0625], "texture": "#0"}
			}
		},
		{
			"from": [-16, 9, 10],
			"to": [32, 10, 19],
			"rotation": {"angle": 0, "axis": "y", "origin": [0, 9, 13]},
			"faces": {
				"north": {"uv": [0, 6.125, 3, 6.1875], "texture": "#0"},
				"east": {"uv": [0.25, 6.25, 0.8125, 6.3125], "texture": "#0"},
				"south": {"uv": [3, 6.125, 6, 6.1875], "texture": "#0"},
				"west": {"uv": [0.8125, 6.25, 1.375, 6.3125], "texture": "#0"},
				"up": {"uv": [3, 5.125, 0, 4.5625], "texture": "#0"},
				"down": {"uv": [6, 5.0625, 3, 5.625], "texture": "#0"}
			}
		},
		{
			"from": [-15.9, -2.56066, 8.93934],
			"to": [31.9, 5.43934, 11.93934],
			"rotation": {"angle": -45, "axis": "x", "origin": [8, 1.43934, 10.93934]},
			"faces": {
				"north": {"uv": [3, 5.625, 6, 6.125], "texture": "#0"},
				"east": {"uv": [0, 6.1875, 0.125, 6.6875], "texture": "#0"},
				"south": {"uv": [6, 0, 9, 0.5], "texture": "#0"},
				"west": {"uv": [0.125, 6.1875, 0.25, 6.6875], "texture": "#0"},
				"up": {"uv": [9, 5.375, 6, 5.25], "texture": "#0"},
				"down": {"uv": [9, 5.375, 6, 5.5], "texture": "#0"}
			}
		},
		{
			"from": [-14.9, 10, 12],
			"to": [-14.15, 18.625, 13],
			"rotation": {"angle": 45, "axis": "x", "origin": [-14.5, 15, 12.5]},
			"faces": {
				"north": {"uv": [2.5625, 6.25, 2.625, 6.78125], "texture": "#0"},
				"east": {"uv": [2.625, 6.25, 2.6875, 6.78125], "texture": "#0"},
				"south": {"uv": [2.6875, 6.25, 2.75, 6.78125], "texture": "#0"},
				"west": {"uv": [6.25, 2.6875, 6.3125, 3.21875], "texture": "#0"},
				"up": {"uv": [4.5625, 6.3125, 4.5, 6.25], "texture": "#0"},
				"down": {"uv": [6.3125, 4.5, 6.25, 4.5625], "texture": "#0"}
			}
		},
		{
			"from": [-14.9, 18, 12],
			"to": [-14.15, 26.625, 13],
			"rotation": {"angle": 45, "axis": "x", "origin": [-14.5, 23, 12.5]},
			"faces": {
				"north": {"uv": [2.75, 6.25, 2.8125, 6.78125], "texture": "#0"},
				"east": {"uv": [2.8125, 6.25, 2.875, 6.78125], "texture": "#0"},
				"south": {"uv": [2.875, 6.25, 2.9375, 6.78125], "texture": "#0"},
				"west": {"uv": [2.9375, 6.25, 3, 6.78125], "texture": "#0"},
				"up": {"uv": [4.625, 6.3125, 4.5625, 6.25], "texture": "#0"},
				"down": {"uv": [6.3125, 4.5625, 6.25, 4.625], "texture": "#0"}
			}
		},
		{
			"from": [-14.9, 2, 12],
			"to": [-14.15, 10.625, 13],
			"rotation": {"angle": 45, "axis": "x", "origin": [-14.5, 7, 12.5]},
			"faces": {
				"north": {"uv": [3, 6.25, 3.0625, 6.78125], "texture": "#0"},
				"east": {"uv": [3.0625, 6.25, 3.125, 6.78125], "texture": "#0"},
				"south": {"uv": [3.125, 6.25, 3.1875, 6.78125], "texture": "#0"},
				"west": {"uv": [3.1875, 6.25, 3.25, 6.78125], "texture": "#0"},
				"up": {"uv": [4.6875, 6.3125, 4.625, 6.25], "texture": "#0"},
				"down": {"uv": [6.3125, 4.625, 6.25, 4.6875], "texture": "#0"}
			}
		},
		{
			"from": [30.1, 2, 12],
			"to": [30.85, 10.625, 13],
			"rotation": {"angle": 45, "axis": "x", "origin": [30.5, 7, 12.5]},
			"faces": {
				"north": {"uv": [3.25, 6.25, 3.3125, 6.78125], "texture": "#0"},
				"east": {"uv": [6.25, 3.25, 6.3125, 3.78125], "texture": "#0"},
				"south": {"uv": [3.3125, 6.25, 3.375, 6.78125], "texture": "#0"},
				"west": {"uv": [3.375, 6.25, 3.4375, 6.78125], "texture": "#0"},
				"up": {"uv": [4.75, 6.3125, 4.6875, 6.25], "texture": "#0"},
				"down": {"uv": [6.3125, 4.6875, 6.25, 4.75], "texture": "#0"}
			}
		},
		{
			"from": [30.1, 18, 12],
			"to": [30.85, 26.625, 13],
			"rotation": {"angle": 45, "axis": "x", "origin": [30.5, 23, 12.5]},
			"faces": {
				"north": {"uv": [3.4375, 6.25, 3.5, 6.78125], "texture": "#0"},
				"east": {"uv": [3.5, 6.25, 3.5625, 6.78125], "texture": "#0"},
				"south": {"uv": [3.5625, 6.25, 3.625, 6.78125], "texture": "#0"},
				"west": {"uv": [3.625, 6.25, 3.6875, 6.78125], "texture": "#0"},
				"up": {"uv": [4.8125, 6.3125, 4.75, 6.25], "texture": "#0"},
				"down": {"uv": [6.3125, 4.75, 6.25, 4.8125], "texture": "#0"}
			}
		},
		{
			"from": [30.1, 10, 12],
			"to": [30.85, 18.625, 13],
			"rotation": {"angle": 45, "axis": "x", "origin": [30.5, 15, 12.5]},
			"faces": {
				"north": {"uv": [3.6875, 6.25, 3.75, 6.78125], "texture": "#0"},
				"east": {"uv": [3.75, 6.25, 3.8125, 6.78125], "texture": "#0"},
				"south": {"uv": [3.8125, 6.25, 3.875, 6.78125], "texture": "#0"},
				"west": {"uv": [6.25, 3.8125, 6.3125, 4.34375], "texture": "#0"},
				"up": {"uv": [4.875, 6.3125, 4.8125, 6.25], "texture": "#0"},
				"down": {"uv": [6.3125, 4.8125, 6.25, 4.875], "texture": "#0"}
			}
		}
	],
	"display": {
		"fixed": {
			"rotation": [-90, 0, 0],
			"translation": [32.25, 0.75, -18],
			"scale": [2, 2, 2]
		}
	},
	"groups": [
		{
			"name": "group",
			"origin": [0, 17, 13],
			"color": 0,
			"children": [0, 1, 2, 3, 4, 5, 6, 7, 8, 9, 10, 11, 12, 13, 14, 15, 16, 17, 18, 19, 20]
		}
	]
}