{
	"format_version": "1.9.0",
	"credit": "Made with Blockbench",
	"texture_size": [64, 64],
	"textures": {
		"0": "item/socket",
		"particle": "item/socket"
	},
	"elements": [
		{
			"from": [-1, 5, 5],
			"to": [0, 11, 11],
			"rotation": {"angle": 0, "axis": "y", "origin": [-2, 7, 7]},
			"faces": {
				"north": {"uv": [5.5, 8, 5.75, 9.5], "texture": "#0"},
				"east": {"uv": [4, 8, 5.5, 9.5], "texture": "#0"},
				"south": {"uv": [8, 5.5, 8.25, 7], "texture": "#0"},
				"west": {"uv": [8, 4, 9.5, 5.5], "texture": "#0"},
				"up": {"uv": [6, 9.5, 5.75, 8], "texture": "#0"},
				"down": {"uv": [6.25, 8, 6, 9.5], "texture": "#0"}
			}
		},
		{
			"from": [-1.55, 5, 10],
			"to": [-1, 11, 11],
			"rotation": {"angle": 0, "axis": "y", "origin": [-3, 9, 9]},
			"faces": {
				"north": {"uv": [8.25, 5.5, 8.375, 7], "texture": "#0"},
				"east": {"uv": [6.25, 8, 6.5, 9.5], "texture": "#0"},
				"south": {"uv": [7.25, 8.25, 7.375, 9.75], "texture": "#0"},
				"west": {"uv": [6.5, 8, 6.75, 9.5], "texture": "#0"},
				"up": {"uv": [8.125, 8, 8, 7.75], "texture": "#0"},
				"down": {"uv": [8.625, 6.5, 8.5, 6.75], "texture": "#0"}
			}
		},
		{
			"from": [-1.55, 5, 5],
			"to": [-1, 11, 6],
			"rotation": {"angle": 0, "axis": "y", "origin": [-3, 9, 4]},
			"faces": {
				"north": {"uv": [7.5, 8.25, 7.625, 9.75], "texture": "#0"},
				"east": {"uv": [6.75, 8, 7, 9.5], "texture": "#0"},
				"south": {"uv": [7.75, 8.25, 7.875, 9.75], "texture": "#0"},
				"west": {"uv": [7, 8, 7.25, 9.5], "texture": "#0"},
				"up": {"uv": [8.625, 7, 8.5, 6.75], "texture": "#0"},
				"down": {"uv": [8.875, 5.5, 8.75, 5.75], "texture": "#0"}
			}
		},
		{
			"from": [-1.55, 10, 6],
			"to": [-1, 11, 10],
			"rotation": {"angle": 0, "axis": "y", "origin": [-3, 9, 7]},
			"faces": {
				"north": {"uv": [8.75, 5.75, 8.875, 6], "texture": "#0"},
				"east": {"uv": [8, 7, 9, 7.25], "texture": "#0"},
				"south": {"uv": [8.75, 6, 8.875, 6.25], "texture": "#0"},
				"west": {"uv": [7.25, 8, 8.25, 8.25], "texture": "#0"},
				"up": {"uv": [8.375, 8.75, 8.25, 7.75], "texture": "#0"},
				"down": {"uv": [8.125, 8.25, 8, 9.25], "texture": "#0"}
			}
		},
		{
			"from": [-1.55, 5, 6],
			"to": [-1, 6, 10],
			"rotation": {"angle": 0, "axis": "y", "origin": [-3, 4, 7]},
			"faces": {
				"north": {"uv": [8.75, 6.25, 8.875, 6.5], "texture": "#0"},
				"east": {"uv": [8, 7.25, 9, 7.5], "texture": "#0"},
				"south": {"uv": [8.75, 6.5, 8.875, 6.75], "texture": "#0"},
				"west": {"uv": [8, 7.5, 9, 7.75], "texture": "#0"},
				"up": {"uv": [8.625, 6.5, 8.5, 5.5], "texture": "#0"},
				"down": {"uv": [8.625, 7.75, 8.5, 8.75], "texture": "#0"}
			}
		}
	],
	"display": {
		"fixed": {
			"rotation": [0, -90, 0],
			"translation": [0, -0.2, 14],
			"scale": [1.6, 1.6, 1.6]
		}
	}
}