{
	"format_version": "1.9.0",
	"credit": "Made with Blockbench",
	"texture_size": [128, 128],
	"textures": {
		"0": "block/table",
		"particle": "block/table"
	},
	"elements": [
		{
			"from": [-15.5, 0, 0.5],
			"to": [-14, 15, 2],
			"rotation": {"angle": 0, "axis": "y", "origin": [-16, 0, 0]},
			"faces": {
				"north": {"uv": [3.625, 9.125, 3.8125, 11], "texture": "#0"},
				"east": {"uv": [3.875, 9.125, 4.0625, 11], "texture": "#0"},
				"south": {"uv": [4.125, 9.125, 4.3125, 11], "texture": "#0"},
				"west": {"uv": [4.375, 9.125, 4.5625, 11], "texture": "#0"},
				"up": {"uv": [7.1875, 3.9375, 7, 3.75], "texture": "#0"},
				"down": {"uv": [7.8125, 3.5, 7.625, 3.6875], "texture": "#0"}
			}
		},
		{
			"from": [29.5, 0, 14],
			"to": [31, 15, 15.5],
			"rotation": {"angle": 0, "axis": "y", "origin": [29, 0, 14]},
			"faces": {
				"north": {"uv": [7.5, 9.25, 7.6875, 11.125], "texture": "#0"},
				"east": {"uv": [7.75, 9.25, 7.9375, 11.125], "texture": "#0"},
				"south": {"uv": [8, 9.25, 8.1875, 11.125], "texture": "#0"},
				"west": {"uv": [8.25, 9.25, 8.4375, 11.125], "texture": "#0"},
				"up": {"uv": [8.0625, 3.6875, 7.875, 3.5], "texture": "#0"},
				"down": {"uv": [5.0625, 9.75, 4.875, 9.9375], "texture": "#0"}
			}
		},
		{
			"from": [29.5, 0, -15.5],
			"to": [31, 15, -14],
			"rotation": {"angle": 0, "axis": "y", "origin": [29, 0, -16]},
			"faces": {
				"north": {"uv": [8.5, 9.25, 8.6875, 11.125], "texture": "#0"},
				"east": {"uv": [8.75, 9.25, 8.9375, 11.125], "texture": "#0"},
				"south": {"uv": [9, 9.25, 9.1875, 11.125], "texture": "#0"},
				"west": {"uv": [9.25, 9.25, 9.4375, 11.125], "texture": "#0"},
				"up": {"uv": [5.3125, 9.9375, 5.125, 9.75], "texture": "#0"},
				"down": {"uv": [5.5625, 9.75, 5.375, 9.9375], "texture": "#0"}
			}
		},
		{
			"from": [17.5, 0, -15.5],
			"to": [19, 15, -14],
			"rotation": {"angle": 0, "axis": "y", "origin": [17, 0, -16]},
			"faces": {
				"north": {"uv": [1.625, 9.375, 1.8125, 11.25], "texture": "#0"},
				"east": {"uv": [1.875, 9.375, 2.0625, 11.25], "texture": "#0"},
				"south": {"uv": [2.125, 9.375, 2.3125, 11.25], "texture": "#0"},
				"west": {"uv": [2.375, 9.375, 2.5625, 11.25], "texture": "#0"},
				"up": {"uv": [9.9375, 6.6875, 9.75, 6.5], "texture": "#0"},
				"down": {"uv": [9.9375, 6.75, 9.75, 6.9375], "texture": "#0"}
			}
		},
		{
			"from": [-15.5, 0, 14],
			"to": [-14, 15, 15.5],
			"rotation": {"angle": 0, "axis": "y", "origin": [-16, 0, 14]},
			"faces": {
				"north": {"uv": [2.625, 9.375, 2.8125, 11.25], "texture": "#0"},
				"east": {"uv": [2.875, 9.375, 3.0625, 11.25], "texture": "#0"},
				"south": {"uv": [3.125, 9.375, 3.3125, 11.25], "texture": "#0"},
				"west": {"uv": [3.375, 9.375, 3.5625, 11.25], "texture": "#0"},
				"up": {"uv": [9.9375, 7.1875, 9.75, 7], "texture": "#0"},
				"down": {"uv": [9.9375, 9, 9.75, 9.1875], "texture": "#0"}
			}
		},
		{
			"from": [-15, 27.925, 1.2],
			"to": [-7, 28.925, 14.7],
			"rotation": {"angle": 0, "axis": "y", "origin": [-9, 27.925, 0.7]},
			"faces": {
				"north": {"uv": [4.625, 9.625, 5.625, 9.75], "texture": "#0"},
				"east": {"uv": [7.25, 6.375, 8.9375, 6.5], "texture": "#0"},
				"south": {"uv": [9.75, 3, 10.75, 3.125], "texture": "#0"},
				"west": {"uv": [6.5, 8.625, 8.1875, 8.75], "texture": "#0"},
				"up": {"uv": [8.25, 5.4375, 7.25, 3.75], "texture": "#0"},
				"down": {"uv": [3.75, 7.3125, 2.75, 9], "texture": "#0"}
			}
		},
		{
			"from": [-15, 20.925, 1.2],
			"to": [-7, 21.925, 14.7],
			"rotation": {"angle": 0, "axis": "y", "origin": [-9, 20.925, 0.7]},
			"faces": {
				"north": {"uv": [9.75, 3.125, 10.75, 3.25], "texture": "#0"},
				"east": {"uv": [9.125, 8.625, 10.8125, 8.75], "texture": "#0"},
				"south": {"uv": [9.75, 3.25, 10.75, 3.375], "texture": "#0"},
				"west": {"uv": [9.5, 3.75, 11.1875, 3.875], "texture": "#0"},
				"up": {"uv": [3.75, 9.0625, 2.75, 7.375], "texture": "#0"},
				"down": {"uv": [3.625, 7.375, 2.625, 9.0625], "texture": "#0"}
			}
		},
		{
			"from": [-15.725, 15, 0],
			"to": [31, 16.5, 15.775],
			"rotation": {"angle": 0, "axis": "y", "origin": [8, 15.75, 8]},
			"faces": {
				"north": {"uv": [8.25, 5.25, 14.0625, 5.4375], "texture": "#0"},
				"east": {"uv": [9, 6, 11, 6.1875], "texture": "#0"},
				"south": {"uv": [8.25, 7.375, 14.0625, 7.5625], "texture": "#0"},
				"west": {"uv": [9, 6.25, 11, 6.4375], "texture": "#0"},
				"up": {"uv": [5.8125, 2, 0, 0], "texture": "#0"},
				"down": {"uv": [0, 6.25, 5.8125, 4.25], "texture": "#0"}
			}
		},
		{
			"from": [17.275, 15, -15.525],
			"to": [31, 16.5, 0],
			"rotation": {"angle": 0, "axis": "y", "origin": [8, 15.75, -7.775]},
			"faces": {
				"north": {"uv": [9.125, 8.125, 10.8125, 8.3125], "texture": "#0"},
				"east": {"uv": [7.5, 9, 9.4375, 9.1875], "texture": "#0"},
				"south": {"uv": [9.125, 8.375, 10.8125, 8.5625], "texture": "#0"},
				"west": {"uv": [1.625, 9.125, 3.5625, 9.3125], "texture": "#0"},
				"up": {"uv": [7.5625, 3.6875, 5.875, 1.75], "texture": "#0"},
				"down": {"uv": [1.6875, 5.9375, 0, 4], "texture": "#0"}
			}
		},
		{
			"from": [-16, 12.475, 0],
			"to": [-14.725, 32, 16],
			"faces": {
				"north": {"uv": [1.125, 8.5, 1.3125, 10.9375], "texture": "#0"},
				"east": {"uv": [0, 4, 2, 6.4375], "texture": "#0"},
				"south": {"uv": [1.375, 8.5, 1.5625, 10.9375], "texture": "#0"},
				"west": {"uv": [2, 4, 4, 6.4375], "texture": "#0"},
				"up": {"uv": [7.1875, 11, 7, 9], "texture": "#0"},
				"down": {"uv": [6.1875, 4.3125, 6, 6.3125], "texture": "#0"}
			}
		},
		{
			"from": [30.9125, 12.475, -16],
			"to": [31.8875, 19, 14.7875],
			"rotation": {"angle": 0, "axis": "y", "origin": [30.2625, 24.2375, 15.375]},
			"faces": {
				"north": {"uv": [5.625, 9.625, 5.75, 10.4375], "texture": "#0"},
				"east": {"uv": [1.75, 6.5, 5.625, 7.3125], "texture": "#0"},
				"south": {"uv": [5.75, 9.625, 5.875, 10.4375], "texture": "#0"},
				"west": {"uv": [1.6875, 6.5, 5.5625, 7.3125], "texture": "#0"},
				"up": {"uv": [1, 12.375, 0.875, 8.5], "texture": "#0"},
				"down": {"uv": [1.125, 8.5, 1, 12.375], "texture": "#0"}
			}
		},
		{
			"from": [-2.175, 12.475, 14.7375],
			"to": [31.875, 19, 16.0125],
			"rotation": {"angle": 0, "axis": "y", "origin": [-6.8625, 24.2375, 15.375]},
			"faces": {
				"north": {"uv": [0.625, 4.375, 4.88125, 5.19063], "texture": "#0"},
				"east": {"uv": [6.25, 9.375, 6.4375, 10.1875], "texture": "#0"},
				"south": {"uv": [5.875, 0.875, 10.125, 1.6875], "texture": "#0"},
				"west": {"uv": [9.5, 4.125, 9.6875, 4.9375], "texture": "#0"},
				"up": {"uv": [10.75, 8.9375, 6.5, 8.75], "texture": "#0"},
				"down": {"uv": [8, 5.75, 3.75, 5.9375], "texture": "#0"}
			}
		},
		{
			"from": [17.25, 12.475, -16],
			"to": [31, 19.1, -14.7375],
			"rotation": {"angle": 0, "axis": "y", "origin": [-6.7375, 24.2375, -14.625]},
			"faces": {
				"north": {"uv": [7.25, 5.5, 9, 6.3125], "texture": "#0"},
				"east": {"uv": [9.5, 6.5, 9.6875, 7.3125], "texture": "#0"},
				"south": {"uv": [4.125, 6.5, 5.875, 7.3125], "texture": "#0"},
				"west": {"uv": [9.5, 9, 9.6875, 9.8125], "texture": "#0"},
				"up": {"uv": [10.875, 7.8125, 9.125, 7.625], "texture": "#0"},
				"down": {"uv": [10.875, 7.875, 9.125, 8.0625], "texture": "#0"}
			}
		},
		{
			"from": [-14.9, 12.475, 14.7375],
			"to": [-2, 32, 16.0125],
			"rotation": {"angle": 0, "axis": "y", "origin": [-6.7375, 37.2375, 15.375]},
			"faces": {
				"north": {"uv": [4, 4, 5.625, 6.4375], "texture": "#0"},
				"east": {"uv": [6.5, 9, 6.6875, 11.4375], "texture": "#0"},
				"south": {"uv": [5.625, 4, 7.25, 6.4375], "texture": "#0"},
				"west": {"uv": [6.75, 9, 6.9375, 11.4375], "texture": "#0"},
				"up": {"uv": [6.25, 9.5625, 4.625, 9.375], "texture": "#0"},
				"down": {"uv": [3.425, 5, 1.8125, 5.15938], "texture": "#0"}
			}
		},
		{
			"from": [-14, 29, 1.975],
			"to": [-7.65, 30.275, 11.1],
			"rotation": {"angle": 0, "axis": "y", "origin": [-10, 29, -2.9]},
			"faces": {
				"north": {"uv": [9.5, 5, 10.3125, 5.1875], "texture": "#0"},
				"east": {"uv": [5.875, 3.75, 7, 3.9375], "texture": "#0"},
				"south": {"uv": [0, 9.625, 0.8125, 9.8125], "texture": "#0"},
				"west": {"uv": [9.5, 3.875, 10.625, 4.0625], "texture": "#0"},
				"up": {"uv": [5.5625, 9.375, 4.75, 8.25], "texture": "#0"},
				"down": {"uv": [6.4375, 8.25, 5.625, 9.375], "texture": "#0"}
			}
		},
		{
			"from": [-14.225, 16.475, 3.925],
			"to": [-7.875, 20.25, 13.05],
			"rotation": {"angle": 0, "axis": "y", "origin": [-10.225, 16.475, -0.95]},
			"faces": {
				"north": {"uv": [8.875, 3, 9.6875, 3.5], "texture": "#0"},
				"east": {"uv": [8.875, 2, 10, 2.5], "texture": "#0"},
				"south": {"uv": [9, 5.5, 9.8125, 6], "texture": "#0"},
				"west": {"uv": [8.875, 2.5, 10, 3], "texture": "#0"},
				"up": {"uv": [9.0625, 8.75, 8.25, 7.625], "texture": "#0"},
				"down": {"uv": [0.8125, 8.5, 0, 9.625], "texture": "#0"}
			}
		},
		{
			"from": [-13.125, 21.9, 6.725],
			"to": [-11.875, 24.2, 8.1],
			"rotation": {"angle": 0, "axis": "y", "origin": [-13.45, 21.9, 6.1]},
			"faces": {
				"north": {"uv": [5.875, 9.625, 6.0625, 9.9375], "texture": "#0"},
				"east": {"uv": [9.75, 4.125, 9.9375, 4.4375], "texture": "#0"},
				"south": {"uv": [9.75, 4.5, 9.9375, 4.8125], "texture": "#0"},
				"west": {"uv": [4.625, 9.75, 4.8125, 10.0625], "texture": "#0"},
				"up": {"uv": [9.9375, 9.4375, 9.75, 9.25], "texture": "#0"},
				"down": {"uv": [9.9375, 9.5, 9.75, 9.6875], "texture": "#0"}
			}
		},
		{
			"from": [-12.85, 24.05, 7.125],
			"to": [-12.225, 25.75, 7.7],
			"rotation": {"angle": 0, "axis": "y", "origin": [-13.5, 24.05, 6.025]},
			"faces": {
				"north": {"uv": [8.125, 3.5, 8.1875, 3.6875], "texture": "#0"},
				"east": {"uv": [4.625, 9.125, 4.6875, 9.3125], "texture": "#0"},
				"south": {"uv": [0.25, 10, 0.3125, 10.1875], "texture": "#0"},
				"west": {"uv": [0.375, 10, 0.4375, 10.1875], "texture": "#0"},
				"up": {"uv": [9.9375, 5.9375, 9.875, 5.875], "texture": "#0"},
				"down": {"uv": [0.5625, 10, 0.5, 10.0625], "texture": "#0"}
			}
		},
		{
			"from": [-5.05, 16.525, 2.7],
			"to": [1.95, 16.525, 12.7],
			"rotation": {"angle": -22.5, "axis": "y", "origin": [-1.55, 16.525, 7.7]},
			"faces": {
				"north": {"uv": [0, 0, 0.875, 0], "texture": "#0"},
				"east": {"uv": [0, 0, 1.25, 0], "texture": "#0"},
				"south": {"uv": [0, 0, 0.875, 0], "texture": "#0"},
				"west": {"uv": [0, 0, 1.25, 0], "texture": "#0"},
				"up": {"uv": [7.375, 8.625, 6.5, 7.375], "texture": "#0"},
				"down": {"uv": [8.25, 7.375, 7.375, 8.625], "texture": "#0"}
			}
		},
		{
			"from": [20.5375, 16.525, -11.8625],
			"to": [30.5375, 16.525, -4.8625],
			"rotation": {"angle": 22.5, "axis": "y", "origin": [24.1375, 16.6125, -6.425]},
			"faces": {
				"north": {"uv": [0, 0, 1.25, 0], "texture": "#0"},
				"east": {"uv": [0, 0, 0.875, 0], "texture": "#0"},
				"south": {"uv": [0, 0, 1.25, 0], "texture": "#0"},
				"west": {"uv": [0, 0, 0.875, 0], "texture": "#0"},
				"up": {"uv": [8.875, 2.625, 7.625, 1.75], "texture": "#0"},
				"down": {"uv": [8.875, 2.625, 7.625, 3.5], "texture": "#0"}
			}
		},
		{
			"from": [18.58552, 16.7, -7.59923],
			"to": [28.58552, 16.7, -0.59923],
			"rotation": {"angle": 0, "axis": "y", "origin": [24.1375, 16.6125, -6.425]},
			"faces": {
				"north": {"uv": [0, 0, 1.25, 0], "texture": "#0"},
				"east": {"uv": [0, 0, 0.875, 0], "texture": "#0"},
				"south": {"uv": [0, 0, 1.25, 0], "texture": "#0"},
				"west": {"uv": [0, 0, 0.875, 0], "texture": "#0"},
				"up": {"uv": [9.5, 4.375, 8.25, 3.5], "texture": "#0"},
				"down": {"uv": [9.5, 4.375, 8.25, 5.25], "texture": "#0"}
			}
		},
		{
			"from": [-13.325, 21.875, 1.775],
			"to": [-12.725, 22.475, 6.275],
			"rotation": {"angle": 0, "axis": "y", "origin": [-13.325, 21.875, 1.775]},
			"faces": {
				"north": {"uv": [0.625, 10, 0.6875, 10.0625], "texture": "#0"},
				"east": {"uv": [9.75, 3.375, 10.3125, 3.4375], "texture": "#0"},
				"south": {"uv": [0.75, 10, 0.8125, 10.0625], "texture": "#0"},
				"west": {"uv": [9.75, 4.875, 10.3125, 4.9375], "texture": "#0"},
				"up": {"uv": [1.6875, 9.0625, 1.625, 8.5], "texture": "#0"},
				"down": {"uv": [6.1875, 9.625, 6.125, 10.1875], "texture": "#0"}
			}
		},
		{
			"from": [-14.1, 21.875, 1.775],
			"to": [-13.5, 22.475, 6.275],
			"rotation": {"angle": 0, "axis": "y", "origin": [-14.1, 21.875, 1.775]},
			"faces": {
				"north": {"uv": [10, 2, 10.0625, 2.0625], "texture": "#0"},
				"east": {"uv": [9.75, 7.25, 10.3125, 7.3125], "texture": "#0"},
				"south": {"uv": [10, 2.125, 10.0625, 2.1875], "texture": "#0"},
				"west": {"uv": [9.75, 9.75, 10.3125, 9.8125], "texture": "#0"},
				"up": {"uv": [0.0625, 10.4375, 0, 9.875], "texture": "#0"},
				"down": {"uv": [0.1875, 9.875, 0.125, 10.4375], "texture": "#0"}
			}
		},
		{
			"from": [-13.725, 22.45, 1.775],
			"to": [-13.125, 23.05, 6.275],
			"rotation": {"angle": 0, "axis": "y", "origin": [-13.725, 22.45, 1.775]},
			"faces": {
				"north": {"uv": [10, 2.25, 10.0625, 2.3125], "texture": "#0"},
				"east": {"uv": [0.25, 9.875, 0.8125, 9.9375], "texture": "#0"},
				"south": {"uv": [10, 2.375, 10.0625, 2.4375], "texture": "#0"},
				"west": {"uv": [9.875, 5.5, 10.4375, 5.5625], "texture": "#0"},
				"up": {"uv": [9.5625, 10.4375, 9.5, 9.875], "texture": "#0"},
				"down": {"uv": [9.6875, 9.875, 9.625, 10.4375], "texture": "#0"}
			}
		},
		{
			"from": [11.275, 16.45, 7.775],
			"to": [11.875, 17.05, 12.275],
			"rotation": {"angle": -22.5, "axis": "y", "origin": [11.275, 16.45, 7.775]},
			"faces": {
				"north": {"uv": [10, 2.5, 10.0625, 2.5625], "texture": "#0"},
				"east": {"uv": [9.875, 5.625, 10.4375, 5.6875], "texture": "#0"},
				"south": {"uv": [10, 2.625, 10.0625, 2.6875], "texture": "#0"},
				"west": {"uv": [9.875, 5.75, 10.4375, 5.8125], "texture": "#0"},
				"up": {"uv": [9.8125, 10.4375, 9.75, 9.875], "texture": "#0"},
				"down": {"uv": [9.9375, 9.875, 9.875, 10.4375], "texture": "#0"}
			}
		}
	],
	"display": {
		"fixed": {
			"rotation": [-90, 0, 0],
			"translation": [0, 0, -16],
			"scale": [2, 2, 2]
		}
	},
	"groups": [
		{
			"name": "stol",
			"origin": [-16, 14, 0],
			"color": 0,
			"children": [0, 1, 2, 3, 4, 5, 6, 7, 8, 9, 10, 11, 12, 13]
		},
		{
			"name": "items",
			"origin": [8, 8, 8],
			"color": 0,
			"children": [14, 15, 16, 17, 18, 19, 20]
		},
		{
			"name": "group",
			"origin": [-13.325, 21.875, 1.775],
			"color": 0,
			"children": [21, 22, 23]
		},
		24
	]
}