{
	"format_version": "1.9.0",
	"credit": "Made with Blockbench",
	"texture_size": [128, 128],
	"textures": {
		"0": "block/table",
		"particle": "block/table"
	},
	"elements": [
		{
			"from": [-16, 11.8, 0.1],
			"to": [-13.984, 15, 14],
			"rotation": {"angle": 0, "axis": "y", "origin": [-16, 14, 0]},
			"faces": {
				"north": {"uv": [5.625, 9.5, 5.875, 9.90625], "texture": "#0"},
				"east": {"uv": [9.625, 8, 11.375, 8.40625], "texture": "#0"},
				"south": {"uv": [9, 10.5, 9.25, 10.90625], "texture": "#0"},
				"west": {"uv": [9.625, 8.5, 11.375, 8.90625], "texture": "#0"},
				"up": {"uv": [3.75, 11.5, 3.5, 9.75], "texture": "#0"},
				"down": {"uv": [7.5, 10, 7.25, 11.75], "texture": "#0"}
			}
		},
		{
			"from": [-15.5, 0, 0.5],
			"to": [-14, 15, 2],
			"rotation": {"angle": 0, "axis": "y", "origin": [-16, 0, 0]},
			"faces": {
				"north": {"uv": [7.5, 10, 7.6875, 11.875], "texture": "#0"},
				"east": {"uv": [0.875, 10.125, 1.0625, 12], "texture": "#0"},
				"south": {"uv": [1.125, 10.125, 1.3125, 12], "texture": "#0"},
				"west": {"uv": [1.375, 10.125, 1.5625, 12], "texture": "#0"},
				"up": {"uv": [9.5625, 11.1875, 9.375, 11], "texture": "#0"},
				"down": {"uv": [10.8125, 11, 10.625, 11.1875], "texture": "#0"}
			}
		},
		{
			"from": [22.975, 0, 0.5],
			"to": [24, 3.55, 15.5],
			"rotation": {"angle": 0, "axis": "y", "origin": [22, 0, 0]},
			"faces": {
				"north": {"uv": [9.5, 10.5, 9.625, 10.9375], "texture": "#0"},
				"east": {"uv": [9.5, 5.5, 11.375, 5.9375], "texture": "#0"},
				"south": {"uv": [4.5, 10.625, 4.625, 11.0625], "texture": "#0"},
				"west": {"uv": [9.5, 6, 11.375, 6.4375], "texture": "#0"},
				"up": {"uv": [8.75, 11.75, 8.625, 9.875], "texture": "#0"},
				"down": {"uv": [7.875, 10, 7.75, 11.875], "texture": "#0"}
			}
		},
		{
			"from": [31.075, 0, 0.5],
			"to": [32, 15, 15.5],
			"rotation": {"angle": 0, "axis": "y", "origin": [30.325, 0, 0]},
			"faces": {
				"north": {"uv": [2.625, 10.125, 2.75, 12], "texture": "#0"},
				"east": {"uv": [4, 4, 5.875, 5.875], "texture": "#0"},
				"south": {"uv": [5.375, 10.375, 5.5, 12.25], "texture": "#0"},
				"west": {"uv": [4, 5.875, 5.875, 7.75], "texture": "#0"},
				"up": {"uv": [5.625, 12.25, 5.5, 10.375], "texture": "#0"},
				"down": {"uv": [5.75, 10.375, 5.625, 12.25], "texture": "#0"}
			}
		},
		{
			"from": [-15.5, 0, 14],
			"to": [-14, 15, 15.5],
			"rotation": {"angle": 0, "axis": "y", "origin": [-16, 0, 14]},
			"faces": {
				"north": {"uv": [1.625, 10.125, 1.8125, 12], "texture": "#0"},
				"east": {"uv": [1.875, 10.125, 2.0625, 12], "texture": "#0"},
				"south": {"uv": [2.125, 10.125, 2.3125, 12], "texture": "#0"},
				"west": {"uv": [2.375, 10.125, 2.5625, 12], "texture": "#0"},
				"up": {"uv": [11.0625, 11.1875, 10.875, 11], "texture": "#0"},
				"down": {"uv": [0.6875, 11.125, 0.5, 11.3125], "texture": "#0"}
			}
		},
		{
			"from": [24, 0, 14],
			"to": [31.925, 15, 15.5],
			"rotation": {"angle": 0, "axis": "y", "origin": [30, 0, 14]},
			"faces": {
				"north": {"uv": [1.875, 6, 2.875, 7.875], "texture": "#0"},
				"east": {"uv": [9.625, 10.25, 9.8125, 12.125], "texture": "#0"},
				"south": {"uv": [2.875, 6, 3.875, 7.875], "texture": "#0"},
				"west": {"uv": [9.875, 10.25, 10.0625, 12.125], "texture": "#0"},
				"up": {"uv": [5.625, 9.6875, 4.625, 9.5], "texture": "#0"},
				"down": {"uv": [5.625, 9.75, 4.625, 9.9375], "texture": "#0"}
			}
		},
		{
			"from": [24, 0, 0.5],
			"to": [31.2, 0.55, 14],
			"rotation": {"angle": 0, "axis": "y", "origin": [30, 0, 0]},
			"faces": {
				"north": {"uv": [10.875, 1, 11.78125, 1.0625], "texture": "#0"},
				"east": {"uv": [10.625, 0.75, 12.3125, 0.8125], "texture": "#0"},
				"south": {"uv": [10.875, 1.125, 11.78125, 1.1875], "texture": "#0"},
				"west": {"uv": [10.625, 0.875, 12.3125, 0.9375], "texture": "#0"},
				"up": {"uv": [6.78125, 9.9375, 5.875, 8.25], "texture": "#0"},
				"down": {"uv": [7.78125, 8.25, 6.875, 9.9375], "texture": "#0"}
			}
		},
		{
			"from": [-15, 27.925, 1.2],
			"to": [-7, 28.925, 14.7],
			"rotation": {"angle": 0, "axis": "y", "origin": [-9, 27.925, 0.7]},
			"faces": {
				"north": {"uv": [0.875, 9.625, 1.875, 9.75], "texture": "#0"},
				"east": {"uv": [6, 3.875, 7.6875, 4], "texture": "#0"},
				"south": {"uv": [10.375, 4.875, 11.375, 5], "texture": "#0"},
				"west": {"uv": [10.125, 6.875, 11.8125, 7], "texture": "#0"},
				"up": {"uv": [1, 9.3125, 0, 7.625], "texture": "#0"},
				"down": {"uv": [4.875, 7.75, 3.875, 9.4375], "texture": "#0"}
			}
		},
		{
			"from": [-15, 20.925, 1.2],
			"to": [-7, 21.925, 14.7],
			"rotation": {"angle": 0, "axis": "y", "origin": [-9, 20.925, 0.7]},
			"faces": {
				"north": {"uv": [10.375, 5, 11.375, 5.125], "texture": "#0"},
				"east": {"uv": [10.125, 7, 11.8125, 7.125], "texture": "#0"},
				"south": {"uv": [10.375, 5.125, 11.375, 5.25], "texture": "#0"},
				"west": {"uv": [10.125, 7.125, 11.8125, 7.25], "texture": "#0"},
				"up": {"uv": [5.875, 9.4375, 4.875, 7.75], "texture": "#0"},
				"down": {"uv": [2, 7.875, 1, 9.5625], "texture": "#0"}
			}
		},
		{
			"from": [-16, 11.775, 13.975],
			"to": [31.975, 15, 16],
			"rotation": {"angle": 0, "axis": "y", "origin": [0, 4, 14]},
			"faces": {
				"north": {"uv": [6, 2.625, 12, 3.03125], "texture": "#0"},
				"east": {"uv": [9.25, 10.5, 9.5, 10.90625], "texture": "#0"},
				"south": {"uv": [6, 3.125, 12, 3.53125], "texture": "#0"},
				"west": {"uv": [10.625, 1, 10.875, 1.40625], "texture": "#0"},
				"up": {"uv": [12, 3.875, 6, 3.625], "texture": "#0"},
				"down": {"uv": [13.875, 0, 7.875, 0.25], "texture": "#0"}
			}
		},
		{
			"from": [-16, 15, 0],
			"to": [32, 16.5, 16],
			"rotation": {"angle": 0, "axis": "y", "origin": [8, 15.75, 8]},
			"faces": {
				"north": {"uv": [7.875, 0.25, 13.875, 0.4375], "texture": "#0"},
				"east": {"uv": [9.5, 6.5, 11.5, 6.6875], "texture": "#0"},
				"south": {"uv": [7.875, 0.5, 13.875, 0.6875], "texture": "#0"},
				"west": {"uv": [9.625, 10, 11.625, 10.1875], "texture": "#0"},
				"up": {"uv": [6, 2, 0, 0], "texture": "#0"},
				"down": {"uv": [6, 2, 0, 4], "texture": "#0"}
			}
		},
		{
			"from": [-16, 16.475, 0],
			"to": [-14.725, 32, 16],
			"faces": {
				"north": {"uv": [4.875, 10.375, 5.03125, 12.3125], "texture": "#0"},
				"east": {"uv": [0, 4, 2, 5.9375], "texture": "#0"},
				"south": {"uv": [5.125, 10.375, 5.28125, 12.3125], "texture": "#0"},
				"west": {"uv": [2, 4, 4, 5.9375], "texture": "#0"},
				"up": {"uv": [10.28125, 12.25, 10.125, 10.25], "texture": "#0"},
				"down": {"uv": [4.78125, 10.375, 4.625, 12.375], "texture": "#0"}
			}
		},
		{
			"from": [30.9125, 16.475, -0.0125],
			"to": [31.8875, 19.1, 14.7875],
			"rotation": {"angle": 0, "axis": "y", "origin": [30.2625, 24.2375, 15.375]},
			"faces": {
				"north": {"uv": [3.875, 7.375, 4, 7.71875], "texture": "#0"},
				"east": {"uv": [0.875, 9.75, 2.71875, 10.09375], "texture": "#0"},
				"south": {"uv": [9.25, 11, 9.375, 11.34375], "texture": "#0"},
				"west": {"uv": [4.625, 10, 6.46875, 10.34375], "texture": "#0"},
				"up": {"uv": [8.875, 12.34375, 8.75, 10.5], "texture": "#0"},
				"down": {"uv": [9, 10.5, 8.875, 12.34375], "texture": "#0"}
			}
		},
		{
			"from": [-14.9, 16.475, 14.7375],
			"to": [32, 32, 16.0125],
			"rotation": {"angle": 0, "axis": "y", "origin": [-6.7375, 24.2375, 15.375]},
			"faces": {
				"north": {"uv": [0, 2.21875, 5.8625, 4.15938], "texture": "#0"},
				"east": {"uv": [0, 10.875, 0.15625, 11.3125], "texture": "#0"},
				"south": {"uv": [6, 2.125, 11.875, 2.5625], "texture": "#0"},
				"west": {"uv": [0.25, 10.875, 0.40625, 11.3125], "texture": "#0"},
				"up": {"uv": [15.375, 4.03125, 9.5, 3.875], "texture": "#0"},
				"down": {"uv": [15.375, 4.125, 9.5, 4.28125], "texture": "#0"}
			}
		},
		{
			"from": [-14, 29, 1.975],
			"to": [-7.65, 30.275, 11.1],
			"rotation": {"angle": 0, "axis": "y", "origin": [-10, 29, -2.9]},
			"faces": {
				"north": {"uv": [1, 7.625, 1.78125, 7.78125], "texture": "#0"},
				"east": {"uv": [10.125, 7.75, 11.25, 7.90625], "texture": "#0"},
				"south": {"uv": [0, 10.625, 0.78125, 10.78125], "texture": "#0"},
				"west": {"uv": [10.375, 4.375, 11.5, 4.53125], "texture": "#0"},
				"up": {"uv": [4.53125, 10.625, 3.75, 9.5], "texture": "#0"},
				"down": {"uv": [10.28125, 4.375, 9.5, 5.5], "texture": "#0"}
			}
		},
		{
			"from": [24.525, 0.475, 1.975],
			"to": [30.875, 1.75, 11.1],
			"rotation": {"angle": 0, "axis": "y", "origin": [28.525, 0.475, -2.9]},
			"faces": {
				"north": {"uv": [1, 7.625, 1.78125, 7.78125], "texture": "#0"},
				"east": {"uv": [10.125, 7.75, 11.25, 7.90625], "texture": "#0"},
				"south": {"uv": [0, 10.625, 0.78125, 10.78125], "texture": "#0"},
				"west": {"uv": [10.375, 4.375, 11.5, 4.53125], "texture": "#0"},
				"up": {"uv": [4.53125, 10.625, 3.75, 9.5], "texture": "#0"},
				"down": {"uv": [10.28125, 4.375, 9.5, 5.5], "texture": "#0"}
			}
		},
		{
			"from": [24.525, 1.475, 1.9],
			"to": [30.875, 2.75, 11.025],
			"rotation": {"angle": 0, "axis": "y", "origin": [28.525, 1.475, -2.975]},
			"faces": {
				"north": {"uv": [1, 7.625, 1.78125, 7.78125], "texture": "#0"},
				"east": {"uv": [10.125, 7.75, 11.25, 7.90625], "texture": "#0"},
				"south": {"uv": [0, 10.625, 0.78125, 10.78125], "texture": "#0"},
				"west": {"uv": [10.375, 4.375, 11.5, 4.53125], "texture": "#0"},
				"up": {"uv": [4.53125, 10.625, 3.75, 9.5], "texture": "#0"},
				"down": {"uv": [10.28125, 4.375, 9.5, 5.5], "texture": "#0"}
			}
		},
		{
			"from": [24.525, 2.475, 1.975],
			"to": [30.875, 3.75, 11.1],
			"rotation": {"angle": 0, "axis": "y", "origin": [28.525, 2.475, -2.9]},
			"faces": {
				"north": {"uv": [1, 7.625, 1.78125, 7.78125], "texture": "#0"},
				"east": {"uv": [10.125, 7.75, 11.25, 7.90625], "texture": "#0"},
				"south": {"uv": [0, 10.625, 0.78125, 10.78125], "texture": "#0"},
				"west": {"uv": [10.375, 4.375, 11.5, 4.53125], "texture": "#0"},
				"up": {"uv": [4.53125, 10.625, 3.75, 9.5], "texture": "#0"},
				"down": {"uv": [10.28125, 4.375, 9.5, 5.5], "texture": "#0"}
			}
		},
		{
			"from": [24.525, 3.475, 1.925],
			"to": [30.875, 4.75, 11.05],
			"rotation": {"angle": 0, "axis": "y", "origin": [28.525, 3.475, -2.95]},
			"faces": {
				"north": {"uv": [1, 7.625, 1.78125, 7.78125], "texture": "#0"},
				"east": {"uv": [10.125, 7.75, 11.25, 7.90625], "texture": "#0"},
				"south": {"uv": [0, 10.625, 0.78125, 10.78125], "texture": "#0"},
				"west": {"uv": [10.375, 4.375, 11.5, 4.53125], "texture": "#0"},
				"up": {"uv": [0.78125, 10.625, 0, 9.5], "texture": "#0"},
				"down": {"uv": [10.28125, 4.375, 9.5, 5.5], "texture": "#0"}
			}
		},
		{
			"from": [-13.125, 21.9, 6.725],
			"to": [-11.875, 24.2, 8.1],
			"rotation": {"angle": 0, "axis": "y", "origin": [-13.45, 21.9, 6.1]},
			"faces": {
				"north": {"uv": [4.25, 11, 4.40625, 11.28125], "texture": "#0"},
				"east": {"uv": [3.75, 11, 3.9375, 11.28125], "texture": "#0"},
				"south": {"uv": [9, 11, 9.15625, 11.28125], "texture": "#0"},
				"west": {"uv": [4, 11, 4.1875, 11.28125], "texture": "#0"},
				"up": {"uv": [10.78125, 11.4375, 10.625, 11.25], "texture": "#0"},
				"down": {"uv": [11.40625, 10.75, 11.25, 10.9375], "texture": "#0"}
			}
		},
		{
			"from": [-12.85, 24.05, 7.125],
			"to": [-12.225, 25.75, 7.7],
			"rotation": {"angle": 0, "axis": "y", "origin": [-13.5, 24.05, 6.025]},
			"faces": {
				"north": {"uv": [3.75, 9.25, 3.84375, 9.46875], "texture": "#0"},
				"east": {"uv": [9.5, 11.25, 9.5625, 11.46875], "texture": "#0"},
				"south": {"uv": [0.875, 9.375, 0.96875, 9.59375], "texture": "#0"},
				"west": {"uv": [0, 11.375, 0.0625, 11.59375], "texture": "#0"},
				"up": {"uv": [0.21875, 11.4375, 0.125, 11.375], "texture": "#0"},
				"down": {"uv": [0.34375, 11.375, 0.25, 11.4375], "texture": "#0"}
			}
		},
		{
			"from": [-6.55, 16.525, 2.7],
			"to": [0.45, 16.525, 12.7],
			"rotation": {"angle": -22.5, "axis": "y", "origin": [-3.05, 16.525, 7.7]},
			"faces": {
				"north": {"uv": [0, 0, 0.875, 0], "texture": "#0"},
				"east": {"uv": [0, 0, 1.25, 0], "texture": "#0"},
				"south": {"uv": [0, 0, 0.875, 0], "texture": "#0"},
				"west": {"uv": [0, 0, 1.25, 0], "texture": "#0"},
				"up": {"uv": [9.25, 8, 8.375, 6.75], "texture": "#0"},
				"down": {"uv": [9.5, 5.5, 8.625, 6.75], "texture": "#0"}
			}
		},
		{
			"from": [-4.55, 19.525, 14.7],
			"to": [2.45, 29.525, 14.7],
			"rotation": {"angle": 0, "axis": "z", "origin": [-1.05, 24.525, 14.7]},
			"faces": {
				"north": {"uv": [9.25, 8, 8.375, 6.75], "rotation": 180, "texture": "#0"},
				"east": {"uv": [0, 0, 1.25, 0], "rotation": 90, "texture": "#0"},
				"south": {"uv": [9.5, 5.5, 8.625, 6.75], "texture": "#0"},
				"west": {"uv": [0, 0, 1.25, 0], "rotation": 270, "texture": "#0"},
				"up": {"uv": [0, 0, 0.875, 0], "texture": "#0"},
				"down": {"uv": [0, 0, 0.875, 0], "rotation": 180, "texture": "#0"}
			}
		},
		{
			"from": [22.575, 16.525, 4.875],
			"to": [29.575, 16.525, 14.875],
			"rotation": {"angle": 0, "axis": "y", "origin": [26.075, 16.525, 9.875]},
			"faces": {
				"north": {"uv": [0, 0, 0.875, 0], "texture": "#0"},
				"east": {"uv": [0, 0, 1.25, 0], "texture": "#0"},
				"south": {"uv": [0, 0, 0.875, 0], "texture": "#0"},
				"west": {"uv": [0, 0, 1.25, 0], "texture": "#0"},
				"up": {"uv": [9.625, 9.25, 8.75, 8], "texture": "#0"},
				"down": {"uv": [10.125, 6.75, 9.25, 8], "texture": "#0"}
			}
		},
		{
			"from": [21.7, 16.7, 2.825],
			"to": [28.7, 16.7, 12.825],
			"rotation": {"angle": 0, "axis": "y", "origin": [25.2, 16.7, 7.825]},
			"faces": {
				"north": {"uv": [0, 0, 0.875, 0], "texture": "#0"},
				"east": {"uv": [0, 0, 1.25, 0], "texture": "#0"},
				"south": {"uv": [0, 0, 0.875, 0], "texture": "#0"},
				"west": {"uv": [0, 0, 1.25, 0], "texture": "#0"},
				"up": {"uv": [9.625, 10.5, 8.75, 9.25], "texture": "#0"},
				"down": {"uv": [0.875, 9.375, 0, 10.625], "texture": "#0"}
			}
		},
		{
			"from": [-14, 21.875, 1.775],
			"to": [-13.4, 22.475, 6.275],
			"rotation": {"angle": 0, "axis": "y", "origin": [-14, 21.875, 1.775]},
			"faces": {
				"north": {"uv": [0.375, 11.375, 0.4375, 11.4375], "texture": "#0"},
				"east": {"uv": [11.125, 10.25, 11.6875, 10.3125], "texture": "#0"},
				"south": {"uv": [0.5, 11.375, 0.5625, 11.4375], "texture": "#0"},
				"west": {"uv": [11.125, 10.375, 11.6875, 10.4375], "texture": "#0"},
				"up": {"uv": [0.8125, 11.6875, 0.75, 11.125], "texture": "#0"},
				"down": {"uv": [4.5625, 11.125, 4.5, 11.6875], "texture": "#0"}
			}
		},
		{
			"from": [-13.225, 21.875, 1.775],
			"to": [-12.625, 22.475, 6.275],
			"rotation": {"angle": 0, "axis": "y", "origin": [-13.225, 21.875, 1.775]},
			"faces": {
				"north": {"uv": [0.625, 11.375, 0.6875, 11.4375], "texture": "#0"},
				"east": {"uv": [11.125, 10.5, 11.6875, 10.5625], "texture": "#0"},
				"south": {"uv": [11.375, 1.25, 11.4375, 1.3125], "texture": "#0"},
				"west": {"uv": [11.125, 10.625, 11.6875, 10.6875], "texture": "#0"},
				"up": {"uv": [11.1875, 11.3125, 11.125, 10.75], "texture": "#0"},
				"down": {"uv": [2.8125, 11.25, 2.75, 11.8125], "texture": "#0"}
			}
		},
		{
			"from": [-13.625, 22.45, 1.775],
			"to": [-13.025, 23.05, 6.275],
			"rotation": {"angle": 0, "axis": "y", "origin": [-13.625, 22.45, 1.775]},
			"faces": {
				"north": {"uv": [11.375, 1.375, 11.4375, 1.4375], "texture": "#0"},
				"east": {"uv": [2.875, 11.25, 3.4375, 11.3125], "texture": "#0"},
				"south": {"uv": [11.375, 1.5, 11.4375, 1.5625], "texture": "#0"},
				"west": {"uv": [11.25, 7.75, 11.8125, 7.8125], "texture": "#0"},
				"up": {"uv": [11.3125, 9.5625, 11.25, 9], "texture": "#0"},
				"down": {"uv": [9.4375, 11.25, 9.375, 11.8125], "texture": "#0"}
			}
		},
		{
			"from": [18.375, 16.45, 7.775],
			"to": [18.975, 17.05, 12.275],
			"rotation": {"angle": -22.5, "axis": "y", "origin": [18.375, 16.45, 7.775]},
			"faces": {
				"north": {"uv": [11.375, 1.375, 11.4375, 1.4375], "texture": "#0"},
				"east": {"uv": [2.875, 11.25, 3.4375, 11.3125], "texture": "#0"},
				"south": {"uv": [11.375, 1.5, 11.4375, 1.5625], "texture": "#0"},
				"west": {"uv": [11.25, 7.75, 11.8125, 7.8125], "texture": "#0"},
				"up": {"uv": [11.3125, 9.5625, 11.25, 9], "texture": "#0"},
				"down": {"uv": [9.4375, 11.25, 9.375, 11.8125], "texture": "#0"}
			}
		},
		{
			"from": [3.675, 22.425, 14.625],
			"to": [8.125, 28.425, 14.625],
			"rotation": {"angle": 0, "axis": "z", "origin": [5.675, 24.425, 12.625]},
			"faces": {
				"north": {"uv": [15.44375, 13.1875, 16, 13.9375], "texture": "#0"},
				"east": {"uv": [15.44375, 13.1875, 16, 13.9375], "texture": "#0"},
				"south": {"uv": [15.44375, 13.1875, 16, 13.9375], "texture": "#0"},
				"west": {"uv": [15.44375, 13.1875, 16, 13.9375], "texture": "#0"},
				"up": {"uv": [15.44375, 13.1875, 16, 13.9375], "texture": "#0"},
				"down": {"uv": [15.44375, 13.1875, 16, 13.9375], "texture": "#0"}
			}
		},
		{
			"from": [12.4, 21.25, 14.625],
			"to": [16.85, 27.25, 14.625],
			"rotation": {"angle": 22.5, "axis": "z", "origin": [14.4, 23.25, 12.625]},
			"faces": {
				"north": {"uv": [15.44375, 11.6875, 16, 12.4375], "texture": "#0"},
				"east": {"uv": [15.44375, 11.6875, 16, 12.4375], "texture": "#0"},
				"south": {"uv": [15.44375, 11.6875, 16, 12.4375], "texture": "#0"},
				"west": {"uv": [15.44375, 11.6875, 16, 12.4375], "texture": "#0"},
				"up": {"uv": [15.44375, 11.6875, 16, 12.4375], "texture": "#0"},
				"down": {"uv": [15.44375, 11.6875, 16, 12.4375], "texture": "#0"}
			}
		}
	],
	"display": {
		"fixed": {
			"rotation": [-90, 0, 0],
			"translation": [0, 0, -16],
			"scale": [2, 2, 2]
		}
	},
	"groups": [
		{
			"name": "stol",
			"origin": [-16, 14, 0],
			"color": 0,
			"children": [0, 1, 2, 3, 4, 5, 6, 7, 8, 9, 10, 11, 12, 13]
		},
		{
			"name": "items",
			"origin": [8, 8, 8],
			"color": 0,
			"children": [
				14,
				15,
				16,
				17,
				18,
				19,
				20,
				21,
				22,
				23,
				24,
				{
					"name": "mel",
					"origin": [0, 17, 1],
					"color": 0,
					"children": [25, 26, 27, 28]
				},
				{
					"name": "pc",
					"origin": [8, 8, 8],
					"color": 0,
					"children": []
				}
			]
		},
		29,
		30,
		{
			"name": "PINS",
			"origin": [4.4, 28.025, 12.825],
			"color": 0,
			"children": []
		}
	]
}