{
	"format_version": "1.21.6",
	"credit": "Made with Blockbench",
	"texture_size": [64, 64],
	"textures": {
		"0": "item/ussr",
		"particle": "item/ussr"
	},
	"elements": [
		{
			"from": [-16, 0, 14.9],
			"to": [32, 32, 14.9],
			"rotation": {"angle": 0, "axis": "y", "origin": [0, 0, -0.1]},
			"faces": {
				"north": {"uv": [0, 8, 12, 16], "texture": "#0"},
				"east": {"uv": [0, 8, 12, 16], "texture": "#0"},
				"south": {"uv": [0, 8, 12, 16], "texture": "#0"},
				"west": {"uv": [0, 8, 12, 16], "texture": "#0"},
				"up": {"uv": [0, 8, 12, 16], "texture": "#0"},
				"down": {"uv": [0, 8, 12, 16], "texture": "#0"}
			}
		}
	],
	"display": {
		"fixed": {
			"translation": [1.25, -12.5, -16],
			"scale": [2.3, 2.3, 2.3]
		}
	}
}