{
	"format_version": "1.21.6",
	"credit": "Made by Prostoron",
	"texture_size": [64, 64],
	"textures": {
		"0": "item/ussr_medkit",
		"particle": "item/ussr_medkit"
	},
	"elements": [
		{
			"from": [2.05, 0, 11.4],
			"to": [14.8, 3.4, 12.25],
			"rotation": {"angle": 0, "axis": "y", "origin": [8.0125, 0.95625, 8]},
			"faces": {
				"north": {"uv": [3.5, 3.5, 6.75, 4.375], "texture": "#0"},
				"east": {"uv": [6.5, 4.5, 6.75, 5.375], "texture": "#0"},
				"south": {"uv": [0, 4.5, 3.25, 5.375], "texture": "#0"},
				"west": {"uv": [6, 6.5, 6.25, 7.375], "texture": "#0"},
				"up": {"uv": [9.75, 1.75, 6.5, 1.5], "texture": "#0"},
				"down": {"uv": [5, 6.5, 1.75, 6.75], "texture": "#0"}
			}
		},
		{
			"from": [1.2, 0, 3.75],
			"to": [2.1, 3.4, 12.25],
			"rotation": {"angle": 0, "axis": "y", "origin": [8.0125, 0.95625, 8]},
			"faces": {
				"north": {"uv": [6.25, 6.5, 6.5, 7.375], "texture": "#0"},
				"east": {"uv": [3.25, 5.5, 5.375, 6.375], "texture": "#0"},
				"south": {"uv": [6.5, 6.5, 6.75, 7.375], "texture": "#0"},
				"west": {"uv": [5.5, 5.5, 7.625, 6.375], "texture": "#0"},
				"up": {"uv": [5.25, 8.625, 5, 6.5], "texture": "#0"},
				"down": {"uv": [5.5, 6.5, 5.25, 8.625], "texture": "#0"}
			}
		},
		{
			"from": [2.05, 0, 3.75],
			"to": [14.8, 3.4, 4.6],
			"rotation": {"angle": 0, "axis": "y", "origin": [8.0125, 0.95625, 8]},
			"faces": {
				"north": {"uv": [3.25, 4.5, 6.5, 5.375], "texture": "#0"},
				"east": {"uv": [1.75, 6.75, 2, 7.625], "texture": "#0"},
				"south": {"uv": [0, 5.5, 3.25, 6.375], "texture": "#0"},
				"west": {"uv": [2, 6.75, 2.25, 7.625], "texture": "#0"},
				"up": {"uv": [9.75, 2, 6.5, 1.75], "texture": "#0"},
				"down": {"uv": [9.75, 2, 6.5, 2.25], "texture": "#0"}
			}
		},
		{
			"from": [13.95, 0, 4.6],
			"to": [14.8, 3.4, 11.4],
			"rotation": {"angle": 0, "axis": "y", "origin": [8.0125, 0.95625, 8]},
			"faces": {
				"north": {"uv": [2.25, 6.75, 2.5, 7.625], "texture": "#0"},
				"east": {"uv": [0, 6.5, 1.75, 7.375], "texture": "#0"},
				"south": {"uv": [2.5, 6.75, 2.75, 7.625], "texture": "#0"},
				"west": {"uv": [6.5, 0, 8.25, 0.875], "texture": "#0"},
				"up": {"uv": [5.75, 8.25, 5.5, 6.5], "texture": "#0"},
				"down": {"uv": [6, 6.5, 5.75, 8.25], "texture": "#0"}
			}
		},
		{
			"from": [2.05, 0, 4.6],
			"to": [13.95, 0.425, 11.4],
			"rotation": {"angle": 0, "axis": "y", "origin": [8.0125, 0.95625, 8]},
			"faces": {
				"north": {"uv": [6.5, 2.75, 9.5, 2.875], "texture": "#0"},
				"east": {"uv": [6.5, 3.25, 8.25, 3.375], "texture": "#0"},
				"south": {"uv": [6.5, 3, 9.5, 3.125], "texture": "#0"},
				"west": {"uv": [2.75, 6.75, 4.5, 6.875], "texture": "#0"},
				"up": {"uv": [6.5, 1.75, 3.5, 0], "texture": "#0"},
				"down": {"uv": [6.5, 1.75, 3.5, 3.5], "texture": "#0"}
			}
		},
		{
			"from": [1, 3, 3.325],
			"to": [15, 4, 12.325],
			"rotation": {"angle": 0, "axis": "x", "origin": [8, 3.5, 11.825]},
			"faces": {
				"north": {"uv": [6.5, 1, 10, 1.25], "texture": "#0"},
				"east": {"uv": [6.5, 2.25, 8.75, 2.5], "texture": "#0"},
				"south": {"uv": [6.5, 1.25, 10, 1.5], "texture": "#0"},
				"west": {"uv": [6.5, 2.5, 8.75, 2.75], "texture": "#0"},
				"up": {"uv": [3.5, 2.25, 0, 0], "texture": "#0"},
				"down": {"uv": [3.5, 2.25, 0, 4.5], "texture": "#0"}
			}
		},
		{
			"from": [1.6, 2.7, 12],
			"to": [3.2, 3.25, 12.55],
			"rotation": {"angle": 0, "axis": "y", "origin": [1.6, 2.7, 12]},
			"faces": {
				"north": {"uv": [6.75, 3.5, 7.125, 3.625], "texture": "#0"},
				"east": {"uv": [6.75, 5.25, 6.875, 5.375], "texture": "#0"},
				"south": {"uv": [6.75, 3.75, 7.125, 3.875], "texture": "#0"},
				"west": {"uv": [6.75, 6.5, 6.875, 6.625], "texture": "#0"},
				"up": {"uv": [7.125, 4.125, 6.75, 4], "texture": "#0"},
				"down": {"uv": [7.125, 4.25, 6.75, 4.375], "texture": "#0"}
			}
		},
		{
			"from": [12.9, 2.7, 12],
			"to": [14.5, 3.25, 12.55],
			"rotation": {"angle": 0, "axis": "y", "origin": [12.8, 2.7, 12]},
			"faces": {
				"north": {"uv": [4.5, 6.75, 4.875, 6.875], "texture": "#0"},
				"east": {"uv": [6.75, 6.75, 6.875, 6.875], "texture": "#0"},
				"south": {"uv": [6.75, 4.5, 7.125, 4.625], "texture": "#0"},
				"west": {"uv": [2.75, 7, 2.875, 7.125], "texture": "#0"},
				"up": {"uv": [7.125, 4.875, 6.75, 4.75], "texture": "#0"},
				"down": {"uv": [7.125, 5, 6.75, 5.125], "texture": "#0"}
			}
		}
	],
	"display": {
		"fixed": {
			"rotation": [-90, 7.75, 0],
			"translation": [0.75, -1.75, -12],
			"scale": [1.5, 1.5, 1.5]
		}
	},
	"groups": [
		{
			"name": "group",
			"origin": [0, 0, 2],
			"color": 0,
			"children": [0, 1, 2, 3, 4]
		},
		5,
		6,
		7
	]
}