{
	"textures": {
		"1": "minecraft:block/fo",
		"2": "minecraft:block/two",
		"particle": "minecraft:item/pufferfish"
	},
	"display": {
		"head": {
			"rotation": [0, 180, 0]
		}
	},
	"elements": [
		{
			"from": [19.625, 8.5, 17.5],
			"to": [22.625, 12.5, 19.5],
			"rotation": {
				"angle": 0,
				"axis": "y",
				"origin": [20.625, 8.5, 18.5]
			},
			"faces": {
				"north": {
					"uv": [0, 0, 3, 4.0625],
					"texture": "#1"
				},
				"east": {
					"uv": [0, 4.0625, 2, 8.125],
					"texture": "#1"
				},
				"south": {
					"uv": [3, 0, 6, 4.0625],
					"texture": "#1"
				},
				"west": {
					"uv": [2, 4.0625, 4, 8.125],
					"texture": "#1"
				},
				"up": {
					"uv": [7, 6.09375, 4, 4.0625],
					"texture": "#1"
				},
				"down": {
					"uv": [9, 0, 6, 2.03125],
					"texture": "#1"
				}
			}
		},
		{
			"from": [15.525, 8.5, 18.55],
			"to": [18.525, 12.5, 20.55],
			"rotation": {
				"angle": 0,
				"axis": "y",
				"origin": [16.525, 8.5, 19.55]
			},
			"faces": {
				"north": {
					"uv": [0, 0, 3, 3.9375],
					"texture": "#2"
				},
				"east": {
					"uv": [0, 4.0625, 2, 8],
					"texture": "#2"
				},
				"south": {
					"uv": [3, 0, 6, 3.9375],
					"texture": "#2"
				},
				"west": {
					"uv": [2, 4.0625, 4, 8],
					"texture": "#2"
				},
				"up": {
					"uv": [7, 5.96875, 4, 4.0625],
					"texture": "#2"
				},
				"down": {
					"uv": [9, 0, 6, 1.90625],
					"texture": "#2"
				}
			}
		},
		{
			"from": [11.25, 8.5, 16.75],
			"to": [14.25, 12.5, 18.75],
			"rotation": {
				"angle": 0,
				"axis": "y",
				"origin": [12.25, 8.5, 17.75]
			},
			"faces": {
				"north": {
					"uv": [0, 0, 3, 3.9375],
					"texture": "#2"
				},
				"east": {
					"uv": [0, 4.0625, 2, 8],
					"texture": "#2"
				},
				"south": {
					"uv": [3, 0, 6, 3.9375],
					"texture": "#2"
				},
				"west": {
					"uv": [2, 4.0625, 4, 8],
					"texture": "#2"
				},
				"up": {
					"uv": [7, 5.96875, 4, 4.0625],
					"texture": "#2"
				},
				"down": {
					"uv": [9, 0, 6, 1.90625],
					"texture": "#2"
				}
			}
		}
	]
}