{
	"textures": {
		"0": "minecraft:block/kitchen_dsink",
		"particle": "minecraft:item/pufferfish"
	},
	"display": {
		"head": {
			"rotation": [0, 180, 0]
		}
	},
	"elements": [
		{
			"from": [7.875, -5, 7.5],
			"to": [16.125, 9, 8.5],
			"rotation": {
				"angle": 0,
				"axis": "y",
				"origin": [7.875, 7, 8.5]
			},
			"faces": {
				"north": {
					"uv": [9.875, 0, 11.9375, 3.5],
					"texture": "#0"
				},
				"east": {
					"uv": [8.25, 0, 8.5, 3.5],
					"texture": "#0"
				},
				"south": {
					"uv": [0, 4.25, 2.0625, 7.75],
					"texture": "#0"
				},
				"west": {
					"uv": [0, 7.875, 0.25, 4.375],
					"texture": "#0"
				},
				"up": {
					"uv": [0.375, 4.625, 2.4375, 4.875],
					"texture": "#0"
				},
				"down": {
					"uv": [0, 5.375, 2.0625, 5.625],
					"texture": "#0"
				}
			}
		}
	]
}