{
	"textures": {
		"0": "minecraft:block/kitchen_dsink",
		"particle": "minecraft:item/pufferfish"
	},
	"display": {
		"head": {
			"rotation": [0, 180, 0]
		}
	},
	"elements": [
		{
			"from": [0.125, -6, 7.5],
			"to": [7.875, 8, 8.5],
			"rotation": {
				"angle": 0,
				"axis": "y",
				"origin": [-0.375, 6, 8.5]
			},
			"faces": {
				"north": {
					"uv": [8, 0, 9.9375, 3.5],
					"texture": "#0"
				},
				"east": {
					"uv": [0, 4.25, 0.25, 7.75],
					"texture": "#0"
				},
				"south": {
					"uv": [0, 4.25, 1.9375, 7.75],
					"texture": "#0"
				},
				"west": {
					"uv": [8.125, 0, 8.375, 3.5],
					"texture": "#0"
				},
				"up": {
					"uv": [0.625, 4.75, 2.5625, 5],
					"texture": "#0"
				},
				"down": {
					"uv": [0.25, 5.375, 2.1875, 5.625],
					"texture": "#0"
				}
			}
		}
	]
}