{
	"textures": {
		"0": "minecraft:block/kitchen_dsink",
		"particle": "minecraft:item/pufferfish"
	},
	"display": {
		"head": {
			"rotation": [0, 180, 0]
		}
	},
	"elements": [
		{
			"from": [8, 8, 10],
			"to": [8.5, 22, 24],
			"rotation": {
				"angle": 0,
				"axis": "y",
				"origin": [8, 8, 8]
			},
			"faces": {
				"north": {
					"uv": [11.875, 0, 12, 3.375],
					"texture": "#0"
				},
				"east": {
					"uv": [0, 4.25, 3.5, 7.625],
					"texture": "#0"
				},
				"south": {
					"uv": [0, 4.25, 0.125, 7.625],
					"texture": "#0"
				},
				"west": {
					"uv": [0.5, 4.25, 4, 7.625],
					"texture": "#0"
				},
				"up": {
					"uv": [0, 4.67188, 0.125, 7.625],
					"texture": "#0"
				},
				"down": {
					"uv": [0, 4.25, 0.125, 7.20313],
					"texture": "#0"
				}
			}
		},
		{
			"from": [8.5, 8, 10],
			"to": [23.5, 8.5, 24],
			"rotation": {
				"angle": 0,
				"axis": "y",
				"origin": [8, 8, 8]
			},
			"faces": {
				"north": {
					"uv": [8.125, 3.25446, 11.875, 3.375],
					"texture": "#0"
				},
				"east": {
					"uv": [0, 7.50446, 3.5, 7.625],
					"texture": "#0"
				},
				"south": {
					"uv": [0.125, 7.50446, 3.875, 7.625],
					"texture": "#0"
				},
				"west": {
					"uv": [0.5, 7.50446, 4, 7.625],
					"texture": "#0"
				},
				"up": {
					"uv": [0.125, 4.67188, 3.875, 7.625],
					"texture": "#0"
				},
				"down": {
					"uv": [0.125, 4.25, 3.875, 7.20313],
					"texture": "#0"
				}
			}
		},
		{
			"from": [8.5, 8.5, 23],
			"to": [23.5, 21.5, 24],
			"rotation": {
				"angle": 0,
				"axis": "y",
				"origin": [8, 8, 8]
			},
			"faces": {
				"north": {
					"uv": [0, 4.49554, 3.75, 7.62946],
					"texture": "#0"
				},
				"east": {
					"uv": [0, 4.37054, 4, 7.50446],
					"texture": "#0"
				},
				"south": {
					"uv": [0.125, 4.37054, 3.875, 7.50446],
					"texture": "#0"
				},
				"west": {
					"uv": [0, 4.37054, 4, 7.50446],
					"texture": "#0"
				},
				"up": {
					"uv": [0.125, 4.25, 3.875, 7.625],
					"texture": "#0"
				},
				"down": {
					"uv": [0.125, 4.25, 3.875, 7.625],
					"texture": "#0"
				}
			}
		},
		{
			"from": [23.5, 8, 10],
			"to": [24, 21.5, 24],
			"rotation": {
				"angle": 0,
				"axis": "y",
				"origin": [8, 8, 8]
			},
			"faces": {
				"north": {
					"uv": [8, 0.12054, 8.125, 3.375],
					"texture": "#0"
				},
				"east": {
					"uv": [0, 4.37054, 3.5, 7.625],
					"texture": "#0"
				},
				"south": {
					"uv": [3.875, 4.37054, 4, 7.625],
					"texture": "#0"
				},
				"west": {
					"uv": [0.5, 4.37054, 4, 7.625],
					"texture": "#0"
				},
				"up": {
					"uv": [3.875, 4.67188, 4, 7.625],
					"texture": "#0"
				},
				"down": {
					"uv": [3.875, 4.25, 4, 7.20313],
					"texture": "#0"
				}
			}
		},
		{
			"from": [8.5, 21.5, 10],
			"to": [24, 22, 24],
			"rotation": {
				"angle": 0,
				"axis": "y",
				"origin": [8, 8, 8]
			},
			"faces": {
				"north": {
					"uv": [8, 0, 11.875, 0.12054],
					"texture": "#0"
				},
				"east": {
					"uv": [0, 4.25, 3.5, 4.37054],
					"texture": "#0"
				},
				"south": {
					"uv": [0.125, 4.25, 4, 4.37054],
					"texture": "#0"
				},
				"west": {
					"uv": [0.5, 4.25, 4, 4.37054],
					"texture": "#0"
				},
				"up": {
					"uv": [0.125, 4.67188, 4, 7.625],
					"texture": "#0"
				},
				"down": {
					"uv": [0.125, 4.25, 4, 7.20313],
					"texture": "#0"
				}
			}
		}
	]
}