{
	"textures": {
		"0": "animated_java:blueprint/npc1/skin1",
		"particle": "minecraft:item/pufferfish"
	},
	"display": {
		"head": {
			"rotation": [0, 180, 0]
		}
	},
	"elements": [
		{
			"from": [7, -2, 6],
			"to": [11, 10, 10],
			"rotation": {
				"angle": 0,
				"axis": "y",
				"origin": [-5, -14, 0]
			},
			"faces": {
				"north": {
					"uv": [11, 5, 12, 8],
					"texture": "#0"
				},
				"east": {
					"uv": [10, 5, 11, 8],
					"texture": "#0"
				},
				"south": {
					"uv": [13, 5, 14, 8],
					"texture": "#0"
				},
				"west": {
					"uv": [12, 5, 13, 8],
					"texture": "#0"
				},
				"up": {
					"uv": [12, 5, 11, 4],
					"texture": "#0"
				},
				"down": {
					"uv": [13, 4, 12, 5],
					"texture": "#0"
				}
			}
		},
		{
			"from": [6.75, -2.25, 5.75],
			"to": [11.25, 10.25, 10.25],
			"rotation": {
				"angle": 0,
				"axis": "y",
				"origin": [-5, -14, 0]
			},
			"faces": {
				"north": {
					"uv": [11, 9, 12, 12],
					"texture": "#0"
				},
				"east": {
					"uv": [10, 9, 11, 12],
					"texture": "#0"
				},
				"south": {
					"uv": [13, 9, 14, 12],
					"texture": "#0"
				},
				"west": {
					"uv": [12, 9, 13, 12],
					"texture": "#0"
				},
				"up": {
					"uv": [12, 9, 11, 8],
					"texture": "#0"
				},
				"down": {
					"uv": [13, 8, 12, 9],
					"texture": "#0"
				}
			}
		}
	]
}