{
	"textures": {
		"1": "animated_java:blueprint/ogurec/ogurec",
		"particle": "minecraft:item/pufferfish"
	},
	"display": {
		"head": {
			"rotation": [0, 180, 0]
		}
	},
	"elements": [
		{
			"from": [13.30603, 19.1706, 2.0357],
			"to": [14.50288, 20.36745, 5.58635],
			"rotation": {
				"angle": 0,
				"axis": "y",
				"origin": [13.90446, 19.76903, 5.2273]
			},
			"faces": {
				"north": {
					"uv": [6, 12, 6.375, 12.375],
					"texture": "#1"
				},
				"east": {
					"uv": [10.5, 9.5, 11.625, 9.875],
					"texture": "#1"
				},
				"south": {
					"uv": [12, 6, 12.375, 6.375],
					"texture": "#1"
				},
				"west": {
					"uv": [10, 10.5, 11.125, 10.875],
					"texture": "#1"
				},
				"up": {
					"uv": [0.375, 12.125, 0, 11],
					"texture": "#1"
				},
				"down": {
					"uv": [0.875, 11, 0.5, 12.125],
					"texture": "#1"
				}
			}
		},
		{
			"from": [8.39895, 19.1706, 1.81628],
			"to": [14.58268, 20.36745, 3.2126],
			"rotation": {
				"angle": 22.5,
				"axis": "z",
				"origin": [11.49081, 19.76903, 2.51444]
			},
			"faces": {
				"north": {
					"uv": [6.5, 2.5, 8.5, 2.875],
					"texture": "#1"
				},
				"east": {
					"uv": [11.5, 1, 12, 1.375],
					"texture": "#1"
				},
				"south": {
					"uv": [6.5, 3, 8.5, 3.375],
					"texture": "#1"
				},
				"west": {
					"uv": [1.5, 11.5, 2, 11.875],
					"texture": "#1"
				},
				"up": {
					"uv": [4, 1, 2, 0.5],
					"texture": "#1"
				},
				"down": {
					"uv": [4, 1, 2, 1.5],
					"texture": "#1"
				}
			}
		},
		{
			"from": [6.80315, 19.1706, 3.41208],
			"to": [12.98688, 20.36745, 4.8084],
			"rotation": {
				"angle": 0,
				"axis": "y",
				"origin": [9.89501, 19.76903, 4.11024]
			},
			"faces": {
				"north": {
					"uv": [4.5, 6.5, 6.5, 6.875],
					"texture": "#1"
				},
				"east": {
					"uv": [12, 6.5, 12.375, 6.875],
					"texture": "#1"
				},
				"south": {
					"uv": [6.5, 6.5, 8.5, 6.875],
					"texture": "#1"
				},
				"west": {
					"uv": [12, 7, 12.375, 7.375],
					"texture": "#1"
				},
				"up": {
					"uv": [2, 7.375, 0, 7],
					"texture": "#1"
				},
				"down": {
					"uv": [4, 7, 2, 7.375],
					"texture": "#1"
				}
			}
		},
		{
			"from": [6.48399, 19.1706, 4.94803],
			"to": [12.66771, 20.36745, 6.34436],
			"rotation": {
				"angle": 0,
				"axis": "y",
				"origin": [9.57585, 19.76903, 5.6462]
			},
			"faces": {
				"north": {
					"uv": [4.5, 8, 6.375, 8.375],
					"texture": "#1"
				},
				"east": {
					"uv": [7.5, 12, 7.875, 12.375],
					"texture": "#1"
				},
				"south": {
					"uv": [8, 6, 9.875, 6.375],
					"texture": "#1"
				},
				"west": {
					"uv": [12, 7.5, 12.375, 7.875],
					"texture": "#1"
				},
				"up": {
					"uv": [8.375, 8.375, 6.5, 8],
					"texture": "#1"
				},
				"down": {
					"uv": [2.875, 8.5, 1, 8.875],
					"texture": "#1"
				}
			}
		},
		{
			"from": [7.08242, 19.94855, 4.4294],
			"to": [12.06929, 21.1454, 5.66614],
			"rotation": {
				"angle": 22.5,
				"axis": "y",
				"origin": [9.57585, 20.54698, 4.96798]
			},
			"faces": {
				"north": {
					"uv": [1.5, 10, 3, 10.375],
					"texture": "#1"
				},
				"east": {
					"uv": [8, 12, 8.375, 12.375],
					"texture": "#1"
				},
				"south": {
					"uv": [10, 2.5, 11.5, 2.875],
					"texture": "#1"
				},
				"west": {
					"uv": [12, 8.75, 12.375, 9.125],
					"texture": "#1"
				},
				"up": {
					"uv": [4.5, 10.375, 3, 10],
					"texture": "#1"
				},
				"down": {
					"uv": [11.5, 3, 10, 3.375],
					"texture": "#1"
				}
			}
		},
		{
			"from": [2.69397, 20.74645, 4.50919],
			"to": [7.68084, 21.9433, 5.74593],
			"rotation": {
				"angle": 22.5,
				"axis": "y",
				"origin": [5.1874, 21.34488, 5.04777]
			},
			"faces": {
				"north": {
					"uv": [10, 3.5, 11.5, 3.875],
					"texture": "#1"
				},
				"east": {
					"uv": [9.75, 12, 10.125, 12.375],
					"texture": "#1"
				},
				"south": {
					"uv": [4.5, 10, 6, 10.375],
					"texture": "#1"
				},
				"west": {
					"uv": [10.25, 12, 10.625, 12.375],
					"texture": "#1"
				},
				"up": {
					"uv": [7.5, 10.375, 6, 10],
					"texture": "#1"
				},
				"down": {
					"uv": [11.5, 6, 10, 6.375],
					"texture": "#1"
				}
			}
		},
		{
			"from": [2.7937, 19.31023, 1.87612],
			"to": [8.97743, 20.50708, 3.27244],
			"rotation": {
				"angle": -22.5,
				"axis": "x",
				"origin": [5.88557, 19.90866, 2.57428]
			},
			"faces": {
				"north": {
					"uv": [7, 4, 9, 4.375],
					"texture": "#1"
				},
				"east": {
					"uv": [10.75, 12, 11.125, 12.375],
					"texture": "#1"
				},
				"south": {
					"uv": [4.5, 7, 6.5, 7.375],
					"texture": "#1"
				},
				"west": {
					"uv": [12, 11, 12.375, 11.375],
					"texture": "#1"
				},
				"up": {
					"uv": [9, 4.875, 7, 4.5],
					"texture": "#1"
				},
				"down": {
					"uv": [9, 5, 7, 5.375],
					"texture": "#1"
				}
			}
		}
	]
}