{
	"textures": {
		"1": "animated_java:blueprint/ogurec/ogurec",
		"particle": "minecraft:item/pufferfish"
	},
	"display": {
		"head": {
			"rotation": [0, 180, 0]
		}
	},
	"elements": [
		{
			"from": [12.90708, 19.1706, 7.5811],
			"to": [14.10393, 20.36745, 13.9643],
			"rotation": {
				"angle": 0,
				"axis": "y",
				"origin": [13.50551, 19.76903, 10.7727]
			},
			"faces": {
				"north": {
					"uv": [11.5, 3.5, 11.875, 3.875],
					"texture": "#1"
				},
				"east": {
					"uv": [4, 0.5, 6, 0.875],
					"texture": "#1"
				},
				"south": {
					"uv": [11.5, 5.75, 11.875, 6.125],
					"texture": "#1"
				},
				"west": {
					"uv": [4, 1, 6, 1.375],
					"texture": "#1"
				},
				"up": {
					"uv": [4.375, 3.5, 4, 1.5],
					"texture": "#1"
				},
				"down": {
					"uv": [2.375, 4, 2, 6],
					"texture": "#1"
				}
			}
		},
		{
			"from": [8.39895, 19.1706, 12.7874],
			"to": [14.58268, 20.36745, 14.18373],
			"rotation": {
				"angle": 22.5,
				"axis": "z",
				"origin": [11.49081, 19.76903, 13.48556]
			},
			"faces": {
				"north": {
					"uv": [2.5, 4, 4.5, 4.375],
					"texture": "#1"
				},
				"east": {
					"uv": [3, 7.5, 3.5, 7.875],
					"texture": "#1"
				},
				"south": {
					"uv": [4, 3.5, 6, 3.875],
					"texture": "#1"
				},
				"west": {
					"uv": [3.5, 7.5, 4, 7.875],
					"texture": "#1"
				},
				"up": {
					"uv": [2, 0.5, 0, 0],
					"texture": "#1"
				},
				"down": {
					"uv": [2, 0.5, 0, 1],
					"texture": "#1"
				}
			}
		},
		{
			"from": [6.80315, 19.1706, 11.1916],
			"to": [12.98688, 20.36745, 12.58792],
			"rotation": {
				"angle": 0,
				"axis": "y",
				"origin": [9.89501, 19.76903, 11.88976]
			},
			"faces": {
				"north": {
					"uv": [0, 4.5, 2, 4.875],
					"texture": "#1"
				},
				"east": {
					"uv": [3, 8, 3.5, 8.375],
					"texture": "#1"
				},
				"south": {
					"uv": [4.5, 1.5, 6.5, 1.875],
					"texture": "#1"
				},
				"west": {
					"uv": [3.5, 8, 4, 8.375],
					"texture": "#1"
				},
				"up": {
					"uv": [2, 1.5, 0, 1],
					"texture": "#1"
				},
				"down": {
					"uv": [2, 1.5, 0, 2],
					"texture": "#1"
				}
			}
		},
		{
			"from": [6.48399, 19.1706, 9.65564],
			"to": [12.66771, 20.36745, 11.05197],
			"rotation": {
				"angle": 0,
				"axis": "y",
				"origin": [9.57585, 19.76903, 10.35381]
			},
			"faces": {
				"north": {
					"uv": [1, 7.5, 2.875, 7.875],
					"texture": "#1"
				},
				"east": {
					"uv": [6, 11, 6.5, 11.375],
					"texture": "#1"
				},
				"south": {
					"uv": [4.5, 7.5, 6.375, 7.875],
					"texture": "#1"
				},
				"west": {
					"uv": [7.75, 11, 8.25, 11.375],
					"texture": "#1"
				},
				"up": {
					"uv": [3.875, 2, 2, 1.5],
					"texture": "#1"
				},
				"down": {
					"uv": [3.875, 2, 2, 2.5],
					"texture": "#1"
				}
			}
		},
		{
			"from": [7.08242, 19.94855, 10.33386],
			"to": [12.06929, 21.1454, 11.5706],
			"rotation": {
				"angle": -22.5,
				"axis": "y",
				"origin": [9.57585, 20.54698, 11.03202]
			},
			"faces": {
				"north": {
					"uv": [8.5, 2.5, 10, 2.875],
					"texture": "#1"
				},
				"east": {
					"uv": [6, 11.5, 6.375, 11.875],
					"texture": "#1"
				},
				"south": {
					"uv": [3, 8.5, 4.5, 8.875],
					"texture": "#1"
				},
				"west": {
					"uv": [11.5, 6.25, 11.875, 6.625],
					"texture": "#1"
				},
				"up": {
					"uv": [10, 3.375, 8.5, 3],
					"texture": "#1"
				},
				"down": {
					"uv": [6, 8.5, 4.5, 8.875],
					"texture": "#1"
				}
			}
		},
		{
			"from": [2.69397, 20.74645, 10.25407],
			"to": [7.68084, 21.9433, 11.49081],
			"rotation": {
				"angle": -22.5,
				"axis": "y",
				"origin": [5.1874, 21.34488, 10.95223]
			},
			"faces": {
				"north": {
					"uv": [6, 8.5, 7.5, 8.875],
					"texture": "#1"
				},
				"east": {
					"uv": [11.5, 6.75, 11.875, 7.125],
					"texture": "#1"
				},
				"south": {
					"uv": [8.5, 6.5, 10, 6.875],
					"texture": "#1"
				},
				"west": {
					"uv": [11.5, 7.25, 11.875, 7.625],
					"texture": "#1"
				},
				"up": {
					"uv": [10, 7.375, 8.5, 7],
					"texture": "#1"
				},
				"down": {
					"uv": [9, 8.5, 7.5, 8.875],
					"texture": "#1"
				}
			}
		},
		{
			"from": [2.7937, 19.31023, 12.72756],
			"to": [8.97743, 20.50708, 14.12388],
			"rotation": {
				"angle": 22.5,
				"axis": "x",
				"origin": [5.88557, 19.90866, 13.42572]
			},
			"faces": {
				"north": {
					"uv": [4.5, 2, 6.5, 2.375],
					"texture": "#1"
				},
				"east": {
					"uv": [7.75, 11.5, 8.125, 11.875],
					"texture": "#1"
				},
				"south": {
					"uv": [2.5, 4.5, 4.5, 4.875],
					"texture": "#1"
				},
				"west": {
					"uv": [11.5, 7.75, 11.875, 8.125],
					"texture": "#1"
				},
				"up": {
					"uv": [6.5, 2.875, 4.5, 2.5],
					"texture": "#1"
				},
				"down": {
					"uv": [6.5, 3, 4.5, 3.375],
					"texture": "#1"
				}
			}
		}
	]
}