{
	"textures": {
		"1": "animated_java:blueprint/ogurec/ogurec",
		"particle": "minecraft:item/pufferfish"
	},
	"display": {
		"head": {
			"rotation": [0, 180, 0]
		}
	},
	"elements": [
		{
			"from": [1.63675, 19.1706, 2.0357],
			"to": [2.8336, 20.36745, 8.4189],
			"rotation": {
				"angle": 0,
				"axis": "y",
				"origin": [2.23517, 19.76903, 5.2273]
			},
			"faces": {
				"north": {
					"uv": [11.75, 10.5, 12.125, 10.875],
					"texture": "#1"
				},
				"east": {
					"uv": [2, 6.5, 4, 6.875],
					"texture": "#1"
				},
				"south": {
					"uv": [12, 0, 12.375, 0.375],
					"texture": "#1"
				},
				"west": {
					"uv": [6.5, 2, 8.5, 2.375],
					"texture": "#1"
				},
				"up": {
					"uv": [4.375, 8.5, 4, 6.5],
					"texture": "#1"
				},
				"down": {
					"uv": [6.875, 4, 6.5, 6],
					"texture": "#1"
				}
			}
		},
		{
			"from": [3.23255, 19.1706, 3.07297],
			"to": [4.4294, 20.36745, 6.62362],
			"rotation": {
				"angle": 0,
				"axis": "y",
				"origin": [3.83097, 19.76903, 5.2273]
			},
			"faces": {
				"north": {
					"uv": [12, 0.5, 12.375, 0.875],
					"texture": "#1"
				},
				"east": {
					"uv": [10.5, 5.25, 11.625, 5.625],
					"texture": "#1"
				},
				"south": {
					"uv": [1, 12, 1.375, 12.375],
					"texture": "#1"
				},
				"west": {
					"uv": [5.5, 10.5, 6.625, 10.875],
					"texture": "#1"
				},
				"up": {
					"uv": [7.125, 11.625, 6.75, 10.5],
					"texture": "#1"
				},
				"down": {
					"uv": [7.625, 10.5, 7.25, 11.625],
					"texture": "#1"
				}
			}
		},
		{
			"from": [4.96798, 19.1706, 3.07297],
			"to": [6.16483, 20.36745, 6.62362],
			"rotation": {
				"angle": 0,
				"axis": "y",
				"origin": [5.56641, 19.76903, 5.2273]
			},
			"faces": {
				"north": {
					"uv": [12, 1, 12.375, 1.375],
					"texture": "#1"
				},
				"east": {
					"uv": [7.75, 10.5, 8.875, 10.875],
					"texture": "#1"
				},
				"south": {
					"uv": [1.5, 12, 1.875, 12.375],
					"texture": "#1"
				},
				"west": {
					"uv": [10.5, 8.5, 11.625, 8.875],
					"texture": "#1"
				},
				"up": {
					"uv": [9.375, 11.625, 9, 10.5],
					"texture": "#1"
				},
				"down": {
					"uv": [9.875, 10.5, 9.5, 11.625],
					"texture": "#1"
				}
			}
		},
		{
			"from": [4.92809, 19.1706, 6.54383],
			"to": [11.11181, 20.36745, 7.94016],
			"rotation": {
				"angle": 0,
				"axis": "y",
				"origin": [8.01995, 19.76903, 7.242]
			},
			"faces": {
				"north": {
					"uv": [8, 1, 9.875, 1.375],
					"texture": "#1"
				},
				"east": {
					"uv": [11.5, 0.5, 12, 0.875],
					"texture": "#1"
				},
				"south": {
					"uv": [8, 3.5, 9.875, 3.875],
					"texture": "#1"
				},
				"west": {
					"uv": [1, 11.5, 1.5, 11.875],
					"texture": "#1"
				},
				"up": {
					"uv": [1.875, 4, 0, 3.5],
					"texture": "#1"
				},
				"down": {
					"uv": [3.875, 3.5, 2, 4],
					"texture": "#1"
				}
			}
		},
		{
			"from": [2.33491, 19.94855, 6.0252],
			"to": [7.32178, 21.1454, 7.26194],
			"rotation": {
				"angle": -22.5,
				"axis": "y",
				"origin": [4.82835, 20.54698, 6.56378]
			},
			"faces": {
				"north": {
					"uv": [4.5, 9.5, 6, 9.875],
					"texture": "#1"
				},
				"east": {
					"uv": [12, 2.5, 12.375, 2.875],
					"texture": "#1"
				},
				"south": {
					"uv": [6, 9.5, 7.5, 9.875],
					"texture": "#1"
				},
				"west": {
					"uv": [12, 3, 12.375, 3.375],
					"texture": "#1"
				},
				"up": {
					"uv": [9, 9.875, 7.5, 9.5],
					"texture": "#1"
				},
				"down": {
					"uv": [10.5, 9.5, 9, 9.875],
					"texture": "#1"
				}
			}
		},
		{
			"from": [2.33491, 19.94855, 3.77113],
			"to": [7.32178, 21.1454, 5.00787],
			"rotation": {
				"angle": -22.5,
				"axis": "y",
				"origin": [4.82835, 20.54698, 4.30971]
			},
			"faces": {
				"north": {
					"uv": [0, 10, 1.5, 10.375],
					"texture": "#1"
				},
				"east": {
					"uv": [12, 3.5, 12.375, 3.875],
					"texture": "#1"
				},
				"south": {
					"uv": [10, 0, 11.5, 0.375],
					"texture": "#1"
				},
				"west": {
					"uv": [12, 5.5, 12.375, 5.875],
					"texture": "#1"
				},
				"up": {
					"uv": [11.5, 0.875, 10, 0.5],
					"texture": "#1"
				},
				"down": {
					"uv": [11.5, 1, 10, 1.375],
					"texture": "#1"
				}
			}
		}
	]
}