{
	"textures": {
		"0": "animated_java:blueprint/ogurec/korob",
		"particle": "minecraft:item/pufferfish"
	},
	"display": {
		"head": {
			"rotation": [0, 180, 0]
		}
	},
	"elements": [
		{
			"from": [0.021, -1.08163, 10.96719],
			"to": [15.979, 14.98163, 11.9895],
			"rotation": {
				"angle": 0,
				"axis": "y",
				"origin": [8, 8, 8]
			},
			"faces": {
				"north": {
					"uv": [0, 0, 4, 3.5],
					"texture": "#0"
				},
				"east": {
					"uv": [6, 11.25, 6.25, 14.75],
					"texture": "#0"
				},
				"south": {
					"uv": [0, 3.5, 4, 7],
					"texture": "#0"
				},
				"west": {
					"uv": [6.25, 11.25, 6.5, 14.75],
					"texture": "#0"
				},
				"up": {
					"uv": [14.5, 11.25, 10.5, 11],
					"texture": "#0"
				},
				"down": {
					"uv": [4, 11.25, 0, 11.5],
					"texture": "#0"
				}
			}
		},
		{
			"from": [0.021, -1.08163, 3.03806],
			"to": [1.01837, 14.98163, 11.01706],
			"rotation": {
				"angle": 0,
				"axis": "y",
				"origin": [8, 1.01837, 7.02756]
			},
			"faces": {
				"north": {
					"uv": [6.5, 11.25, 6.75, 14.75],
					"texture": "#0"
				},
				"east": {
					"uv": [0, 7, 2, 10.5],
					"texture": "#0"
				},
				"south": {
					"uv": [6.75, 11.25, 7, 14.75],
					"texture": "#0"
				},
				"west": {
					"uv": [2, 7, 4, 10.5],
					"texture": "#0"
				},
				"up": {
					"uv": [3.75, 13.5, 3.5, 11.5],
					"texture": "#0"
				},
				"down": {
					"uv": [4, 11.5, 3.75, 13.5],
					"texture": "#0"
				}
			}
		},
		{
			"from": [0.04593, -2.079, -1.97375],
			"to": [0.99344, 13.98425, 6.00525],
			"rotation": {
				"angle": -22.5,
				"axis": "x",
				"origin": [8, 7.00263, 2.01575]
			},
			"faces": {
				"north": {
					"uv": [7, 11.25, 7.25, 14.75],
					"texture": "#0"
				},
				"east": {
					"uv": [4, 7, 6, 10.5],
					"texture": "#0"
				},
				"south": {
					"uv": [7.25, 11.25, 7.5, 14.75],
					"texture": "#0"
				},
				"west": {
					"uv": [6, 7, 8, 10.5],
					"texture": "#0"
				},
				"up": {
					"uv": [10.75, 13.5, 10.5, 11.5],
					"texture": "#0"
				},
				"down": {
					"uv": [11, 11.5, 10.75, 13.5],
					"texture": "#0"
				}
			}
		},
		{
			"from": [1.01837, -2.079, -1.97375],
			"to": [14.98163, 13.98425, -1.00131],
			"rotation": {
				"angle": -22.5,
				"axis": "x",
				"origin": [8, 7.00263, 2.01575]
			},
			"faces": {
				"north": {
					"uv": [4, 0, 7.5, 3.5],
					"texture": "#0"
				},
				"east": {
					"uv": [7.5, 11.25, 7.75, 14.75],
					"texture": "#0"
				},
				"south": {
					"uv": [4, 3.5, 7.5, 7],
					"texture": "#0"
				},
				"west": {
					"uv": [7.75, 11.25, 8, 14.75],
					"texture": "#0"
				},
				"up": {
					"uv": [14, 11.5, 10.5, 11.25],
					"texture": "#0"
				},
				"down": {
					"uv": [3.5, 11.5, 0, 11.75],
					"texture": "#0"
				}
			}
		},
		{
			"from": [1.01837, 1.01837, 7.02756],
			"to": [14.98163, 4.75853, 11.01706],
			"rotation": {
				"angle": 0,
				"axis": "y",
				"origin": [8, 1.01837, 7.02756]
			},
			"faces": {
				"north": {
					"uv": [10, 7, 13.5, 8],
					"texture": "#0"
				},
				"east": {
					"uv": [4, 11.25, 5, 12.25],
					"texture": "#0"
				},
				"south": {
					"uv": [10, 8, 13.5, 9],
					"texture": "#0"
				},
				"west": {
					"uv": [5, 11.25, 6, 12.25],
					"texture": "#0"
				},
				"up": {
					"uv": [13.5, 10, 10, 9],
					"texture": "#0"
				},
				"down": {
					"uv": [13.5, 10, 10, 11],
					"texture": "#0"
				}
			}
		},
		{
			"from": [15.00656, -2.079, -1.97375],
			"to": [15.95407, 13.98425, 6.00525],
			"rotation": {
				"angle": -22.5,
				"axis": "x",
				"origin": [8, 7.00263, 2.01575]
			},
			"faces": {
				"north": {
					"uv": [8, 11.25, 8.25, 14.75],
					"texture": "#0"
				},
				"east": {
					"uv": [7.5, 0, 9.5, 3.5],
					"texture": "#0"
				},
				"south": {
					"uv": [8.25, 11.25, 8.5, 14.75],
					"texture": "#0"
				},
				"west": {
					"uv": [7.5, 3.375, 9.5, 6.875],
					"texture": "#0"
				},
				"up": {
					"uv": [11.25, 13.5, 11, 11.5],
					"texture": "#0"
				},
				"down": {
					"uv": [11.5, 11.5, 11.25, 13.5],
					"texture": "#0"
				}
			}
		},
		{
			"from": [14.98163, -1.08163, 3.03806],
			"to": [15.979, 14.98163, 11.01706],
			"rotation": {
				"angle": 0,
				"axis": "y",
				"origin": [8, 1.01837, 7.02756]
			},
			"faces": {
				"north": {
					"uv": [8.5, 11.25, 8.75, 14.75],
					"texture": "#0"
				},
				"east": {
					"uv": [8, 7, 10, 10.5],
					"texture": "#0"
				},
				"south": {
					"uv": [11.5, 0, 11.75, 3.5],
					"texture": "#0"
				},
				"west": {
					"uv": [9.5, 0, 11.5, 3.5],
					"texture": "#0"
				},
				"up": {
					"uv": [11.75, 13.5, 11.5, 11.5],
					"texture": "#0"
				},
				"down": {
					"uv": [0.25, 11.75, 0, 13.75],
					"texture": "#0"
				}
			}
		},
		{
			"from": [1.01837, 0.021, -1.00131],
			"to": [14.98163, 3.01312, 6.00525],
			"rotation": {
				"angle": -22.5,
				"axis": "x",
				"origin": [8, 7.00263, 2.01575]
			},
			"faces": {
				"north": {
					"uv": [0, 10.5, 3.5, 11.25],
					"texture": "#0"
				},
				"east": {
					"uv": [7, 10.5, 8.75, 11.25],
					"texture": "#0"
				},
				"south": {
					"uv": [3.5, 10.5, 7, 11.25],
					"texture": "#0"
				},
				"west": {
					"uv": [8.75, 11, 10.5, 11.75],
					"texture": "#0"
				},
				"up": {
					"uv": [13, 5.25, 9.5, 3.5],
					"texture": "#0"
				},
				"down": {
					"uv": [13, 5.25, 9.5, 7],
					"texture": "#0"
				}
			}
		}
	]
}