{
	"textures": {
		"1": "animated_java:blueprint/ogurec/ogurec",
		"particle": "minecraft:item/pufferfish"
	},
	"display": {
		"head": {
			"rotation": [0, 180, 0]
		}
	},
	"elements": [
		{
			"from": [1.63675, 19.1706, 2.0357],
			"to": [2.8336, 20.36745, 8.4189],
			"rotation": {
				"angle": 0,
				"axis": "y",
				"origin": [2.23517, 19.76903, 5.2273]
			},
			"faces": {
				"north": {
					"uv": [11.25, 12, 11.625, 12.375],
					"texture": "#1"
				},
				"east": {
					"uv": [7, 5.5, 9, 5.875],
					"texture": "#1"
				},
				"south": {
					"uv": [12, 11.5, 12.375, 11.875],
					"texture": "#1"
				},
				"west": {
					"uv": [6.5, 7, 8.5, 7.375],
					"texture": "#1"
				},
				"up": {
					"uv": [0.375, 9.5, 0, 7.5],
					"texture": "#1"
				},
				"down": {
					"uv": [0.875, 7.5, 0.5, 9.5],
					"texture": "#1"
				}
			}
		},
		{
			"from": [3.23255, 19.1706, 3.07297],
			"to": [4.4294, 20.36745, 6.62362],
			"rotation": {
				"angle": 0,
				"axis": "y",
				"origin": [3.83097, 19.76903, 5.2273]
			},
			"faces": {
				"north": {
					"uv": [11.75, 12, 12.125, 12.375],
					"texture": "#1"
				},
				"east": {
					"uv": [10.5, 10, 11.625, 10.375],
					"texture": "#1"
				},
				"south": {
					"uv": [0, 12.25, 0.375, 12.625],
					"texture": "#1"
				},
				"west": {
					"uv": [1, 11, 2.125, 11.375],
					"texture": "#1"
				},
				"up": {
					"uv": [2.625, 12.125, 2.25, 11],
					"texture": "#1"
				},
				"down": {
					"uv": [4.125, 11, 3.75, 12.125],
					"texture": "#1"
				}
			}
		},
		{
			"from": [4.96798, 19.1706, 3.07297],
			"to": [6.16483, 20.36745, 6.62362],
			"rotation": {
				"angle": 0,
				"axis": "y",
				"origin": [5.56641, 19.76903, 5.2273]
			},
			"faces": {
				"north": {
					"uv": [0.5, 12.25, 0.875, 12.625],
					"texture": "#1"
				},
				"east": {
					"uv": [11, 4, 12.125, 4.375],
					"texture": "#1"
				},
				"south": {
					"uv": [12.25, 1.5, 12.625, 1.875],
					"texture": "#1"
				},
				"west": {
					"uv": [11, 4.5, 12.125, 4.875],
					"texture": "#1"
				},
				"up": {
					"uv": [4.625, 12.125, 4.25, 11],
					"texture": "#1"
				},
				"down": {
					"uv": [5.875, 11, 5.5, 12.125],
					"texture": "#1"
				}
			}
		},
		{
			"from": [4.92809, 19.1706, 6.54383],
			"to": [11.11181, 20.36745, 7.94016],
			"rotation": {
				"angle": 0,
				"axis": "y",
				"origin": [8.01995, 19.76903, 7.24199]
			},
			"faces": {
				"north": {
					"uv": [8.5, 1.5, 10.375, 1.875],
					"texture": "#1"
				},
				"east": {
					"uv": [11.5, 2.5, 12, 2.875],
					"texture": "#1"
				},
				"south": {
					"uv": [8.5, 2, 10.375, 2.375],
					"texture": "#1"
				},
				"west": {
					"uv": [11.5, 3, 12, 3.375],
					"texture": "#1"
				},
				"up": {
					"uv": [1.875, 4.5, 0, 4],
					"texture": "#1"
				},
				"down": {
					"uv": [5.875, 0, 4, 0.5],
					"texture": "#1"
				}
			}
		},
		{
			"from": [2.33491, 19.94855, 6.0252],
			"to": [7.32178, 21.1454, 7.26194],
			"rotation": {
				"angle": -22.5,
				"axis": "y",
				"origin": [4.82835, 20.54698, 6.56378]
			},
			"faces": {
				"north": {
					"uv": [10, 6.5, 11.5, 6.875],
					"texture": "#1"
				},
				"east": {
					"uv": [2, 12.25, 2.375, 12.625],
					"texture": "#1"
				},
				"south": {
					"uv": [10, 7, 11.5, 7.375],
					"texture": "#1"
				},
				"west": {
					"uv": [12.25, 2, 12.625, 2.375],
					"texture": "#1"
				},
				"up": {
					"uv": [9, 10.375, 7.5, 10],
					"texture": "#1"
				},
				"down": {
					"uv": [11.5, 7.5, 10, 7.875],
					"texture": "#1"
				}
			}
		},
		{
			"from": [2.33491, 19.94855, 3.77113],
			"to": [7.32178, 21.1454, 5.00788],
			"rotation": {
				"angle": -22.5,
				"axis": "y",
				"origin": [4.82835, 20.54698, 4.30971]
			},
			"faces": {
				"north": {
					"uv": [10, 8, 11.5, 8.375],
					"texture": "#1"
				},
				"east": {
					"uv": [2.5, 12.25, 2.875, 12.625],
					"texture": "#1"
				},
				"south": {
					"uv": [9, 10, 10.5, 10.375],
					"texture": "#1"
				},
				"west": {
					"uv": [3, 12.25, 3.375, 12.625],
					"texture": "#1"
				},
				"up": {
					"uv": [11.5, 9.375, 10, 9],
					"texture": "#1"
				},
				"down": {
					"uv": [1.5, 10.5, 0, 10.875],
					"texture": "#1"
				}
			}
		}
	]
}