{
	"textures": {
		"1": "animated_java:blueprint/ogurec/ogurec",
		"particle": "minecraft:item/pufferfish"
	},
	"display": {
		"head": {
			"rotation": [0, 180, 0]
		}
	},
	"elements": [
		{
			"from": [13.1664, 19.1706, 2.0357],
			"to": [14.36325, 20.36745, 8.4189],
			"rotation": {
				"angle": 0,
				"axis": "y",
				"origin": [13.76483, 19.76903, 5.2273]
			},
			"faces": {
				"north": {
					"uv": [3.25, 11.75, 3.625, 12.125],
					"texture": "#1"
				},
				"east": {
					"uv": [2.5, 5, 4.5, 5.375],
					"texture": "#1"
				},
				"south": {
					"uv": [4.75, 11.75, 5.125, 12.125],
					"texture": "#1"
				},
				"west": {
					"uv": [4.5, 5, 6.5, 5.375],
					"texture": "#1"
				},
				"up": {
					"uv": [1.375, 7, 1, 5],
					"texture": "#1"
				},
				"down": {
					"uv": [1.875, 5, 1.5, 7],
					"texture": "#1"
				}
			}
		},
		{
			"from": [8.39895, 19.1706, 1.81627],
			"to": [14.58268, 20.36745, 3.2126],
			"rotation": {
				"angle": 22.5,
				"axis": "z",
				"origin": [11.49081, 19.76903, 2.51444]
			},
			"faces": {
				"north": {
					"uv": [2.5, 5.5, 4.5, 5.875],
					"texture": "#1"
				},
				"east": {
					"uv": [10.5, 11, 11, 11.375],
					"texture": "#1"
				},
				"south": {
					"uv": [4.5, 5.5, 6.5, 5.875],
					"texture": "#1"
				},
				"west": {
					"uv": [11, 11, 11.5, 11.375],
					"texture": "#1"
				},
				"up": {
					"uv": [2, 2.5, 0, 2],
					"texture": "#1"
				},
				"down": {
					"uv": [4, 0, 2, 0.5],
					"texture": "#1"
				}
			}
		},
		{
			"from": [6.80315, 19.1706, 3.41208],
			"to": [12.98688, 20.36745, 4.8084],
			"rotation": {
				"angle": 0,
				"axis": "y",
				"origin": [9.89501, 19.76903, 4.11024]
			},
			"faces": {
				"north": {
					"uv": [6, 0, 8, 0.375],
					"texture": "#1"
				},
				"east": {
					"uv": [11.75, 5, 12.125, 5.375],
					"texture": "#1"
				},
				"south": {
					"uv": [6, 0.5, 8, 0.875],
					"texture": "#1"
				},
				"west": {
					"uv": [6.5, 11.75, 6.875, 12.125],
					"texture": "#1"
				},
				"up": {
					"uv": [8, 1.375, 6, 1],
					"texture": "#1"
				},
				"down": {
					"uv": [4, 6, 2, 6.375],
					"texture": "#1"
				}
			}
		},
		{
			"from": [6.48399, 19.1706, 4.94803],
			"to": [12.66771, 20.36745, 6.34436],
			"rotation": {
				"angle": 0,
				"axis": "y",
				"origin": [9.57585, 19.76903, 5.6462]
			},
			"faces": {
				"north": {
					"uv": [8, 0.5, 9.875, 0.875],
					"texture": "#1"
				},
				"east": {
					"uv": [11.25, 10.5, 11.75, 10.875],
					"texture": "#1"
				},
				"south": {
					"uv": [1, 8, 2.875, 8.375],
					"texture": "#1"
				},
				"west": {
					"uv": [11.5, 0, 12, 0.375],
					"texture": "#1"
				},
				"up": {
					"uv": [1.875, 3.5, 0, 3],
					"texture": "#1"
				},
				"down": {
					"uv": [3.875, 3, 2, 3.5],
					"texture": "#1"
				}
			}
		},
		{
			"from": [7.08242, 19.94855, 4.4294],
			"to": [12.06929, 21.1454, 5.66614],
			"rotation": {
				"angle": 22.5,
				"axis": "y",
				"origin": [9.57585, 20.54698, 4.96798]
			},
			"faces": {
				"north": {
					"uv": [5.5, 9, 7, 9.375],
					"texture": "#1"
				},
				"east": {
					"uv": [7, 11.75, 7.375, 12.125],
					"texture": "#1"
				},
				"south": {
					"uv": [9, 5.5, 10.5, 5.875],
					"texture": "#1"
				},
				"west": {
					"uv": [11.75, 8.25, 12.125, 8.625],
					"texture": "#1"
				},
				"up": {
					"uv": [8.5, 9.375, 7, 9],
					"texture": "#1"
				},
				"down": {
					"uv": [10, 9, 8.5, 9.375],
					"texture": "#1"
				}
			}
		},
		{
			"from": [2.69397, 20.74645, 4.50919],
			"to": [7.68084, 21.9433, 5.74593],
			"rotation": {
				"angle": 22.5,
				"axis": "y",
				"origin": [5.1874, 21.34488, 5.04777]
			},
			"faces": {
				"north": {
					"uv": [9, 8.5, 10.5, 8.875],
					"texture": "#1"
				},
				"east": {
					"uv": [8.75, 11.75, 9.125, 12.125],
					"texture": "#1"
				},
				"south": {
					"uv": [0, 9.5, 1.5, 9.875],
					"texture": "#1"
				},
				"west": {
					"uv": [9.25, 11.75, 9.625, 12.125],
					"texture": "#1"
				},
				"up": {
					"uv": [3, 9.875, 1.5, 9.5],
					"texture": "#1"
				},
				"down": {
					"uv": [4.5, 9.5, 3, 9.875],
					"texture": "#1"
				}
			}
		},
		{
			"from": [2.7937, 19.31023, 1.87612],
			"to": [8.97743, 20.50708, 3.27244],
			"rotation": {
				"angle": -22.5,
				"axis": "x",
				"origin": [5.88557, 19.90866, 2.57428]
			},
			"faces": {
				"north": {
					"uv": [6, 3.5, 8, 3.875],
					"texture": "#1"
				},
				"east": {
					"uv": [11.75, 9.5, 12.125, 9.875],
					"texture": "#1"
				},
				"south": {
					"uv": [4, 6, 6, 6.375],
					"texture": "#1"
				},
				"west": {
					"uv": [11.75, 10, 12.125, 10.375],
					"texture": "#1"
				},
				"up": {
					"uv": [8, 6.375, 6, 6],
					"texture": "#1"
				},
				"down": {
					"uv": [8.5, 1.5, 6.5, 1.875],
					"texture": "#1"
				}
			}
		}
	]
}