{
	"textures": {
		"1": "animated_java:blueprint/ogurec/ogurec",
		"particle": "minecraft:item/pufferfish"
	},
	"display": {
		"head": {
			"rotation": [0, 180, 0]
		}
	},
	"elements": [
		{
			"from": [1.01837, 8, 2.14042],
			"to": [14.98163, 10.19423, 8.99738],
			"rotation": {
				"angle": 0,
				"axis": "y",
				"origin": [8, 8, 8]
			},
			"faces": {
				"north": {
					"uv": [2, 12.625, 16, 16],
					"texture": "#1"
				},
				"east": {
					"uv": [2, 12.625, 16, 16],
					"texture": "#1"
				},
				"south": {
					"uv": [2, 12.625, 16, 16],
					"texture": "#1"
				},
				"west": {
					"uv": [2, 12.625, 16, 16],
					"texture": "#1"
				},
				"up": {
					"uv": [2, 12.625, 16, 16],
					"texture": "#1"
				},
				"down": {
					"uv": [2, 12.625, 16, 16],
					"texture": "#1"
				}
			}
		},
		{
			"from": [1.01837, 6.77822, -5.10551],
			"to": [14.98163, 8.77297, 3.01313],
			"rotation": {
				"angle": -22.5,
				"axis": "x",
				"origin": [8, 7.77559, -0.97637]
			},
			"faces": {
				"north": {
					"uv": [0, 12.625, 14, 16],
					"texture": "#1"
				},
				"east": {
					"uv": [0, 12.625, 14, 16],
					"texture": "#1"
				},
				"south": {
					"uv": [0, 12.625, 14, 16],
					"texture": "#1"
				},
				"west": {
					"uv": [0, 12.625, 14, 16],
					"texture": "#1"
				},
				"up": {
					"uv": [0, 12.625, 14, 16],
					"texture": "#1"
				},
				"down": {
					"uv": [0, 12.625, 14, 16],
					"texture": "#1"
				}
			}
		}
	]
}