{
	"textures": {
		"1": "animated_java:blueprint/ogurec/ogurec",
		"particle": "minecraft:item/pufferfish"
	},
	"display": {
		"head": {
			"rotation": [0, 180, 0]
		}
	},
	"elements": [
		{
			"from": [1.63675, 19.1706, 7.5811],
			"to": [2.8336, 20.36745, 13.9643],
			"rotation": {
				"angle": 0,
				"axis": "y",
				"origin": [2.23517, 19.76903, 10.7727]
			},
			"faces": {
				"north": {
					"uv": [8.25, 11.5, 8.625, 11.875],
					"texture": "#1"
				},
				"east": {
					"uv": [4.5, 4, 6.5, 4.375],
					"texture": "#1"
				},
				"south": {
					"uv": [11.5, 9, 11.875, 9.375],
					"texture": "#1"
				},
				"west": {
					"uv": [4.5, 4.5, 6.5, 4.875],
					"texture": "#1"
				},
				"up": {
					"uv": [0.375, 7, 0, 5],
					"texture": "#1"
				},
				"down": {
					"uv": [0.875, 5, 0.5, 7],
					"texture": "#1"
				}
			}
		},
		{
			"from": [3.23255, 19.1706, 9.37638],
			"to": [4.4294, 20.36745, 12.92703],
			"rotation": {
				"angle": 0,
				"axis": "y",
				"origin": [3.83097, 19.76903, 10.7727]
			},
			"faces": {
				"north": {
					"uv": [10, 11.5, 10.375, 11.875],
					"texture": "#1"
				},
				"east": {
					"uv": [1.5, 10.5, 2.625, 10.875],
					"texture": "#1"
				},
				"south": {
					"uv": [10.5, 11.5, 10.875, 11.875],
					"texture": "#1"
				},
				"west": {
					"uv": [10.5, 1.5, 11.625, 1.875],
					"texture": "#1"
				},
				"up": {
					"uv": [3.125, 11.625, 2.75, 10.5],
					"texture": "#1"
				},
				"down": {
					"uv": [3.625, 10.5, 3.25, 11.625],
					"texture": "#1"
				}
			}
		},
		{
			"from": [4.96798, 19.1706, 9.37638],
			"to": [6.16483, 20.36745, 12.92703],
			"rotation": {
				"angle": 0,
				"axis": "y",
				"origin": [5.56641, 19.76903, 10.7727]
			},
			"faces": {
				"north": {
					"uv": [11, 11.5, 11.375, 11.875],
					"texture": "#1"
				},
				"east": {
					"uv": [10.5, 2, 11.625, 2.375],
					"texture": "#1"
				},
				"south": {
					"uv": [11.5, 11, 11.875, 11.375],
					"texture": "#1"
				},
				"west": {
					"uv": [3.75, 10.5, 4.875, 10.875],
					"texture": "#1"
				},
				"up": {
					"uv": [10.875, 5.125, 10.5, 4],
					"texture": "#1"
				},
				"down": {
					"uv": [5.375, 10.5, 5, 11.625],
					"texture": "#1"
				}
			}
		},
		{
			"from": [6.52389, 19.1706, 8.05984],
			"to": [12.70761, 20.36745, 9.45617],
			"rotation": {
				"angle": 0,
				"axis": "y",
				"origin": [9.61575, 19.76903, 8.75801]
			},
			"faces": {
				"north": {
					"uv": [6.5, 7.5, 8.375, 7.875],
					"texture": "#1"
				},
				"east": {
					"uv": [8.25, 11, 8.75, 11.375],
					"texture": "#1"
				},
				"south": {
					"uv": [8, 0, 9.875, 0.375],
					"texture": "#1"
				},
				"west": {
					"uv": [10, 11, 10.5, 11.375],
					"texture": "#1"
				},
				"up": {
					"uv": [1.875, 3, 0, 2.5],
					"texture": "#1"
				},
				"down": {
					"uv": [3.875, 2.5, 2, 3],
					"texture": "#1"
				}
			}
		},
		{
			"from": [2.33491, 19.94855, 8.73806],
			"to": [7.32178, 21.1454, 9.9748],
			"rotation": {
				"angle": 22.5,
				"axis": "y",
				"origin": [4.82835, 20.54698, 9.43622]
			},
			"faces": {
				"north": {
					"uv": [8.5, 7.5, 10, 7.875],
					"texture": "#1"
				},
				"east": {
					"uv": [11.5, 11.5, 11.875, 11.875],
					"texture": "#1"
				},
				"south": {
					"uv": [8.5, 8, 10, 8.375],
					"texture": "#1"
				},
				"west": {
					"uv": [11.75, 1.5, 12.125, 1.875],
					"texture": "#1"
				},
				"up": {
					"uv": [2.5, 9.375, 1, 9],
					"texture": "#1"
				},
				"down": {
					"uv": [4, 9, 2.5, 9.375],
					"texture": "#1"
				}
			}
		},
		{
			"from": [2.33491, 19.94855, 10.99213],
			"to": [7.32178, 21.1454, 12.22887],
			"rotation": {
				"angle": 22.5,
				"axis": "y",
				"origin": [4.82835, 20.54698, 11.69029]
			},
			"faces": {
				"north": {
					"uv": [4, 9, 5.5, 9.375],
					"texture": "#1"
				},
				"east": {
					"uv": [11.75, 2, 12.125, 2.375],
					"texture": "#1"
				},
				"south": {
					"uv": [9, 4, 10.5, 4.375],
					"texture": "#1"
				},
				"west": {
					"uv": [2.75, 11.75, 3.125, 12.125],
					"texture": "#1"
				},
				"up": {
					"uv": [10.5, 4.875, 9, 4.5],
					"texture": "#1"
				},
				"down": {
					"uv": [10.5, 5, 9, 5.375],
					"texture": "#1"
				}
			}
		}
	]
}