{
	"format_version": "1.21.6",
	"credit": "Made with Blockbench",
	"texture_size": [64, 32],
	"textures": {
		"0": "item/bedside_table_spruce"
	},
	"elements": [
		{
			"name": "counter",
			"from": [2, 15, 0],
			"to": [30, 16, 16],
			"rotation": {"angle": 0, "axis": "y", "origin": [9.5, 15, 8]},
			"faces": {
				"north": {"uv": [4, 8, 0, 8.5], "texture": "#0"},
				"east": {"uv": [0, 8, 4, 8.5], "texture": "#0"},
				"south": {"uv": [0, 8, 4, 8.5], "texture": "#0"},
				"west": {"uv": [4, 8, 0, 8.5], "texture": "#0"},
				"up": {"uv": [0, 0, 4, 8], "texture": "#0"},
				"down": {"uv": [4, 0, 0, 8], "texture": "#0"}
			}
		},
		{
			"name": "case_back",
			"from": [3.5, 3, 1],
			"to": [15.5, 15, 2],
			"rotation": {"angle": 0, "axis": "y", "origin": [9.5, 15, 7.5]},
			"faces": {
				"north": {"uv": [4.5, 0, 7.5, 6], "texture": "#0"},
				"east": {"uv": [4.75, 0, 5, 6], "texture": "#0"},
				"south": {"uv": [4.5, 0, 7.5, 6], "texture": "#0"},
				"west": {"uv": [4.75, 0, 5, 6], "texture": "#0"},
				"up": {"uv": [3.375, 7.5, 0.375, 8], "texture": "#0"},
				"down": {"uv": [3.375, 7.5, 0.375, 8], "texture": "#0"}
			}
		},
		{
			"name": "case_side",
			"from": [15.50736, 3, 1.75736],
			"to": [16.50736, 15, 13.75736],
			"rotation": {"angle": 0, "axis": "y", "origin": [16.00736, 9, 7.75736]},
			"faces": {
				"north": {"uv": [0.125, 0.25, 0.375, 6.25], "texture": "#0"},
				"east": {"uv": [4.5, 0, 7.5, 6], "texture": "#0"},
				"south": {"uv": [0.125, 0.25, 0.375, 6.25], "texture": "#0"},
				"west": {"uv": [4.5, 0, 7.5, 6], "texture": "#0"},
				"up": {"uv": [3.375, 8, 0.375, 7.5], "rotation": 270, "texture": "#0"},
				"down": {"uv": [3.375, 8, 0.375, 7.5], "rotation": 90, "texture": "#0"}
			}
		},
		{
			"name": "case_side",
			"from": [2.50736, 3, 1.75736],
			"to": [3.50736, 15, 13.75736],
			"rotation": {"angle": 0, "axis": "y", "origin": [3.00736, 9, 7.75736]},
			"faces": {
				"north": {"uv": [0.125, 0.25, 0.375, 6.25], "texture": "#0"},
				"east": {"uv": [4.5, 0, 7.5, 6], "texture": "#0"},
				"south": {"uv": [0.125, 0.25, 0.375, 6.25], "texture": "#0"},
				"west": {"uv": [4.5, 0, 7.5, 6], "texture": "#0"},
				"up": {"uv": [3.375, 8, 0.375, 7.5], "rotation": 270, "texture": "#0"},
				"down": {"uv": [3.375, 8, 0.375, 7.5], "rotation": 90, "texture": "#0"}
			}
		},
		{
			"name": "case_bottom",
			"from": [3.5, 3, 2],
			"to": [15.5, 4, 13.5],
			"rotation": {"angle": 0, "axis": "y", "origin": [9.5, 15, 8]},
			"faces": {
				"north": {"uv": [0.125, 0.25, 3.125, 0.75], "texture": "#0"},
				"east": {"uv": [0.25, 0.25, 3.125, 0.75], "texture": "#0"},
				"south": {"uv": [0.125, 0.25, 3.125, 0.75], "texture": "#0"},
				"west": {"uv": [0.25, 0.25, 3.125, 0.75], "texture": "#0"},
				"up": {"uv": [3.125, 6, 0.125, 0.25], "texture": "#0"},
				"down": {"uv": [3.125, 0.25, 0.125, 6], "texture": "#0"}
			}
		},
		{
			"name": "case_front",
			"from": [4, 3, 13.5],
			"to": [15, 15, 14.5],
			"rotation": {"angle": 0, "axis": "y", "origin": [9.5, 15, 8]},
			"faces": {
				"north": {"uv": [4.5, 6, 7.25, 12], "texture": "#0"},
				"east": {"uv": [4.75, 0, 5, 6], "texture": "#0"},
				"south": {"uv": [4.5, 6, 7.25, 12], "texture": "#0"},
				"west": {"uv": [4.75, 0, 5, 6], "texture": "#0"},
				"up": {"uv": [3.125, 8, 0.375, 7.5], "texture": "#0"},
				"down": {"uv": [3.125, 8, 0.375, 7.5], "texture": "#0"}
			}
		},
		{
			"name": "leg_1",
			"from": [2, 0, 13.5],
			"to": [4, 15, 15.5],
			"rotation": {"angle": 0, "axis": "y", "origin": [3.5, 15, 15]},
			"faces": {
				"north": {"uv": [4, 0, 4.5, 7.5], "texture": "#0"},
				"east": {"uv": [4.5, 0, 4, 7.5], "texture": "#0"},
				"south": {"uv": [4, 0, 4.5, 7.5], "texture": "#0"},
				"west": {"uv": [4, 0, 4.5, 7.5], "texture": "#0"},
				"up": {"uv": [4.5, 8.5, 4, 7.5], "texture": "#0"},
				"down": {"uv": [4.5, 7.5, 4, 8.5], "texture": "#0"}
			}
		},
		{
			"name": "leg_2",
			"from": [2, 0, 0.5],
			"to": [4, 15, 2.5],
			"rotation": {"angle": 0, "axis": "y", "origin": [3.5, 15, 2]},
			"faces": {
				"north": {"uv": [4, 0, 4.5, 7.5], "texture": "#0"},
				"east": {"uv": [4.5, 0, 4, 7.5], "texture": "#0"},
				"south": {"uv": [4, 0, 4.5, 7.5], "texture": "#0"},
				"west": {"uv": [4, 0, 4.5, 7.5], "texture": "#0"},
				"up": {"uv": [4.5, 8.5, 4, 7.5], "texture": "#0"},
				"down": {"uv": [4.5, 7.5, 4, 8.5], "texture": "#0"}
			}
		},
		{
			"name": "front",
			"from": [4.5, 10, 14.5],
			"to": [14.5, 14, 15.5],
			"rotation": {"angle": 0, "axis": "y", "origin": [9.5, 12, 14.5]},
			"faces": {
				"north": {"uv": [7.5, 0, 10, 2], "texture": "#0"},
				"east": {"uv": [10, 0, 10.25, 2], "texture": "#0"},
				"south": {"uv": [10, 0, 7.5, 2], "texture": "#0"},
				"west": {"uv": [10.25, 0, 10, 2], "texture": "#0"},
				"up": {"uv": [2.875, 8, 0.375, 7.5], "texture": "#0"},
				"down": {"uv": [2.875, 7.5, 0.375, 8], "texture": "#0"}
			}
		},
		{
			"name": "bottom",
			"from": [4.5, 10, 5.5],
			"to": [14.5, 10.5, 14.5],
			"rotation": {"angle": 0, "axis": "y", "origin": [9.5, 12, 13.5]},
			"faces": {
				"north": {"uv": [7.5, 4.25, 10, 4.5], "texture": "#0"},
				"east": {"uv": [7.625, 4.25, 9.875, 4.5], "texture": "#0"},
				"south": {"uv": [7.5, 4.25, 10, 4.5], "texture": "#0"},
				"west": {"uv": [7.625, 4.25, 9.875, 4.5], "texture": "#0"},
				"up": {"uv": [10, 9, 7.5, 4.5], "texture": "#0"},
				"down": {"uv": [10, 4.5, 7.5, 9], "texture": "#0"}
			}
		},
		{
			"name": "side",
			"from": [14, 10.5, 5.5],
			"to": [14.5, 13.5, 14.5],
			"rotation": {"angle": 0, "axis": "y", "origin": [9.5, 12.5, 13.5]},
			"faces": {
				"north": {"uv": [2.125, 8.5, 2.25, 10], "texture": "#0"},
				"east": {"uv": [2.25, 8.5, 0, 10], "texture": "#0"},
				"south": {"uv": [2.125, 8.5, 2.25, 10], "texture": "#0"},
				"west": {"uv": [2.25, 8.5, 0, 10], "texture": "#0"},
				"up": {"uv": [7.625, 9, 7.5, 4.5], "texture": "#0"},
				"down": {"uv": [10, 4.5, 9.875, 9], "texture": "#0"}
			}
		},
		{
			"name": "side",
			"from": [4.5, 10.5, 5.5],
			"to": [5, 13.5, 14.5],
			"rotation": {"angle": 0, "axis": "y", "origin": [9.5, 12.5, 13.5]},
			"faces": {
				"north": {"uv": [2.25, 8.5, 2.125, 10], "texture": "#0"},
				"east": {"uv": [0, 8.5, 2.25, 10], "texture": "#0"},
				"south": {"uv": [2.25, 8.5, 2.125, 10], "texture": "#0"},
				"west": {"uv": [2.25, 8.5, 0, 10], "texture": "#0"},
				"up": {"uv": [7.5, 9, 7.625, 4.5], "texture": "#0"},
				"down": {"uv": [9.875, 4.5, 10, 9], "texture": "#0"}
			}
		},
		{
			"name": "back",
			"from": [5, 10.5, 5.5],
			"to": [14, 13.5, 6],
			"rotation": {"angle": 0, "axis": "y", "origin": [9, 12.5, 13.5]},
			"faces": {
				"north": {"uv": [0.125, 0.25, 2.375, 1.75], "texture": "#0"},
				"east": {"uv": [2.25, 0.25, 2.375, 1.75], "texture": "#0"},
				"south": {"uv": [0.125, 0.25, 2.375, 1.75], "texture": "#0"},
				"west": {"uv": [2.25, 0.25, 2.375, 1.75], "texture": "#0"},
				"up": {"uv": [2.375, 1.75, 0.125, 1.5], "texture": "#0"},
				"down": {"uv": [2.375, 1.5, 0.125, 1.75], "texture": "#0"}
			}
		},
		{
			"name": "handle_side",
			"from": [11, 11.75, 15.5],
			"to": [11.5, 12.75, 16.5],
			"rotation": {"angle": 0, "axis": "y", "origin": [9.5, 12.5, 15]},
			"faces": {
				"north": {"uv": [12.875, 0.5, 12.75, 1], "texture": "#0"},
				"east": {"uv": [12.75, 0.5, 12.5, 1], "texture": "#0"},
				"south": {"uv": [12.875, 0.5, 12.75, 1], "texture": "#0"},
				"west": {"uv": [12.75, 0.5, 12.5, 1], "texture": "#0"},
				"up": {"uv": [12.875, 1, 12.75, 0.5], "texture": "#0"},
				"down": {"uv": [12.75, 0.5, 12.875, 1], "texture": "#0"}
			}
		},
		{
			"name": "handle_center",
			"from": [8, 11.75, 16],
			"to": [11, 12.75, 16.5],
			"rotation": {"angle": 0, "axis": "y", "origin": [9.5, 12.5, 15]},
			"faces": {
				"north": {"uv": [12.5, 0, 13.25, 0.5], "texture": "#0"},
				"east": {"uv": [13.25, 0, 13.375, 0.5], "texture": "#0"},
				"south": {"uv": [12.5, 0, 13.25, 0.5], "texture": "#0"},
				"west": {"uv": [13.25, 0, 13.375, 0.5], "texture": "#0"},
				"up": {"uv": [12.5, 0.25, 13.25, 0], "texture": "#0"},
				"down": {"uv": [13.25, 0.25, 12.5, 0.5], "texture": "#0"}
			}
		},
		{
			"name": "handle_side",
			"from": [7.5, 11.75, 15.5],
			"to": [8, 12.75, 16.5],
			"rotation": {"angle": 0, "axis": "y", "origin": [9.5, 12.5, 15]},
			"faces": {
				"north": {"uv": [12.75, 0.5, 12.875, 1], "texture": "#0"},
				"east": {"uv": [12.5, 0.5, 12.75, 1], "texture": "#0"},
				"south": {"uv": [12.75, 0.5, 12.875, 1], "texture": "#0"},
				"west": {"uv": [12.5, 0.5, 12.75, 1], "texture": "#0"},
				"up": {"uv": [12.75, 1, 12.875, 0.5], "texture": "#0"},
				"down": {"uv": [12.875, 0.5, 12.75, 1], "texture": "#0"}
			}
		},
		{
			"name": "octagon",
			"from": [10.75, 10.5, 8.02868],
			"to": [13.75, 12.5, 9.27132],
			"rotation": {"angle": 45, "axis": "y", "origin": [12.25, 11.5, 8.65]},
			"faces": {
				"north": {"uv": [12.5, 1.75, 13.25, 2.75], "texture": "#0"},
				"east": {"uv": [13.25, 1.25, 13.5, 2.25], "texture": "#0"},
				"south": {"uv": [12.5, 1.75, 13.25, 2.75], "texture": "#0"},
				"west": {"uv": [13.25, 1.25, 13.5, 2.25], "texture": "#0"},
				"up": {"uv": [12.5, 1.25, 13.25, 1.75], "texture": "#0"},
				"down": {"uv": [12.5, 2.75, 13.25, 3.25], "texture": "#0"}
			}
		},
		{
			"name": "octagon",
			"from": [10.75, 10.5, 8.02868],
			"to": [13.75, 12.5, 9.27132],
			"rotation": {"angle": 0, "axis": "y", "origin": [12.25, 11.5, 8.65]},
			"faces": {
				"north": {"uv": [12.5, 1.75, 13.25, 2.75], "texture": "#0"},
				"east": {"uv": [13.25, 1.25, 13.5, 2.25], "texture": "#0"},
				"south": {"uv": [12.5, 1.75, 13.25, 2.75], "texture": "#0"},
				"west": {"uv": [13.25, 1.25, 13.5, 2.25], "texture": "#0"},
				"up": {"uv": [12.5, 1.25, 13.25, 1.75], "texture": "#0"},
				"down": {"uv": [12.5, 2.75, 13.25, 3.25], "texture": "#0"}
			}
		},
		{
			"name": "octagon",
			"from": [10.75, 10.5, 8.02868],
			"to": [13.75, 12.5, 9.27132],
			"rotation": {"angle": 45, "axis": "y", "origin": [12.25, 11.5, 8.65]},
			"faces": {
				"north": {"uv": [12.5, 1.75, 13.25, 2.75], "texture": "#0"},
				"east": {"uv": [13.25, 1.25, 13.5, 2.25], "texture": "#0"},
				"south": {"uv": [12.5, 1.75, 13.25, 2.75], "texture": "#0"},
				"west": {"uv": [13.25, 1.25, 13.5, 2.25], "texture": "#0"},
				"up": {"uv": [12.5, 1.25, 13.25, 1.75], "texture": "#0"},
				"down": {"uv": [12.5, 2.75, 13.25, 3.25], "texture": "#0"}
			}
		},
		{
			"name": "octagon",
			"from": [10.75, 10.5, 8.02868],
			"to": [13.75, 12.5, 9.27132],
			"rotation": {"angle": 45, "axis": "x", "origin": [12.25, 11.5, 8.65]},
			"faces": {
				"north": {"uv": [12.5, 1.75, 13.25, 2.75], "texture": "#0"},
				"east": {"uv": [13.25, 1.25, 13.5, 2.25], "texture": "#0"},
				"south": {"uv": [12.5, 1.75, 13.25, 2.75], "texture": "#0"},
				"west": {"uv": [13.25, 1.25, 13.5, 2.25], "texture": "#0"},
				"up": {"uv": [12.5, 1.25, 13.25, 1.75], "texture": "#0"},
				"down": {"uv": [12.5, 2.75, 13.25, 3.25], "texture": "#0"}
			}
		},
		{
			"name": "center",
			"from": [10.23097, 10.5, 10.05433],
			"to": [12.23097, 11, 15.05433],
			"rotation": {"angle": 0, "axis": "y", "origin": [10.98097, 10.5, 12.55433]},
			"faces": {
				"north": {"uv": [14.375, 2.5, 14.875, 2.75], "texture": "#0"},
				"east": {"uv": [14.375, 2.25, 15.625, 2.5], "texture": "#0"},
				"south": {"uv": [14.375, 2.5, 14.875, 2.75], "texture": "#0"},
				"west": {"uv": [14.375, 2.25, 15.625, 2.5], "texture": "#0"},
				"up": {"uv": [14.875, 2.5, 14.375, 0], "texture": "#0"},
				"down": {"uv": [14.875, 0, 14.375, 2.5], "texture": "#0"}
			}
		},
		{
			"name": "icon",
			"from": [11.73097, 11.05, 13.50433],
			"to": [12.23097, 11.05, 14.00433],
			"rotation": {"angle": 0, "axis": "y", "origin": [12.48097, 10.55, 15.50433]},
			"faces": {
				"north": {"uv": [15, 0.75, 15.125, 0.75], "texture": "#0"},
				"east": {"uv": [15, 0.75, 15.125, 0.75], "texture": "#0"},
				"south": {"uv": [15, 0.75, 15.125, 0.75], "texture": "#0"},
				"west": {"uv": [15, 0.75, 15.125, 0.75], "texture": "#0"},
				"up": {"uv": [15.125, 1, 15, 0.75], "texture": "#0"},
				"down": {"uv": [15.375, 0.75, 15.25, 1], "texture": "#0"}
			}
		},
		{
			"name": "icon",
			"from": [10.98097, 11.05, 13.50433],
			"to": [11.48097, 11.05, 14.00433],
			"rotation": {"angle": 0, "axis": "y", "origin": [11.73097, 10.55, 15.50433]},
			"faces": {
				"north": {"uv": [15, 0.75, 15.125, 0.75], "texture": "#0"},
				"east": {"uv": [15, 0.75, 15.125, 0.75], "texture": "#0"},
				"south": {"uv": [15, 0.75, 15.125, 0.75], "texture": "#0"},
				"west": {"uv": [15, 0.75, 15.125, 0.75], "texture": "#0"},
				"up": {"uv": [15.25, 1, 15.125, 0.75], "texture": "#0"},
				"down": {"uv": [15.375, 0.75, 15.25, 1], "texture": "#0"}
			}
		},
		{
			"name": "icon",
			"from": [10.23097, 11.05, 13.50433],
			"to": [10.73097, 11.05, 14.00433],
			"rotation": {"angle": 0, "axis": "y", "origin": [10.98097, 10.55, 15.50433]},
			"faces": {
				"north": {"uv": [15, 0.75, 15.125, 0.75], "texture": "#0"},
				"east": {"uv": [15, 0.75, 15.125, 0.75], "texture": "#0"},
				"south": {"uv": [15, 0.75, 15.125, 0.75], "texture": "#0"},
				"west": {"uv": [15, 0.75, 15.125, 0.75], "texture": "#0"},
				"up": {"uv": [15.125, 1.25, 15, 1], "texture": "#0"},
				"down": {"uv": [15.375, 0.75, 15.25, 1], "texture": "#0"}
			}
		},
		{
			"name": "icon",
			"from": [11.73097, 11.05, 12.30433],
			"to": [12.23097, 11.05, 12.80433],
			"rotation": {"angle": 0, "axis": "y", "origin": [12.48097, 10.55, 14.30433]},
			"faces": {
				"north": {"uv": [15, 0.75, 15.125, 0.75], "texture": "#0"},
				"east": {"uv": [15, 0.75, 15.125, 0.75], "texture": "#0"},
				"south": {"uv": [15, 0.75, 15.125, 0.75], "texture": "#0"},
				"west": {"uv": [15, 0.75, 15.125, 0.75], "texture": "#0"},
				"up": {"uv": [15.25, 1.25, 15.125, 1], "texture": "#0"},
				"down": {"uv": [15.375, 0.75, 15.25, 1], "texture": "#0"}
			}
		},
		{
			"name": "icon",
			"from": [10.98097, 11.05, 12.30433],
			"to": [11.48097, 11.05, 12.80433],
			"rotation": {"angle": 0, "axis": "y", "origin": [11.73097, 10.55, 14.30433]},
			"faces": {
				"north": {"uv": [15, 0.75, 15.125, 0.75], "texture": "#0"},
				"east": {"uv": [15, 0.75, 15.125, 0.75], "texture": "#0"},
				"south": {"uv": [15, 0.75, 15.125, 0.75], "texture": "#0"},
				"west": {"uv": [15, 0.75, 15.125, 0.75], "texture": "#0"},
				"up": {"uv": [15.125, 1.5, 15, 1.25], "texture": "#0"},
				"down": {"uv": [15.375, 0.75, 15.25, 1], "texture": "#0"}
			}
		},
		{
			"name": "icon",
			"from": [10.23097, 11.05, 12.30433],
			"to": [10.73097, 11.05, 12.80433],
			"rotation": {"angle": 0, "axis": "y", "origin": [10.98097, 10.55, 14.30433]},
			"faces": {
				"north": {"uv": [15, 0.75, 15.125, 0.75], "texture": "#0"},
				"east": {"uv": [15, 0.75, 15.125, 0.75], "texture": "#0"},
				"south": {"uv": [15, 0.75, 15.125, 0.75], "texture": "#0"},
				"west": {"uv": [15, 0.75, 15.125, 0.75], "texture": "#0"},
				"up": {"uv": [15.25, 1.5, 15.125, 1.25], "texture": "#0"},
				"down": {"uv": [15.375, 0.75, 15.25, 1], "texture": "#0"}
			}
		},
		{
			"name": "icon",
			"from": [11.73097, 11.05, 11.10433],
			"to": [12.23097, 11.05, 11.60433],
			"rotation": {"angle": 0, "axis": "y", "origin": [12.48097, 10.55, 13.10433]},
			"faces": {
				"north": {"uv": [15, 0.75, 15.125, 0.75], "texture": "#0"},
				"east": {"uv": [15, 0.75, 15.125, 0.75], "texture": "#0"},
				"south": {"uv": [15, 0.75, 15.125, 0.75], "texture": "#0"},
				"west": {"uv": [15, 0.75, 15.125, 0.75], "texture": "#0"},
				"up": {"uv": [15.125, 2, 15, 1.75], "texture": "#0"},
				"down": {"uv": [15.375, 0.75, 15.25, 1], "texture": "#0"}
			}
		},
		{
			"name": "icon",
			"from": [10.98097, 11.05, 11.10433],
			"to": [11.48097, 11.05, 11.60433],
			"rotation": {"angle": 0, "axis": "y", "origin": [11.73097, 10.55, 13.10433]},
			"faces": {
				"north": {"uv": [15, 0.75, 15.125, 0.75], "texture": "#0"},
				"east": {"uv": [15, 0.75, 15.125, 0.75], "texture": "#0"},
				"south": {"uv": [15, 0.75, 15.125, 0.75], "texture": "#0"},
				"west": {"uv": [15, 0.75, 15.125, 0.75], "texture": "#0"},
				"up": {"uv": [15.125, 1.75, 15, 1.5], "texture": "#0"},
				"down": {"uv": [15.375, 0.75, 15.25, 1], "texture": "#0"}
			}
		},
		{
			"name": "icon",
			"from": [10.23097, 11.05, 11.10433],
			"to": [10.73097, 11.05, 11.60433],
			"rotation": {"angle": 0, "axis": "y", "origin": [10.98097, 10.55, 13.10433]},
			"faces": {
				"north": {"uv": [15, 0.75, 15.125, 0.75], "texture": "#0"},
				"east": {"uv": [15, 0.75, 15.125, 0.75], "texture": "#0"},
				"south": {"uv": [15, 0.75, 15.125, 0.75], "texture": "#0"},
				"west": {"uv": [15, 0.75, 15.125, 0.75], "texture": "#0"},
				"up": {"uv": [15.25, 1.75, 15.125, 1.5], "texture": "#0"},
				"down": {"uv": [15.375, 0.75, 15.25, 1], "texture": "#0"}
			}
		},
		{
			"name": "incline",
			"from": [9.98097, 10.525, 10.15788],
			"to": [10.48097, 11.025, 10.86499],
			"rotation": {"angle": -45, "axis": "y", "origin": [10.23097, 10.75, 10.40788]},
			"faces": {
				"north": {"uv": [15.25, 0.25, 15.125, 0.5], "texture": "#0"},
				"east": {"uv": [15.25, 0.25, 15.125, 0.5], "texture": "#0"},
				"south": {"uv": [15.25, 0.25, 15.125, 0.5], "texture": "#0"},
				"west": {"uv": [15.25, 0.25, 15.125, 0.5], "texture": "#0"},
				"up": {"uv": [15.25, 0.25, 15.125, 0.5], "texture": "#0"},
				"down": {"uv": [15.25, 0.5, 15.125, 0.25], "texture": "#0"}
			}
		},
		{
			"name": "side",
			"from": [9.73097, 10.5, 10.55433],
			"to": [10.23097, 11, 14.55433],
			"rotation": {"angle": 0, "axis": "y", "origin": [8.98097, 10.5, 12.55433]},
			"faces": {
				"north": {"uv": [15, 0.25, 15.125, 0.5], "texture": "#0"},
				"east": {"uv": [15, 0, 16, 0.25], "texture": "#0"},
				"south": {"uv": [15, 0.25, 15.125, 0.5], "texture": "#0"},
				"west": {"uv": [15, 0, 16, 0.25], "texture": "#0"},
				"up": {"uv": [15, 2, 14.875, 0], "texture": "#0"},
				"down": {"uv": [15, 0, 14.875, 2], "texture": "#0"}
			}
		},
		{
			"name": "incline",
			"from": [9.98097, 10.525, 14.24367],
			"to": [10.48097, 11.025, 14.95078],
			"rotation": {"angle": 45, "axis": "y", "origin": [10.23097, 10.75, 14.70078]},
			"faces": {
				"north": {"uv": [15.125, 0.25, 15.25, 0.5], "texture": "#0"},
				"east": {"uv": [15.125, 0.25, 15.25, 0.5], "texture": "#0"},
				"south": {"uv": [15.125, 0.25, 15.25, 0.5], "texture": "#0"},
				"west": {"uv": [15.125, 0.25, 15.25, 0.5], "texture": "#0"},
				"up": {"uv": [15.25, 0.5, 15.125, 0.25], "texture": "#0"},
				"down": {"uv": [15.25, 0.25, 15.125, 0.5], "texture": "#0"}
			}
		},
		{
			"name": "incline",
			"from": [11.98097, 10.525, 10.15788],
			"to": [12.48097, 11.025, 10.86499],
			"rotation": {"angle": 45, "axis": "y", "origin": [12.23097, 10.75, 10.40788]},
			"faces": {
				"north": {"uv": [15.125, 0.25, 15.25, 0.5], "texture": "#0"},
				"east": {"uv": [15.125, 0.25, 15.25, 0.5], "texture": "#0"},
				"south": {"uv": [15.125, 0.25, 15.25, 0.5], "texture": "#0"},
				"west": {"uv": [15.125, 0.25, 15.25, 0.5], "texture": "#0"},
				"up": {"uv": [15.125, 0.25, 15.25, 0.5], "texture": "#0"},
				"down": {"uv": [15.125, 0.5, 15.25, 0.25], "texture": "#0"}
			}
		},
		{
			"name": "side",
			"from": [12.23097, 10.5, 10.55433],
			"to": [12.73097, 11, 14.55433],
			"rotation": {"angle": 0, "axis": "y", "origin": [13.48097, 10.5, 12.55433]},
			"faces": {
				"north": {"uv": [15.125, 0.25, 15, 0.5], "texture": "#0"},
				"east": {"uv": [16, 0, 15, 0.25], "texture": "#0"},
				"south": {"uv": [15.125, 0.25, 15, 0.5], "texture": "#0"},
				"west": {"uv": [16, 0, 15, 0.25], "texture": "#0"},
				"up": {"uv": [14.875, 2, 15, 0], "texture": "#0"},
				"down": {"uv": [14.875, 0, 15, 2], "texture": "#0"}
			}
		},
		{
			"name": "incline",
			"from": [11.98097, 10.525, 14.24367],
			"to": [12.48097, 11.025, 14.95078],
			"rotation": {"angle": -45, "axis": "y", "origin": [12.23097, 10.75, 14.70078]},
			"faces": {
				"north": {"uv": [15.25, 0.25, 15.125, 0.5], "texture": "#0"},
				"east": {"uv": [15.25, 0.25, 15.125, 0.5], "texture": "#0"},
				"south": {"uv": [15.25, 0.25, 15.125, 0.5], "texture": "#0"},
				"west": {"uv": [15.25, 0.25, 15.125, 0.5], "texture": "#0"},
				"up": {"uv": [15.125, 0.5, 15.25, 0.25], "texture": "#0"},
				"down": {"uv": [15.125, 0.25, 15.25, 0.5], "texture": "#0"}
			}
		},
		{
			"name": "hairbrush",
			"from": [7.31799, 10.5, 9.10956],
			"to": [8.35352, 11, 12.10956],
			"rotation": {"angle": 0, "axis": "y", "origin": [7.83576, 10.75, 10.85956]},
			"faces": {
				"north": {"uv": [13.75, 3.5, 14, 3.75], "texture": "#0"},
				"east": {"uv": [13.75, 3.5, 14.5, 3.75], "texture": "#0"},
				"south": {"uv": [13.75, 3.5, 14, 3.75], "texture": "#0"},
				"west": {"uv": [13.75, 3.5, 14.5, 3.75], "texture": "#0"},
				"up": {"uv": [13.75, 3.75, 14, 5.25], "texture": "#0"},
				"down": {"uv": [13.75, 3.75, 14, 5.25], "texture": "#0"}
			}
		},
		{
			"name": "hairbrush",
			"from": [7.46799, 10.5, 6.60956],
			"to": [8.21799, 11, 9.10956],
			"rotation": {"angle": 0, "axis": "y", "origin": [7.83576, 10.75, 10.85956]},
			"faces": {
				"north": {"uv": [12.75, 3.75, 13, 4], "texture": "#0"},
				"east": {"uv": [12.5, 3.5, 13.125, 3.75], "texture": "#0"},
				"south": {"uv": [12.75, 3.75, 13, 4], "texture": "#0"},
				"west": {"uv": [12.5, 3.5, 13.125, 3.75], "texture": "#0"},
				"up": {"uv": [12.5, 3.75, 12.75, 5], "texture": "#0"},
				"down": {"uv": [12.5, 3.75, 12.75, 5], "texture": "#0"}
			}
		},
		{
			"name": "hairbrush",
			"from": [8.58576, 10.5, 9.84179],
			"to": [9.08576, 11, 10.87733],
			"rotation": {"angle": 45, "axis": "y", "origin": [7.83576, 10.75, 10.35956]},
			"faces": {
				"north": {"uv": [12.75, 4, 12.875, 4.25], "texture": "#0"},
				"east": {"uv": [12.75, 4, 13, 4.25], "texture": "#0"},
				"south": {"uv": [12.75, 4, 12.875, 4.25], "texture": "#0"},
				"west": {"uv": [12.75, 4, 13, 4.25], "texture": "#0"},
				"up": {"uv": [12.75, 4, 12.875, 4.5], "texture": "#0"},
				"down": {"uv": [12.75, 4, 12.875, 4.5], "texture": "#0"}
			}
		},
		{
			"name": "hairbrush",
			"from": [6.58576, 10.5, 9.84179],
			"to": [7.08576, 11, 10.87733],
			"rotation": {"angle": -45, "axis": "y", "origin": [7.83576, 10.75, 10.35956]},
			"faces": {
				"north": {"uv": [12.875, 4, 12.75, 4.25], "texture": "#0"},
				"east": {"uv": [13, 4, 12.75, 4.25], "texture": "#0"},
				"south": {"uv": [12.875, 4, 12.75, 4.25], "texture": "#0"},
				"west": {"uv": [13, 4, 12.75, 4.25], "texture": "#0"},
				"up": {"uv": [12.875, 4, 12.75, 4.5], "texture": "#0"},
				"down": {"uv": [12.875, 4, 12.75, 4.5], "texture": "#0"}
			}
		},
		{
			"name": "hairbrush",
			"from": [8.58576, 10.5, 10.34179],
			"to": [9.08576, 11, 11.37733],
			"rotation": {"angle": -45, "axis": "y", "origin": [7.83576, 10.75, 10.85956]},
			"faces": {
				"north": {"uv": [12.875, 4, 12.75, 4.25], "texture": "#0"},
				"east": {"uv": [13, 4, 12.75, 4.25], "texture": "#0"},
				"south": {"uv": [12.875, 4, 12.75, 4.25], "texture": "#0"},
				"west": {"uv": [13, 4, 12.75, 4.25], "texture": "#0"},
				"up": {"uv": [12.75, 4.5, 12.875, 4], "texture": "#0"},
				"down": {"uv": [12.75, 4.5, 12.875, 4], "texture": "#0"}
			}
		},
		{
			"name": "hairbrush",
			"from": [6.58576, 10.5, 10.34179],
			"to": [7.08576, 11, 11.37733],
			"rotation": {"angle": 45, "axis": "y", "origin": [7.83576, 10.75, 10.85956]},
			"faces": {
				"north": {"uv": [12.75, 4, 12.875, 4.25], "texture": "#0"},
				"east": {"uv": [12.75, 4, 13, 4.25], "texture": "#0"},
				"south": {"uv": [12.75, 4, 12.875, 4.25], "texture": "#0"},
				"west": {"uv": [12.75, 4, 13, 4.25], "texture": "#0"},
				"up": {"uv": [12.875, 4.5, 12.75, 4], "texture": "#0"},
				"down": {"uv": [12.875, 4.5, 12.75, 4], "texture": "#0"}
			}
		},
		{
			"name": "hairbrush",
			"from": [6.58576, 10.5, 9.84179],
			"to": [9.08576, 11, 11.37733],
			"rotation": {"angle": 0, "axis": "y", "origin": [7.83576, 10.75, 10.85956]},
			"faces": {
				"north": {"uv": [13.125, 4.25, 13.75, 4.5], "texture": "#0"},
				"east": {"uv": [13.25, 4.25, 13.625, 4.5], "texture": "#0"},
				"south": {"uv": [13.125, 4.25, 13.75, 4.5], "texture": "#0"},
				"west": {"uv": [13.25, 4.25, 13.625, 4.5], "texture": "#0"},
				"up": {"uv": [13.125, 3.5, 13.75, 4.25], "texture": "#0"},
				"down": {"uv": [13.125, 3.5, 13.75, 4.25], "texture": "#0"}
			}
		},
		{
			"name": "bristles",
			"from": [7.56799, 11, 9.35956],
			"to": [8.60352, 11.5, 9.85956],
			"rotation": {"angle": 45, "axis": "y", "origin": [8.08576, 11.25, 10.60956]},
			"faces": {
				"north": {"uv": [13.875, 5.5, 14.125, 5.75], "texture": "#0"},
				"east": {"uv": [13.875, 5.5, 14, 5.75], "texture": "#0"},
				"south": {"uv": [13.875, 5.5, 14.125, 5.75], "texture": "#0"},
				"west": {"uv": [13.875, 5.5, 14, 5.75], "texture": "#0"},
				"up": {"uv": [13.875, 5.5, 14.125, 5.75], "texture": "#0"},
				"down": {"uv": [13.875, 5.5, 14.125, 5.75], "texture": "#0"}
			}
		},
		{
			"name": "bristles",
			"from": [7.06799, 11, 9.35956],
			"to": [8.10352, 11.5, 9.85956],
			"rotation": {"angle": -45, "axis": "y", "origin": [7.58576, 11.25, 10.60956]},
			"faces": {
				"north": {"uv": [14.125, 5.5, 13.875, 5.75], "texture": "#0"},
				"east": {"uv": [14, 5.5, 13.875, 5.75], "texture": "#0"},
				"south": {"uv": [14.125, 5.5, 13.875, 5.75], "texture": "#0"},
				"west": {"uv": [14, 5.5, 13.875, 5.75], "texture": "#0"},
				"up": {"uv": [14.125, 5.5, 13.875, 5.75], "texture": "#0"},
				"down": {"uv": [14.125, 5.5, 13.875, 5.75], "texture": "#0"}
			}
		},
		{
			"name": "bristles",
			"from": [7.56799, 11, 11.35956],
			"to": [8.60352, 11.5, 11.85956],
			"rotation": {"angle": -45, "axis": "y", "origin": [8.08576, 11.25, 10.60956]},
			"faces": {
				"north": {"uv": [14.125, 5.5, 13.875, 5.75], "texture": "#0"},
				"east": {"uv": [14, 5.5, 13.875, 5.75], "texture": "#0"},
				"south": {"uv": [14.125, 5.5, 13.875, 5.75], "texture": "#0"},
				"west": {"uv": [14, 5.5, 13.875, 5.75], "texture": "#0"},
				"up": {"uv": [13.875, 5.75, 14.125, 5.5], "texture": "#0"},
				"down": {"uv": [13.875, 5.75, 14.125, 5.5], "texture": "#0"}
			}
		},
		{
			"name": "bristles",
			"from": [7.06799, 11, 11.35956],
			"to": [8.10352, 11.5, 11.85956],
			"rotation": {"angle": 45, "axis": "y", "origin": [7.58576, 11.25, 10.60956]},
			"faces": {
				"north": {"uv": [13.875, 5.5, 14.125, 5.75], "texture": "#0"},
				"east": {"uv": [13.875, 5.5, 14, 5.75], "texture": "#0"},
				"south": {"uv": [13.875, 5.5, 14.125, 5.75], "texture": "#0"},
				"west": {"uv": [13.875, 5.5, 14, 5.75], "texture": "#0"},
				"up": {"uv": [14.125, 5.75, 13.875, 5.5], "texture": "#0"},
				"down": {"uv": [14.125, 5.75, 13.875, 5.5], "texture": "#0"}
			}
		},
		{
			"name": "bristles",
			"from": [7.56799, 11, 9.35956],
			"to": [8.10352, 11.5, 11.85956],
			"rotation": {"angle": 0, "axis": "y", "origin": [8.08576, 11.25, 11.10956]},
			"faces": {
				"north": {"uv": [13.75, 5.25, 13.875, 5.5], "texture": "#0"},
				"east": {"uv": [13.75, 5.25, 14.375, 5.5], "texture": "#0"},
				"south": {"uv": [13.75, 5.25, 13.875, 5.5], "texture": "#0"},
				"west": {"uv": [13.75, 5.25, 14.375, 5.5], "texture": "#0"},
				"up": {"uv": [13.75, 5.5, 13.875, 6.75], "texture": "#0"},
				"down": {"uv": [13.75, 5.5, 13.875, 6.75], "texture": "#0"}
			}
		},
		{
			"name": "bristles",
			"from": [6.83576, 11, 10.09179],
			"to": [8.83576, 11.5, 11.12733],
			"rotation": {"angle": 0, "axis": "y", "origin": [8.08576, 11.25, 11.10956]},
			"faces": {
				"north": {"uv": [13.875, 5.75, 14.375, 6], "texture": "#0"},
				"east": {"uv": [13.875, 5.75, 14.125, 6], "texture": "#0"},
				"south": {"uv": [13.875, 5.75, 14.375, 6], "texture": "#0"},
				"west": {"uv": [13.875, 5.75, 14.125, 6], "texture": "#0"},
				"up": {"uv": [13.875, 5.75, 14.375, 6.25], "texture": "#0"},
				"down": {"uv": [13.875, 5.75, 14.375, 6.25], "texture": "#0"}
			}
		},
		{
			"from": [6.2, 10.5, 10.2],
			"to": [11.2, 11, 10.7],
			"rotation": {"angle": 45, "axis": "y", "origin": [7.2, 10.5, 12.2]},
			"faces": {
				"north": {"uv": [12.5, 5.5, 13.75, 5.75], "texture": "#0"},
				"east": {"uv": [12.5, 5.5, 12.625, 5.75], "texture": "#0"},
				"south": {"uv": [12.5, 5.5, 13.75, 5.75], "texture": "#0"},
				"west": {"uv": [12.5, 5.5, 12.625, 5.75], "texture": "#0"},
				"up": {"uv": [12.5, 5.75, 13.75, 6], "texture": "#0"},
				"down": {"uv": [12.5, 5.75, 13.75, 6], "texture": "#0"}
			}
		},
		{
			"from": [6.2, 10.5, 10.7],
			"to": [8.7, 11, 11.7],
			"rotation": {"angle": 45, "axis": "y", "origin": [7.2, 10.5, 12.2]},
			"faces": {
				"north": {"uv": [12.5, 6, 13.125, 6.25], "texture": "#0"},
				"east": {"uv": [12.5, 6, 12.75, 6.25], "texture": "#0"},
				"south": {"uv": [12.5, 6, 13.125, 6.25], "texture": "#0"},
				"west": {"uv": [13.125, 6, 13.375, 6.25], "texture": "#0"},
				"up": {"uv": [12.5, 6.25, 13.125, 6.75], "texture": "#0"},
				"down": {"uv": [12.5, 6.25, 13.125, 6.75], "texture": "#0"}
			}
		},
		{
			"name": "front",
			"from": [4.5, 4, 14.5],
			"to": [14.5, 9, 15.5],
			"rotation": {"angle": 0, "axis": "y", "origin": [9.5, 6, 14.5]},
			"faces": {
				"north": {"uv": [7.5, 2, 10, 4.5], "texture": "#0"},
				"east": {"uv": [10, 2, 10.25, 4.5], "texture": "#0"},
				"south": {"uv": [10, 2, 7.5, 4.5], "texture": "#0"},
				"west": {"uv": [10.25, 2, 10, 4.5], "texture": "#0"},
				"up": {"uv": [2.875, 8, 0.375, 7.5], "texture": "#0"},
				"down": {"uv": [2.875, 7.5, 0.375, 8], "texture": "#0"}
			}
		},
		{
			"name": "bottom",
			"from": [4.5, 4, 5.5],
			"to": [14.5, 4.5, 14.5],
			"rotation": {"angle": 0, "axis": "y", "origin": [9.5, 6, 13.5]},
			"faces": {
				"north": {"uv": [7.5, 4.25, 10, 4.5], "texture": "#0"},
				"east": {"uv": [7.625, 4.25, 9.875, 4.5], "texture": "#0"},
				"south": {"uv": [7.5, 4.25, 10, 4.5], "texture": "#0"},
				"west": {"uv": [7.625, 4.25, 9.875, 4.5], "texture": "#0"},
				"up": {"uv": [10, 9, 7.5, 4.5], "texture": "#0"},
				"down": {"uv": [10, 4.5, 7.5, 9], "texture": "#0"}
			}
		},
		{
			"name": "side",
			"from": [14, 4.5, 5.5],
			"to": [14.5, 8.5, 14.5],
			"rotation": {"angle": 0, "axis": "y", "origin": [9.5, 6.5, 13.5]},
			"faces": {
				"north": {"uv": [2.125, 8.5, 2.25, 10.5], "texture": "#0"},
				"east": {"uv": [2.25, 8.5, 0, 10.5], "texture": "#0"},
				"south": {"uv": [2.125, 8.5, 2.25, 10.5], "texture": "#0"},
				"west": {"uv": [2.25, 8.5, 0, 10.5], "texture": "#0"},
				"up": {"uv": [7.625, 9, 7.5, 4.5], "texture": "#0"},
				"down": {"uv": [10, 4.5, 9.875, 9], "texture": "#0"}
			}
		},
		{
			"name": "side",
			"from": [4.5, 4.5, 5.5],
			"to": [5, 8.5, 14.5],
			"rotation": {"angle": 0, "axis": "y", "origin": [9.5, 6.5, 13.5]},
			"faces": {
				"north": {"uv": [2.25, 8.5, 2.125, 10.5], "texture": "#0"},
				"east": {"uv": [0, 8.5, 2.25, 10.5], "texture": "#0"},
				"south": {"uv": [2.25, 8.5, 2.125, 10.5], "texture": "#0"},
				"west": {"uv": [2.25, 8.5, 0, 10.5], "texture": "#0"},
				"up": {"uv": [7.5, 9, 7.625, 4.5], "texture": "#0"},
				"down": {"uv": [9.875, 4.5, 10, 9], "texture": "#0"}
			}
		},
		{
			"name": "back",
			"from": [5, 4.5, 5.5],
			"to": [14, 8.5, 6],
			"rotation": {"angle": 0, "axis": "y", "origin": [9, 6.5, 13.5]},
			"faces": {
				"north": {"uv": [0.125, 0.25, 2.375, 2.25], "texture": "#0"},
				"east": {"uv": [2.25, 0.25, 2.375, 2.25], "texture": "#0"},
				"south": {"uv": [0.125, 0.25, 2.375, 2.25], "texture": "#0"},
				"west": {"uv": [2.25, 0.25, 2.375, 2.25], "texture": "#0"},
				"up": {"uv": [2.375, 2.25, 0.125, 2], "texture": "#0"},
				"down": {"uv": [2.375, 2, 0.125, 2.25], "texture": "#0"}
			}
		},
		{
			"name": "handle_side",
			"from": [11, 5.75, 15.5],
			"to": [11.5, 6.75, 16.5],
			"rotation": {"angle": 0, "axis": "y", "origin": [9.5, 6.5, 15]},
			"faces": {
				"north": {"uv": [12.875, 0.5, 12.75, 1], "texture": "#0"},
				"east": {"uv": [12.75, 0.5, 12.5, 1], "texture": "#0"},
				"south": {"uv": [12.875, 0.5, 12.75, 1], "texture": "#0"},
				"west": {"uv": [12.75, 0.5, 12.5, 1], "texture": "#0"},
				"up": {"uv": [12.875, 1, 12.75, 0.5], "texture": "#0"},
				"down": {"uv": [12.75, 0.5, 12.875, 1], "texture": "#0"}
			}
		},
		{
			"name": "handle_center",
			"from": [8, 5.75, 16],
			"to": [11, 6.75, 16.5],
			"rotation": {"angle": 0, "axis": "y", "origin": [9.5, 6.5, 15]},
			"faces": {
				"north": {"uv": [12.5, 0, 13.25, 0.5], "texture": "#0"},
				"east": {"uv": [13.25, 0, 13.375, 0.5], "texture": "#0"},
				"south": {"uv": [12.5, 0, 13.25, 0.5], "texture": "#0"},
				"west": {"uv": [13.25, 0, 13.375, 0.5], "texture": "#0"},
				"up": {"uv": [12.5, 0.25, 13.25, 0], "texture": "#0"},
				"down": {"uv": [13.25, 0.25, 12.5, 0.5], "texture": "#0"}
			}
		},
		{
			"name": "handle_side",
			"from": [7.5, 5.75, 15.5],
			"to": [8, 6.75, 16.5],
			"rotation": {"angle": 0, "axis": "y", "origin": [9.5, 6.5, 15]},
			"faces": {
				"north": {"uv": [12.75, 0.5, 12.875, 1], "texture": "#0"},
				"east": {"uv": [12.5, 0.5, 12.75, 1], "texture": "#0"},
				"south": {"uv": [12.75, 0.5, 12.875, 1], "texture": "#0"},
				"west": {"uv": [12.5, 0.5, 12.75, 1], "texture": "#0"},
				"up": {"uv": [12.75, 1, 12.875, 0.5], "texture": "#0"},
				"down": {"uv": [12.875, 0.5, 12.75, 1], "texture": "#0"}
			}
		},
		{
			"name": "top_lid",
			"from": [6.01278, 5.5, 6.89307],
			"to": [12.01278, 6, 14.39307],
			"rotation": {"angle": 0, "axis": "y", "origin": [9.01278, 3.5, 10.39307]},
			"faces": {
				"north": {"uv": [10.375, 4.25, 11.875, 4.5], "texture": "#0"},
				"east": {"uv": [10.375, 3.75, 12.25, 4], "texture": "#0"},
				"south": {"uv": [10.375, 4.25, 11.875, 4.5], "texture": "#0"},
				"west": {"uv": [10.375, 4, 12.25, 4.25], "texture": "#0"},
				"up": {"uv": [10.375, 0, 11.875, 3.75], "texture": "#0"},
				"down": {"uv": [11.875, 0, 10.375, 3.75], "texture": "#0"}
			}
		},
		{
			"name": "bottom_lid",
			"from": [6.01278, 4.5, 6.89307],
			"to": [12.01278, 5, 14.39307],
			"rotation": {"angle": 0, "axis": "y", "origin": [9.01278, 2.5, 10.39307]},
			"faces": {
				"north": {"uv": [10.375, 4.25, 11.875, 4.5], "texture": "#0"},
				"east": {"uv": [10.375, 3.75, 12.25, 4], "texture": "#0"},
				"south": {"uv": [10.375, 4.25, 11.875, 4.5], "texture": "#0"},
				"west": {"uv": [10.375, 4, 12.25, 4.25], "texture": "#0"},
				"up": {"uv": [10.375, 0, 11.875, 3.75], "texture": "#0"},
				"down": {"uv": [11.875, 0, 10.375, 3.75], "texture": "#0"}
			}
		},
		{
			"name": "spine",
			"from": [6.01278, 5, 6.89307],
			"to": [6.51278, 5.5, 14.39307],
			"rotation": {"angle": 0, "axis": "y", "origin": [9.01278, 3.5, 10.39307]},
			"faces": {
				"north": {"uv": [12.25, 4.5, 12.375, 4.75], "texture": "#0"},
				"east": {"uv": [10.375, 4.5, 12.25, 4.75], "texture": "#0"},
				"south": {"uv": [12.25, 4.5, 12.375, 4.75], "texture": "#0"},
				"west": {"uv": [10.375, 4.5, 12.25, 4.75], "texture": "#0"},
				"up": {"uv": [10.5, 3.75, 10.375, 0], "texture": "#0"},
				"down": {"uv": [10.5, 0, 10.375, 3.75], "texture": "#0"}
			}
		},
		{
			"name": "pages",
			"from": [6.51278, 5, 7.14307],
			"to": [11.51278, 5.5, 14.14307],
			"rotation": {"angle": 0, "axis": "y", "origin": [9.01278, 3.5, 10.39307]},
			"faces": {
				"north": {"uv": [10.375, 8.25, 11.625, 8.5], "texture": "#0"},
				"east": {"uv": [10.375, 8.5, 12.125, 8.75], "texture": "#0"},
				"south": {"uv": [10.375, 8.25, 11.625, 8.5], "texture": "#0"},
				"west": {"uv": [10.375, 8.5, 12.125, 8.75], "texture": "#0"},
				"up": {"uv": [11.625, 8.25, 10.375, 4.75], "texture": "#0"},
				"down": {"uv": [11.625, 4.75, 10.375, 8.25], "texture": "#0"}
			}
		},
		{
			"name": "case_back",
			"from": [16.5, 3, 1],
			"to": [28.5, 15, 2],
			"rotation": {"angle": 0, "axis": "y", "origin": [22.5, 15, 7.5]},
			"faces": {
				"north": {"uv": [4.5, 0, 7.5, 6], "texture": "#0"},
				"east": {"uv": [4.75, 0, 5, 6], "texture": "#0"},
				"south": {"uv": [4.5, 0, 7.5, 6], "texture": "#0"},
				"west": {"uv": [4.75, 0, 5, 6], "texture": "#0"},
				"up": {"uv": [3.375, 7.5, 0.375, 8], "texture": "#0"},
				"down": {"uv": [3.375, 7.5, 0.375, 8], "texture": "#0"}
			}
		},
		{
			"name": "case_side",
			"from": [28.50736, 3, 1.75736],
			"to": [29.50736, 15, 13.75736],
			"rotation": {"angle": 0, "axis": "y", "origin": [29.00736, 9, 7.75736]},
			"faces": {
				"north": {"uv": [0.125, 0.25, 0.375, 6.25], "texture": "#0"},
				"east": {"uv": [4.5, 0, 7.5, 6], "texture": "#0"},
				"south": {"uv": [0.125, 0.25, 0.375, 6.25], "texture": "#0"},
				"west": {"uv": [4.5, 0, 7.5, 6], "texture": "#0"},
				"up": {"uv": [3.375, 8, 0.375, 7.5], "rotation": 270, "texture": "#0"},
				"down": {"uv": [3.375, 8, 0.375, 7.5], "rotation": 90, "texture": "#0"}
			}
		},
		{
			"name": "case_side",
			"from": [15.50736, 3, 1.75736],
			"to": [16.50736, 15, 13.75736],
			"rotation": {"angle": 0, "axis": "y", "origin": [16.00736, 9, 7.75736]},
			"faces": {
				"north": {"uv": [0.125, 0.25, 0.375, 6.25], "texture": "#0"},
				"east": {"uv": [4.5, 0, 7.5, 6], "texture": "#0"},
				"south": {"uv": [0.125, 0.25, 0.375, 6.25], "texture": "#0"},
				"west": {"uv": [4.5, 0, 7.5, 6], "texture": "#0"},
				"up": {"uv": [3.375, 8, 0.375, 7.5], "rotation": 270, "texture": "#0"},
				"down": {"uv": [3.375, 8, 0.375, 7.5], "rotation": 90, "texture": "#0"}
			}
		},
		{
			"name": "case_bottom",
			"from": [16.5, 3, 2],
			"to": [28.5, 4, 13.5],
			"rotation": {"angle": 0, "axis": "y", "origin": [22.5, 15, 8]},
			"faces": {
				"north": {"uv": [0.125, 0.25, 3.125, 0.75], "texture": "#0"},
				"east": {"uv": [0.25, 0.25, 3.125, 0.75], "texture": "#0"},
				"south": {"uv": [0.125, 0.25, 3.125, 0.75], "texture": "#0"},
				"west": {"uv": [0.25, 0.25, 3.125, 0.75], "texture": "#0"},
				"up": {"uv": [3.125, 6, 0.125, 0.25], "texture": "#0"},
				"down": {"uv": [3.125, 0.25, 0.125, 6], "texture": "#0"}
			}
		},
		{
			"name": "case_front",
			"from": [17, 3, 13.5],
			"to": [28, 15, 14.5],
			"rotation": {"angle": 0, "axis": "y", "origin": [22.5, 15, 8]},
			"faces": {
				"north": {"uv": [4.5, 6, 7.25, 12], "texture": "#0"},
				"east": {"uv": [4.75, 0, 5, 6], "texture": "#0"},
				"south": {"uv": [4.5, 6, 7.25, 12], "texture": "#0"},
				"west": {"uv": [4.75, 0, 5, 6], "texture": "#0"},
				"up": {"uv": [3.125, 8, 0.375, 7.5], "texture": "#0"},
				"down": {"uv": [3.125, 8, 0.375, 7.5], "texture": "#0"}
			}
		},
		{
			"name": "leg_1",
			"from": [15, 0, 13.5],
			"to": [17, 15, 15.5],
			"rotation": {"angle": 0, "axis": "y", "origin": [16.5, 15, 15]},
			"faces": {
				"north": {"uv": [4, 0, 4.5, 7.5], "texture": "#0"},
				"east": {"uv": [4.5, 0, 4, 7.5], "texture": "#0"},
				"south": {"uv": [4, 0, 4.5, 7.5], "texture": "#0"},
				"west": {"uv": [4, 0, 4.5, 7.5], "texture": "#0"},
				"up": {"uv": [4.5, 8.5, 4, 7.5], "texture": "#0"},
				"down": {"uv": [4.5, 7.5, 4, 8.5], "texture": "#0"}
			}
		},
		{
			"name": "leg_2",
			"from": [28, 0, 13.5],
			"to": [30, 15, 15.5],
			"rotation": {"angle": 0, "axis": "y", "origin": [29.5, 15, 15]},
			"faces": {
				"north": {"uv": [4, 0, 4.5, 7.5], "texture": "#0"},
				"east": {"uv": [4, 0, 4.5, 7.5], "texture": "#0"},
				"south": {"uv": [4, 0, 4.5, 7.5], "texture": "#0"},
				"west": {"uv": [4, 0, 4.5, 7.5], "texture": "#0"},
				"up": {"uv": [4.5, 8.5, 4, 7.5], "texture": "#0"},
				"down": {"uv": [4.5, 7.5, 4, 8.5], "texture": "#0"}
			}
		},
		{
			"name": "leg_3",
			"from": [28, 0, 0.5],
			"to": [30, 15, 2.5],
			"rotation": {"angle": 0, "axis": "y", "origin": [29.5, 15, 2]},
			"faces": {
				"north": {"uv": [4, 0, 4.5, 7.5], "texture": "#0"},
				"east": {"uv": [4, 0, 4.5, 7.5], "texture": "#0"},
				"south": {"uv": [4, 0, 4.5, 7.5], "texture": "#0"},
				"west": {"uv": [4, 0, 4.5, 7.5], "texture": "#0"},
				"up": {"uv": [4.5, 8.5, 4, 7.5], "texture": "#0"},
				"down": {"uv": [4.5, 7.5, 4, 8.5], "texture": "#0"}
			}
		},
		{
			"name": "leg_2",
			"from": [15, 0, 0.5],
			"to": [17, 15, 2.5],
			"rotation": {"angle": 0, "axis": "y", "origin": [16.5, 15, 2]},
			"faces": {
				"north": {"uv": [4, 0, 4.5, 7.5], "texture": "#0"},
				"east": {"uv": [4.5, 0, 4, 7.5], "texture": "#0"},
				"south": {"uv": [4, 0, 4.5, 7.5], "texture": "#0"},
				"west": {"uv": [4, 0, 4.5, 7.5], "texture": "#0"},
				"up": {"uv": [4.5, 8.5, 4, 7.5], "texture": "#0"},
				"down": {"uv": [4.5, 7.5, 4, 8.5], "texture": "#0"}
			}
		},
		{
			"name": "front",
			"from": [17.5, 10, 14.5],
			"to": [27.5, 14, 15.5],
			"rotation": {"angle": 0, "axis": "y", "origin": [22.5, 12, 14.5]},
			"faces": {
				"north": {"uv": [7.5, 0, 10, 2], "texture": "#0"},
				"east": {"uv": [10, 0, 10.25, 2], "texture": "#0"},
				"south": {"uv": [10, 0, 7.5, 2], "texture": "#0"},
				"west": {"uv": [10.25, 0, 10, 2], "texture": "#0"},
				"up": {"uv": [2.875, 8, 0.375, 7.5], "texture": "#0"},
				"down": {"uv": [2.875, 7.5, 0.375, 8], "texture": "#0"}
			}
		},
		{
			"name": "bottom",
			"from": [17.5, 10, 5.5],
			"to": [27.5, 10.5, 14.5],
			"rotation": {"angle": 0, "axis": "y", "origin": [22.5, 12, 13.5]},
			"faces": {
				"north": {"uv": [7.5, 4.25, 10, 4.5], "texture": "#0"},
				"east": {"uv": [7.625, 4.25, 9.875, 4.5], "texture": "#0"},
				"south": {"uv": [7.5, 4.25, 10, 4.5], "texture": "#0"},
				"west": {"uv": [7.625, 4.25, 9.875, 4.5], "texture": "#0"},
				"up": {"uv": [10, 9, 7.5, 4.5], "texture": "#0"},
				"down": {"uv": [10, 4.5, 7.5, 9], "texture": "#0"}
			}
		},
		{
			"name": "side",
			"from": [27, 10.5, 5.5],
			"to": [27.5, 13.5, 14.5],
			"rotation": {"angle": 0, "axis": "y", "origin": [22.5, 12.5, 13.5]},
			"faces": {
				"north": {"uv": [2.125, 8.5, 2.25, 10], "texture": "#0"},
				"east": {"uv": [2.25, 8.5, 0, 10], "texture": "#0"},
				"south": {"uv": [2.125, 8.5, 2.25, 10], "texture": "#0"},
				"west": {"uv": [2.25, 8.5, 0, 10], "texture": "#0"},
				"up": {"uv": [7.625, 9, 7.5, 4.5], "texture": "#0"},
				"down": {"uv": [10, 4.5, 9.875, 9], "texture": "#0"}
			}
		},
		{
			"name": "side",
			"from": [17.5, 10.5, 5.5],
			"to": [18, 13.5, 14.5],
			"rotation": {"angle": 0, "axis": "y", "origin": [22.5, 12.5, 13.5]},
			"faces": {
				"north": {"uv": [2.25, 8.5, 2.125, 10], "texture": "#0"},
				"east": {"uv": [0, 8.5, 2.25, 10], "texture": "#0"},
				"south": {"uv": [2.25, 8.5, 2.125, 10], "texture": "#0"},
				"west": {"uv": [2.25, 8.5, 0, 10], "texture": "#0"},
				"up": {"uv": [7.5, 9, 7.625, 4.5], "texture": "#0"},
				"down": {"uv": [9.875, 4.5, 10, 9], "texture": "#0"}
			}
		},
		{
			"name": "back",
			"from": [18, 10.5, 5.5],
			"to": [27, 13.5, 6],
			"rotation": {"angle": 0, "axis": "y", "origin": [22, 12.5, 13.5]},
			"faces": {
				"north": {"uv": [0.125, 0.25, 2.375, 1.75], "texture": "#0"},
				"east": {"uv": [2.25, 0.25, 2.375, 1.75], "texture": "#0"},
				"south": {"uv": [0.125, 0.25, 2.375, 1.75], "texture": "#0"},
				"west": {"uv": [2.25, 0.25, 2.375, 1.75], "texture": "#0"},
				"up": {"uv": [2.375, 1.75, 0.125, 1.5], "texture": "#0"},
				"down": {"uv": [2.375, 1.5, 0.125, 1.75], "texture": "#0"}
			}
		},
		{
			"name": "handle_side",
			"from": [24, 11.75, 15.5],
			"to": [24.5, 12.75, 16.5],
			"rotation": {"angle": 0, "axis": "y", "origin": [22.5, 12.5, 15]},
			"faces": {
				"north": {"uv": [12.875, 0.5, 12.75, 1], "texture": "#0"},
				"east": {"uv": [12.75, 0.5, 12.5, 1], "texture": "#0"},
				"south": {"uv": [12.875, 0.5, 12.75, 1], "texture": "#0"},
				"west": {"uv": [12.75, 0.5, 12.5, 1], "texture": "#0"},
				"up": {"uv": [12.875, 1, 12.75, 0.5], "texture": "#0"},
				"down": {"uv": [12.75, 0.5, 12.875, 1], "texture": "#0"}
			}
		},
		{
			"name": "handle_center",
			"from": [21, 11.75, 16],
			"to": [24, 12.75, 16.5],
			"rotation": {"angle": 0, "axis": "y", "origin": [22.5, 12.5, 15]},
			"faces": {
				"north": {"uv": [12.5, 0, 13.25, 0.5], "texture": "#0"},
				"east": {"uv": [13.25, 0, 13.375, 0.5], "texture": "#0"},
				"south": {"uv": [12.5, 0, 13.25, 0.5], "texture": "#0"},
				"west": {"uv": [13.25, 0, 13.375, 0.5], "texture": "#0"},
				"up": {"uv": [12.5, 0.25, 13.25, 0], "texture": "#0"},
				"down": {"uv": [13.25, 0.25, 12.5, 0.5], "texture": "#0"}
			}
		},
		{
			"name": "handle_side",
			"from": [20.5, 11.75, 15.5],
			"to": [21, 12.75, 16.5],
			"rotation": {"angle": 0, "axis": "y", "origin": [22.5, 12.5, 15]},
			"faces": {
				"north": {"uv": [12.75, 0.5, 12.875, 1], "texture": "#0"},
				"east": {"uv": [12.5, 0.5, 12.75, 1], "texture": "#0"},
				"south": {"uv": [12.75, 0.5, 12.875, 1], "texture": "#0"},
				"west": {"uv": [12.5, 0.5, 12.75, 1], "texture": "#0"},
				"up": {"uv": [12.75, 1, 12.875, 0.5], "texture": "#0"},
				"down": {"uv": [12.875, 0.5, 12.75, 1], "texture": "#0"}
			}
		},
		{
			"name": "octagon",
			"from": [23.75, 10.5, 8.02868],
			"to": [26.75, 12.5, 9.27132],
			"rotation": {"angle": 45, "axis": "y", "origin": [25.25, 11.5, 8.65]},
			"faces": {
				"north": {"uv": [12.5, 1.75, 13.25, 2.75], "texture": "#0"},
				"east": {"uv": [13.25, 1.25, 13.5, 2.25], "texture": "#0"},
				"south": {"uv": [12.5, 1.75, 13.25, 2.75], "texture": "#0"},
				"west": {"uv": [13.25, 1.25, 13.5, 2.25], "texture": "#0"},
				"up": {"uv": [12.5, 1.25, 13.25, 1.75], "texture": "#0"},
				"down": {"uv": [12.5, 2.75, 13.25, 3.25], "texture": "#0"}
			}
		},
		{
			"name": "octagon",
			"from": [23.75, 10.5, 8.02868],
			"to": [26.75, 12.5, 9.27132],
			"rotation": {"angle": 0, "axis": "y", "origin": [25.25, 11.5, 8.65]},
			"faces": {
				"north": {"uv": [12.5, 1.75, 13.25, 2.75], "texture": "#0"},
				"east": {"uv": [13.25, 1.25, 13.5, 2.25], "texture": "#0"},
				"south": {"uv": [12.5, 1.75, 13.25, 2.75], "texture": "#0"},
				"west": {"uv": [13.25, 1.25, 13.5, 2.25], "texture": "#0"},
				"up": {"uv": [12.5, 1.25, 13.25, 1.75], "texture": "#0"},
				"down": {"uv": [12.5, 2.75, 13.25, 3.25], "texture": "#0"}
			}
		},
		{
			"name": "octagon",
			"from": [23.75, 10.5, 8.02868],
			"to": [26.75, 12.5, 9.27132],
			"rotation": {"angle": 45, "axis": "y", "origin": [25.25, 11.5, 8.65]},
			"faces": {
				"north": {"uv": [12.5, 1.75, 13.25, 2.75], "texture": "#0"},
				"east": {"uv": [13.25, 1.25, 13.5, 2.25], "texture": "#0"},
				"south": {"uv": [12.5, 1.75, 13.25, 2.75], "texture": "#0"},
				"west": {"uv": [13.25, 1.25, 13.5, 2.25], "texture": "#0"},
				"up": {"uv": [12.5, 1.25, 13.25, 1.75], "texture": "#0"},
				"down": {"uv": [12.5, 2.75, 13.25, 3.25], "texture": "#0"}
			}
		},
		{
			"name": "octagon",
			"from": [23.75, 10.5, 8.02868],
			"to": [26.75, 12.5, 9.27132],
			"rotation": {"angle": 45, "axis": "x", "origin": [25.25, 11.5, 8.65]},
			"faces": {
				"north": {"uv": [12.5, 1.75, 13.25, 2.75], "texture": "#0"},
				"east": {"uv": [13.25, 1.25, 13.5, 2.25], "texture": "#0"},
				"south": {"uv": [12.5, 1.75, 13.25, 2.75], "texture": "#0"},
				"west": {"uv": [13.25, 1.25, 13.5, 2.25], "texture": "#0"},
				"up": {"uv": [12.5, 1.25, 13.25, 1.75], "texture": "#0"},
				"down": {"uv": [12.5, 2.75, 13.25, 3.25], "texture": "#0"}
			}
		},
		{
			"name": "center",
			"from": [23.23097, 10.5, 10.05433],
			"to": [25.23097, 11, 15.05433],
			"rotation": {"angle": 0, "axis": "y", "origin": [23.98097, 10.5, 12.55433]},
			"faces": {
				"north": {"uv": [14.375, 2.5, 14.875, 2.75], "texture": "#0"},
				"east": {"uv": [14.375, 2.25, 15.625, 2.5], "texture": "#0"},
				"south": {"uv": [14.375, 2.5, 14.875, 2.75], "texture": "#0"},
				"west": {"uv": [14.375, 2.25, 15.625, 2.5], "texture": "#0"},
				"up": {"uv": [14.875, 2.5, 14.375, 0], "texture": "#0"},
				"down": {"uv": [14.875, 0, 14.375, 2.5], "texture": "#0"}
			}
		},
		{
			"name": "icon",
			"from": [24.73097, 11.05, 13.50433],
			"to": [25.23097, 11.05, 14.00433],
			"rotation": {"angle": 0, "axis": "y", "origin": [25.48097, 10.55, 15.50433]},
			"faces": {
				"north": {"uv": [15, 0.75, 15.125, 0.75], "texture": "#0"},
				"east": {"uv": [15, 0.75, 15.125, 0.75], "texture": "#0"},
				"south": {"uv": [15, 0.75, 15.125, 0.75], "texture": "#0"},
				"west": {"uv": [15, 0.75, 15.125, 0.75], "texture": "#0"},
				"up": {"uv": [15.125, 1, 15, 0.75], "texture": "#0"},
				"down": {"uv": [15.375, 0.75, 15.25, 1], "texture": "#0"}
			}
		},
		{
			"name": "icon",
			"from": [23.98097, 11.05, 13.50433],
			"to": [24.48097, 11.05, 14.00433],
			"rotation": {"angle": 0, "axis": "y", "origin": [24.73097, 10.55, 15.50433]},
			"faces": {
				"north": {"uv": [15, 0.75, 15.125, 0.75], "texture": "#0"},
				"east": {"uv": [15, 0.75, 15.125, 0.75], "texture": "#0"},
				"south": {"uv": [15, 0.75, 15.125, 0.75], "texture": "#0"},
				"west": {"uv": [15, 0.75, 15.125, 0.75], "texture": "#0"},
				"up": {"uv": [15.25, 1, 15.125, 0.75], "texture": "#0"},
				"down": {"uv": [15.375, 0.75, 15.25, 1], "texture": "#0"}
			}
		},
		{
			"name": "icon",
			"from": [23.23097, 11.05, 13.50433],
			"to": [23.73097, 11.05, 14.00433],
			"rotation": {"angle": 0, "axis": "y", "origin": [23.98097, 10.55, 15.50433]},
			"faces": {
				"north": {"uv": [15, 0.75, 15.125, 0.75], "texture": "#0"},
				"east": {"uv": [15, 0.75, 15.125, 0.75], "texture": "#0"},
				"south": {"uv": [15, 0.75, 15.125, 0.75], "texture": "#0"},
				"west": {"uv": [15, 0.75, 15.125, 0.75], "texture": "#0"},
				"up": {"uv": [15.125, 1.25, 15, 1], "texture": "#0"},
				"down": {"uv": [15.375, 0.75, 15.25, 1], "texture": "#0"}
			}
		},
		{
			"name": "icon",
			"from": [24.73097, 11.05, 12.30433],
			"to": [25.23097, 11.05, 12.80433],
			"rotation": {"angle": 0, "axis": "y", "origin": [25.48097, 10.55, 14.30433]},
			"faces": {
				"north": {"uv": [15, 0.75, 15.125, 0.75], "texture": "#0"},
				"east": {"uv": [15, 0.75, 15.125, 0.75], "texture": "#0"},
				"south": {"uv": [15, 0.75, 15.125, 0.75], "texture": "#0"},
				"west": {"uv": [15, 0.75, 15.125, 0.75], "texture": "#0"},
				"up": {"uv": [15.25, 1.25, 15.125, 1], "texture": "#0"},
				"down": {"uv": [15.375, 0.75, 15.25, 1], "texture": "#0"}
			}
		},
		{
			"name": "icon",
			"from": [23.98097, 11.05, 12.30433],
			"to": [24.48097, 11.05, 12.80433],
			"rotation": {"angle": 0, "axis": "y", "origin": [24.73097, 10.55, 14.30433]},
			"faces": {
				"north": {"uv": [15, 0.75, 15.125, 0.75], "texture": "#0"},
				"east": {"uv": [15, 0.75, 15.125, 0.75], "texture": "#0"},
				"south": {"uv": [15, 0.75, 15.125, 0.75], "texture": "#0"},
				"west": {"uv": [15, 0.75, 15.125, 0.75], "texture": "#0"},
				"up": {"uv": [15.125, 1.5, 15, 1.25], "texture": "#0"},
				"down": {"uv": [15.375, 0.75, 15.25, 1], "texture": "#0"}
			}
		},
		{
			"name": "icon",
			"from": [23.23097, 11.05, 12.30433],
			"to": [23.73097, 11.05, 12.80433],
			"rotation": {"angle": 0, "axis": "y", "origin": [23.98097, 10.55, 14.30433]},
			"faces": {
				"north": {"uv": [15, 0.75, 15.125, 0.75], "texture": "#0"},
				"east": {"uv": [15, 0.75, 15.125, 0.75], "texture": "#0"},
				"south": {"uv": [15, 0.75, 15.125, 0.75], "texture": "#0"},
				"west": {"uv": [15, 0.75, 15.125, 0.75], "texture": "#0"},
				"up": {"uv": [15.25, 1.5, 15.125, 1.25], "texture": "#0"},
				"down": {"uv": [15.375, 0.75, 15.25, 1], "texture": "#0"}
			}
		},
		{
			"name": "icon",
			"from": [24.73097, 11.05, 11.10433],
			"to": [25.23097, 11.05, 11.60433],
			"rotation": {"angle": 0, "axis": "y", "origin": [25.48097, 10.55, 13.10433]},
			"faces": {
				"north": {"uv": [15, 0.75, 15.125, 0.75], "texture": "#0"},
				"east": {"uv": [15, 0.75, 15.125, 0.75], "texture": "#0"},
				"south": {"uv": [15, 0.75, 15.125, 0.75], "texture": "#0"},
				"west": {"uv": [15, 0.75, 15.125, 0.75], "texture": "#0"},
				"up": {"uv": [15.125, 2, 15, 1.75], "texture": "#0"},
				"down": {"uv": [15.375, 0.75, 15.25, 1], "texture": "#0"}
			}
		},
		{
			"name": "icon",
			"from": [23.98097, 11.05, 11.10433],
			"to": [24.48097, 11.05, 11.60433],
			"rotation": {"angle": 0, "axis": "y", "origin": [24.73097, 10.55, 13.10433]},
			"faces": {
				"north": {"uv": [15, 0.75, 15.125, 0.75], "texture": "#0"},
				"east": {"uv": [15, 0.75, 15.125, 0.75], "texture": "#0"},
				"south": {"uv": [15, 0.75, 15.125, 0.75], "texture": "#0"},
				"west": {"uv": [15, 0.75, 15.125, 0.75], "texture": "#0"},
				"up": {"uv": [15.125, 1.75, 15, 1.5], "texture": "#0"},
				"down": {"uv": [15.375, 0.75, 15.25, 1], "texture": "#0"}
			}
		},
		{
			"name": "icon",
			"from": [23.23097, 11.05, 11.10433],
			"to": [23.73097, 11.05, 11.60433],
			"rotation": {"angle": 0, "axis": "y", "origin": [23.98097, 10.55, 13.10433]},
			"faces": {
				"north": {"uv": [15, 0.75, 15.125, 0.75], "texture": "#0"},
				"east": {"uv": [15, 0.75, 15.125, 0.75], "texture": "#0"},
				"south": {"uv": [15, 0.75, 15.125, 0.75], "texture": "#0"},
				"west": {"uv": [15, 0.75, 15.125, 0.75], "texture": "#0"},
				"up": {"uv": [15.25, 1.75, 15.125, 1.5], "texture": "#0"},
				"down": {"uv": [15.375, 0.75, 15.25, 1], "texture": "#0"}
			}
		},
		{
			"name": "incline",
			"from": [22.98097, 10.525, 10.15788],
			"to": [23.48097, 11.025, 10.86499],
			"rotation": {"angle": -45, "axis": "y", "origin": [23.23097, 10.75, 10.40788]},
			"faces": {
				"north": {"uv": [15.25, 0.25, 15.125, 0.5], "texture": "#0"},
				"east": {"uv": [15.25, 0.25, 15.125, 0.5], "texture": "#0"},
				"south": {"uv": [15.25, 0.25, 15.125, 0.5], "texture": "#0"},
				"west": {"uv": [15.25, 0.25, 15.125, 0.5], "texture": "#0"},
				"up": {"uv": [15.25, 0.25, 15.125, 0.5], "texture": "#0"},
				"down": {"uv": [15.25, 0.5, 15.125, 0.25], "texture": "#0"}
			}
		},
		{
			"name": "side",
			"from": [22.73097, 10.5, 10.55433],
			"to": [23.23097, 11, 14.55433],
			"rotation": {"angle": 0, "axis": "y", "origin": [21.98097, 10.5, 12.55433]},
			"faces": {
				"north": {"uv": [15, 0.25, 15.125, 0.5], "texture": "#0"},
				"east": {"uv": [15, 0, 16, 0.25], "texture": "#0"},
				"south": {"uv": [15, 0.25, 15.125, 0.5], "texture": "#0"},
				"west": {"uv": [15, 0, 16, 0.25], "texture": "#0"},
				"up": {"uv": [15, 2, 14.875, 0], "texture": "#0"},
				"down": {"uv": [15, 0, 14.875, 2], "texture": "#0"}
			}
		},
		{
			"name": "incline",
			"from": [22.98097, 10.525, 14.24367],
			"to": [23.48097, 11.025, 14.95078],
			"rotation": {"angle": 45, "axis": "y", "origin": [23.23097, 10.75, 14.70078]},
			"faces": {
				"north": {"uv": [15.125, 0.25, 15.25, 0.5], "texture": "#0"},
				"east": {"uv": [15.125, 0.25, 15.25, 0.5], "texture": "#0"},
				"south": {"uv": [15.125, 0.25, 15.25, 0.5], "texture": "#0"},
				"west": {"uv": [15.125, 0.25, 15.25, 0.5], "texture": "#0"},
				"up": {"uv": [15.25, 0.5, 15.125, 0.25], "texture": "#0"},
				"down": {"uv": [15.25, 0.25, 15.125, 0.5], "texture": "#0"}
			}
		},
		{
			"name": "incline",
			"from": [24.98097, 10.525, 10.15788],
			"to": [25.48097, 11.025, 10.86499],
			"rotation": {"angle": 45, "axis": "y", "origin": [25.23097, 10.75, 10.40788]},
			"faces": {
				"north": {"uv": [15.125, 0.25, 15.25, 0.5], "texture": "#0"},
				"east": {"uv": [15.125, 0.25, 15.25, 0.5], "texture": "#0"},
				"south": {"uv": [15.125, 0.25, 15.25, 0.5], "texture": "#0"},
				"west": {"uv": [15.125, 0.25, 15.25, 0.5], "texture": "#0"},
				"up": {"uv": [15.125, 0.25, 15.25, 0.5], "texture": "#0"},
				"down": {"uv": [15.125, 0.5, 15.25, 0.25], "texture": "#0"}
			}
		},
		{
			"name": "side",
			"from": [25.23097, 10.5, 10.55433],
			"to": [25.73097, 11, 14.55433],
			"rotation": {"angle": 0, "axis": "y", "origin": [26.48097, 10.5, 12.55433]},
			"faces": {
				"north": {"uv": [15.125, 0.25, 15, 0.5], "texture": "#0"},
				"east": {"uv": [16, 0, 15, 0.25], "texture": "#0"},
				"south": {"uv": [15.125, 0.25, 15, 0.5], "texture": "#0"},
				"west": {"uv": [16, 0, 15, 0.25], "texture": "#0"},
				"up": {"uv": [14.875, 2, 15, 0], "texture": "#0"},
				"down": {"uv": [14.875, 0, 15, 2], "texture": "#0"}
			}
		},
		{
			"name": "incline",
			"from": [24.98097, 10.525, 14.24367],
			"to": [25.48097, 11.025, 14.95078],
			"rotation": {"angle": -45, "axis": "y", "origin": [25.23097, 10.75, 14.70078]},
			"faces": {
				"north": {"uv": [15.25, 0.25, 15.125, 0.5], "texture": "#0"},
				"east": {"uv": [15.25, 0.25, 15.125, 0.5], "texture": "#0"},
				"south": {"uv": [15.25, 0.25, 15.125, 0.5], "texture": "#0"},
				"west": {"uv": [15.25, 0.25, 15.125, 0.5], "texture": "#0"},
				"up": {"uv": [15.125, 0.5, 15.25, 0.25], "texture": "#0"},
				"down": {"uv": [15.125, 0.25, 15.25, 0.5], "texture": "#0"}
			}
		},
		{
			"name": "hairbrush",
			"from": [20.31799, 10.5, 9.10956],
			"to": [21.35352, 11, 12.10956],
			"rotation": {"angle": 0, "axis": "y", "origin": [20.83576, 10.75, 10.85956]},
			"faces": {
				"north": {"uv": [13.75, 3.5, 14, 3.75], "texture": "#0"},
				"east": {"uv": [13.75, 3.5, 14.5, 3.75], "texture": "#0"},
				"south": {"uv": [13.75, 3.5, 14, 3.75], "texture": "#0"},
				"west": {"uv": [13.75, 3.5, 14.5, 3.75], "texture": "#0"},
				"up": {"uv": [13.75, 3.75, 14, 5.25], "texture": "#0"},
				"down": {"uv": [13.75, 3.75, 14, 5.25], "texture": "#0"}
			}
		},
		{
			"name": "hairbrush",
			"from": [20.46799, 10.5, 6.60956],
			"to": [21.21799, 11, 9.10956],
			"rotation": {"angle": 0, "axis": "y", "origin": [20.83576, 10.75, 10.85956]},
			"faces": {
				"north": {"uv": [12.75, 3.75, 13, 4], "texture": "#0"},
				"east": {"uv": [12.5, 3.5, 13.125, 3.75], "texture": "#0"},
				"south": {"uv": [12.75, 3.75, 13, 4], "texture": "#0"},
				"west": {"uv": [12.5, 3.5, 13.125, 3.75], "texture": "#0"},
				"up": {"uv": [12.5, 3.75, 12.75, 5], "texture": "#0"},
				"down": {"uv": [12.5, 3.75, 12.75, 5], "texture": "#0"}
			}
		},
		{
			"name": "hairbrush",
			"from": [21.58576, 10.5, 9.84179],
			"to": [22.08576, 11, 10.87733],
			"rotation": {"angle": 45, "axis": "y", "origin": [20.83576, 10.75, 10.35956]},
			"faces": {
				"north": {"uv": [12.75, 4, 12.875, 4.25], "texture": "#0"},
				"east": {"uv": [12.75, 4, 13, 4.25], "texture": "#0"},
				"south": {"uv": [12.75, 4, 12.875, 4.25], "texture": "#0"},
				"west": {"uv": [12.75, 4, 13, 4.25], "texture": "#0"},
				"up": {"uv": [12.75, 4, 12.875, 4.5], "texture": "#0"},
				"down": {"uv": [12.75, 4, 12.875, 4.5], "texture": "#0"}
			}
		},
		{
			"name": "hairbrush",
			"from": [19.58576, 10.5, 9.84179],
			"to": [20.08576, 11, 10.87733],
			"rotation": {"angle": -45, "axis": "y", "origin": [20.83576, 10.75, 10.35956]},
			"faces": {
				"north": {"uv": [12.875, 4, 12.75, 4.25], "texture": "#0"},
				"east": {"uv": [13, 4, 12.75, 4.25], "texture": "#0"},
				"south": {"uv": [12.875, 4, 12.75, 4.25], "texture": "#0"},
				"west": {"uv": [13, 4, 12.75, 4.25], "texture": "#0"},
				"up": {"uv": [12.875, 4, 12.75, 4.5], "texture": "#0"},
				"down": {"uv": [12.875, 4, 12.75, 4.5], "texture": "#0"}
			}
		},
		{
			"name": "hairbrush",
			"from": [21.58576, 10.5, 10.34179],
			"to": [22.08576, 11, 11.37733],
			"rotation": {"angle": -45, "axis": "y", "origin": [20.83576, 10.75, 10.85956]},
			"faces": {
				"north": {"uv": [12.875, 4, 12.75, 4.25], "texture": "#0"},
				"east": {"uv": [13, 4, 12.75, 4.25], "texture": "#0"},
				"south": {"uv": [12.875, 4, 12.75, 4.25], "texture": "#0"},
				"west": {"uv": [13, 4, 12.75, 4.25], "texture": "#0"},
				"up": {"uv": [12.75, 4.5, 12.875, 4], "texture": "#0"},
				"down": {"uv": [12.75, 4.5, 12.875, 4], "texture": "#0"}
			}
		},
		{
			"name": "hairbrush",
			"from": [19.58576, 10.5, 10.34179],
			"to": [20.08576, 11, 11.37733],
			"rotation": {"angle": 45, "axis": "y", "origin": [20.83576, 10.75, 10.85956]},
			"faces": {
				"north": {"uv": [12.75, 4, 12.875, 4.25], "texture": "#0"},
				"east": {"uv": [12.75, 4, 13, 4.25], "texture": "#0"},
				"south": {"uv": [12.75, 4, 12.875, 4.25], "texture": "#0"},
				"west": {"uv": [12.75, 4, 13, 4.25], "texture": "#0"},
				"up": {"uv": [12.875, 4.5, 12.75, 4], "texture": "#0"},
				"down": {"uv": [12.875, 4.5, 12.75, 4], "texture": "#0"}
			}
		},
		{
			"name": "hairbrush",
			"from": [19.58576, 10.5, 9.84179],
			"to": [22.08576, 11, 11.37733],
			"rotation": {"angle": 0, "axis": "y", "origin": [20.83576, 10.75, 10.85956]},
			"faces": {
				"north": {"uv": [13.125, 4.25, 13.75, 4.5], "texture": "#0"},
				"east": {"uv": [13.25, 4.25, 13.625, 4.5], "texture": "#0"},
				"south": {"uv": [13.125, 4.25, 13.75, 4.5], "texture": "#0"},
				"west": {"uv": [13.25, 4.25, 13.625, 4.5], "texture": "#0"},
				"up": {"uv": [13.125, 3.5, 13.75, 4.25], "texture": "#0"},
				"down": {"uv": [13.125, 3.5, 13.75, 4.25], "texture": "#0"}
			}
		},
		{
			"name": "bristles",
			"from": [20.56799, 11, 9.35956],
			"to": [21.60352, 11.5, 9.85956],
			"rotation": {"angle": 45, "axis": "y", "origin": [21.08576, 11.25, 10.60956]},
			"faces": {
				"north": {"uv": [13.875, 5.5, 14.125, 5.75], "texture": "#0"},
				"east": {"uv": [13.875, 5.5, 14, 5.75], "texture": "#0"},
				"south": {"uv": [13.875, 5.5, 14.125, 5.75], "texture": "#0"},
				"west": {"uv": [13.875, 5.5, 14, 5.75], "texture": "#0"},
				"up": {"uv": [13.875, 5.5, 14.125, 5.75], "texture": "#0"},
				"down": {"uv": [13.875, 5.5, 14.125, 5.75], "texture": "#0"}
			}
		},
		{
			"name": "bristles",
			"from": [20.06799, 11, 9.35956],
			"to": [21.10352, 11.5, 9.85956],
			"rotation": {"angle": -45, "axis": "y", "origin": [20.58576, 11.25, 10.60956]},
			"faces": {
				"north": {"uv": [14.125, 5.5, 13.875, 5.75], "texture": "#0"},
				"east": {"uv": [14, 5.5, 13.875, 5.75], "texture": "#0"},
				"south": {"uv": [14.125, 5.5, 13.875, 5.75], "texture": "#0"},
				"west": {"uv": [14, 5.5, 13.875, 5.75], "texture": "#0"},
				"up": {"uv": [14.125, 5.5, 13.875, 5.75], "texture": "#0"},
				"down": {"uv": [14.125, 5.5, 13.875, 5.75], "texture": "#0"}
			}
		},
		{
			"name": "bristles",
			"from": [20.56799, 11, 11.35956],
			"to": [21.60352, 11.5, 11.85956],
			"rotation": {"angle": -45, "axis": "y", "origin": [21.08576, 11.25, 10.60956]},
			"faces": {
				"north": {"uv": [14.125, 5.5, 13.875, 5.75], "texture": "#0"},
				"east": {"uv": [14, 5.5, 13.875, 5.75], "texture": "#0"},
				"south": {"uv": [14.125, 5.5, 13.875, 5.75], "texture": "#0"},
				"west": {"uv": [14, 5.5, 13.875, 5.75], "texture": "#0"},
				"up": {"uv": [13.875, 5.75, 14.125, 5.5], "texture": "#0"},
				"down": {"uv": [13.875, 5.75, 14.125, 5.5], "texture": "#0"}
			}
		},
		{
			"name": "bristles",
			"from": [20.06799, 11, 11.35956],
			"to": [21.10352, 11.5, 11.85956],
			"rotation": {"angle": 45, "axis": "y", "origin": [20.58576, 11.25, 10.60956]},
			"faces": {
				"north": {"uv": [13.875, 5.5, 14.125, 5.75], "texture": "#0"},
				"east": {"uv": [13.875, 5.5, 14, 5.75], "texture": "#0"},
				"south": {"uv": [13.875, 5.5, 14.125, 5.75], "texture": "#0"},
				"west": {"uv": [13.875, 5.5, 14, 5.75], "texture": "#0"},
				"up": {"uv": [14.125, 5.75, 13.875, 5.5], "texture": "#0"},
				"down": {"uv": [14.125, 5.75, 13.875, 5.5], "texture": "#0"}
			}
		},
		{
			"name": "bristles",
			"from": [20.56799, 11, 9.35956],
			"to": [21.10352, 11.5, 11.85956],
			"rotation": {"angle": 0, "axis": "y", "origin": [21.08576, 11.25, 11.10956]},
			"faces": {
				"north": {"uv": [13.75, 5.25, 13.875, 5.5], "texture": "#0"},
				"east": {"uv": [13.75, 5.25, 14.375, 5.5], "texture": "#0"},
				"south": {"uv": [13.75, 5.25, 13.875, 5.5], "texture": "#0"},
				"west": {"uv": [13.75, 5.25, 14.375, 5.5], "texture": "#0"},
				"up": {"uv": [13.75, 5.5, 13.875, 6.75], "texture": "#0"},
				"down": {"uv": [13.75, 5.5, 13.875, 6.75], "texture": "#0"}
			}
		},
		{
			"name": "bristles",
			"from": [19.83576, 11, 10.09179],
			"to": [21.83576, 11.5, 11.12733],
			"rotation": {"angle": 0, "axis": "y", "origin": [21.08576, 11.25, 11.10956]},
			"faces": {
				"north": {"uv": [13.875, 5.75, 14.375, 6], "texture": "#0"},
				"east": {"uv": [13.875, 5.75, 14.125, 6], "texture": "#0"},
				"south": {"uv": [13.875, 5.75, 14.375, 6], "texture": "#0"},
				"west": {"uv": [13.875, 5.75, 14.125, 6], "texture": "#0"},
				"up": {"uv": [13.875, 5.75, 14.375, 6.25], "texture": "#0"},
				"down": {"uv": [13.875, 5.75, 14.375, 6.25], "texture": "#0"}
			}
		},
		{
			"from": [19.2, 10.5, 10.2],
			"to": [24.2, 11, 10.7],
			"rotation": {"angle": 45, "axis": "y", "origin": [20.2, 10.5, 12.2]},
			"faces": {
				"north": {"uv": [12.5, 5.5, 13.75, 5.75], "texture": "#0"},
				"east": {"uv": [12.5, 5.5, 12.625, 5.75], "texture": "#0"},
				"south": {"uv": [12.5, 5.5, 13.75, 5.75], "texture": "#0"},
				"west": {"uv": [12.5, 5.5, 12.625, 5.75], "texture": "#0"},
				"up": {"uv": [12.5, 5.75, 13.75, 6], "texture": "#0"},
				"down": {"uv": [12.5, 5.75, 13.75, 6], "texture": "#0"}
			}
		},
		{
			"from": [19.2, 10.5, 10.7],
			"to": [21.7, 11, 11.7],
			"rotation": {"angle": 45, "axis": "y", "origin": [20.2, 10.5, 12.2]},
			"faces": {
				"north": {"uv": [12.5, 6, 13.125, 6.25], "texture": "#0"},
				"east": {"uv": [12.5, 6, 12.75, 6.25], "texture": "#0"},
				"south": {"uv": [12.5, 6, 13.125, 6.25], "texture": "#0"},
				"west": {"uv": [13.125, 6, 13.375, 6.25], "texture": "#0"},
				"up": {"uv": [12.5, 6.25, 13.125, 6.75], "texture": "#0"},
				"down": {"uv": [12.5, 6.25, 13.125, 6.75], "texture": "#0"}
			}
		},
		{
			"name": "front",
			"from": [17.5, 4, 14.5],
			"to": [27.5, 9, 15.5],
			"rotation": {"angle": 0, "axis": "y", "origin": [22.5, 6, 14.5]},
			"faces": {
				"north": {"uv": [7.5, 2, 10, 4.5], "texture": "#0"},
				"east": {"uv": [10, 2, 10.25, 4.5], "texture": "#0"},
				"south": {"uv": [10, 2, 7.5, 4.5], "texture": "#0"},
				"west": {"uv": [10.25, 2, 10, 4.5], "texture": "#0"},
				"up": {"uv": [2.875, 8, 0.375, 7.5], "texture": "#0"},
				"down": {"uv": [2.875, 7.5, 0.375, 8], "texture": "#0"}
			}
		},
		{
			"name": "bottom",
			"from": [17.5, 4, 5.5],
			"to": [27.5, 4.5, 14.5],
			"rotation": {"angle": 0, "axis": "y", "origin": [22.5, 6, 13.5]},
			"faces": {
				"north": {"uv": [7.5, 4.25, 10, 4.5], "texture": "#0"},
				"east": {"uv": [7.625, 4.25, 9.875, 4.5], "texture": "#0"},
				"south": {"uv": [7.5, 4.25, 10, 4.5], "texture": "#0"},
				"west": {"uv": [7.625, 4.25, 9.875, 4.5], "texture": "#0"},
				"up": {"uv": [10, 9, 7.5, 4.5], "texture": "#0"},
				"down": {"uv": [10, 4.5, 7.5, 9], "texture": "#0"}
			}
		},
		{
			"name": "side",
			"from": [27, 4.5, 5.5],
			"to": [27.5, 8.5, 14.5],
			"rotation": {"angle": 0, "axis": "y", "origin": [22.5, 6.5, 13.5]},
			"faces": {
				"north": {"uv": [2.125, 8.5, 2.25, 10.5], "texture": "#0"},
				"east": {"uv": [2.25, 8.5, 0, 10.5], "texture": "#0"},
				"south": {"uv": [2.125, 8.5, 2.25, 10.5], "texture": "#0"},
				"west": {"uv": [2.25, 8.5, 0, 10.5], "texture": "#0"},
				"up": {"uv": [7.625, 9, 7.5, 4.5], "texture": "#0"},
				"down": {"uv": [10, 4.5, 9.875, 9], "texture": "#0"}
			}
		},
		{
			"name": "side",
			"from": [17.5, 4.5, 5.5],
			"to": [18, 8.5, 14.5],
			"rotation": {"angle": 0, "axis": "y", "origin": [22.5, 6.5, 13.5]},
			"faces": {
				"north": {"uv": [2.25, 8.5, 2.125, 10.5], "texture": "#0"},
				"east": {"uv": [0, 8.5, 2.25, 10.5], "texture": "#0"},
				"south": {"uv": [2.25, 8.5, 2.125, 10.5], "texture": "#0"},
				"west": {"uv": [2.25, 8.5, 0, 10.5], "texture": "#0"},
				"up": {"uv": [7.5, 9, 7.625, 4.5], "texture": "#0"},
				"down": {"uv": [9.875, 4.5, 10, 9], "texture": "#0"}
			}
		},
		{
			"name": "back",
			"from": [18, 4.5, 5.5],
			"to": [27, 8.5, 6],
			"rotation": {"angle": 0, "axis": "y", "origin": [22, 6.5, 13.5]},
			"faces": {
				"north": {"uv": [0.125, 0.25, 2.375, 2.25], "texture": "#0"},
				"east": {"uv": [2.25, 0.25, 2.375, 2.25], "texture": "#0"},
				"south": {"uv": [0.125, 0.25, 2.375, 2.25], "texture": "#0"},
				"west": {"uv": [2.25, 0.25, 2.375, 2.25], "texture": "#0"},
				"up": {"uv": [2.375, 2.25, 0.125, 2], "texture": "#0"},
				"down": {"uv": [2.375, 2, 0.125, 2.25], "texture": "#0"}
			}
		},
		{
			"name": "handle_side",
			"from": [24, 5.75, 15.5],
			"to": [24.5, 6.75, 16.5],
			"rotation": {"angle": 0, "axis": "y", "origin": [22.5, 6.5, 15]},
			"faces": {
				"north": {"uv": [12.875, 0.5, 12.75, 1], "texture": "#0"},
				"east": {"uv": [12.75, 0.5, 12.5, 1], "texture": "#0"},
				"south": {"uv": [12.875, 0.5, 12.75, 1], "texture": "#0"},
				"west": {"uv": [12.75, 0.5, 12.5, 1], "texture": "#0"},
				"up": {"uv": [12.875, 1, 12.75, 0.5], "texture": "#0"},
				"down": {"uv": [12.75, 0.5, 12.875, 1], "texture": "#0"}
			}
		},
		{
			"name": "handle_center",
			"from": [21, 5.75, 16],
			"to": [24, 6.75, 16.5],
			"rotation": {"angle": 0, "axis": "y", "origin": [22.5, 6.5, 15]},
			"faces": {
				"north": {"uv": [12.5, 0, 13.25, 0.5], "texture": "#0"},
				"east": {"uv": [13.25, 0, 13.375, 0.5], "texture": "#0"},
				"south": {"uv": [12.5, 0, 13.25, 0.5], "texture": "#0"},
				"west": {"uv": [13.25, 0, 13.375, 0.5], "texture": "#0"},
				"up": {"uv": [12.5, 0.25, 13.25, 0], "texture": "#0"},
				"down": {"uv": [13.25, 0.25, 12.5, 0.5], "texture": "#0"}
			}
		},
		{
			"name": "handle_side",
			"from": [20.5, 5.75, 15.5],
			"to": [21, 6.75, 16.5],
			"rotation": {"angle": 0, "axis": "y", "origin": [22.5, 6.5, 15]},
			"faces": {
				"north": {"uv": [12.75, 0.5, 12.875, 1], "texture": "#0"},
				"east": {"uv": [12.5, 0.5, 12.75, 1], "texture": "#0"},
				"south": {"uv": [12.75, 0.5, 12.875, 1], "texture": "#0"},
				"west": {"uv": [12.5, 0.5, 12.75, 1], "texture": "#0"},
				"up": {"uv": [12.75, 1, 12.875, 0.5], "texture": "#0"},
				"down": {"uv": [12.875, 0.5, 12.75, 1], "texture": "#0"}
			}
		},
		{
			"name": "top_lid",
			"from": [19.01278, 5.5, 6.89307],
			"to": [25.01278, 6, 14.39307],
			"rotation": {"angle": 0, "axis": "y", "origin": [22.01278, 3.5, 10.39307]},
			"faces": {
				"north": {"uv": [10.375, 4.25, 11.875, 4.5], "texture": "#0"},
				"east": {"uv": [10.375, 3.75, 12.25, 4], "texture": "#0"},
				"south": {"uv": [10.375, 4.25, 11.875, 4.5], "texture": "#0"},
				"west": {"uv": [10.375, 4, 12.25, 4.25], "texture": "#0"},
				"up": {"uv": [10.375, 0, 11.875, 3.75], "texture": "#0"},
				"down": {"uv": [11.875, 0, 10.375, 3.75], "texture": "#0"}
			}
		},
		{
			"name": "bottom_lid",
			"from": [19.01278, 4.5, 6.89307],
			"to": [25.01278, 5, 14.39307],
			"rotation": {"angle": 0, "axis": "y", "origin": [22.01278, 2.5, 10.39307]},
			"faces": {
				"north": {"uv": [10.375, 4.25, 11.875, 4.5], "texture": "#0"},
				"east": {"uv": [10.375, 3.75, 12.25, 4], "texture": "#0"},
				"south": {"uv": [10.375, 4.25, 11.875, 4.5], "texture": "#0"},
				"west": {"uv": [10.375, 4, 12.25, 4.25], "texture": "#0"},
				"up": {"uv": [10.375, 0, 11.875, 3.75], "texture": "#0"},
				"down": {"uv": [11.875, 0, 10.375, 3.75], "texture": "#0"}
			}
		},
		{
			"name": "spine",
			"from": [19.01278, 5, 6.89307],
			"to": [19.51278, 5.5, 14.39307],
			"rotation": {"angle": 0, "axis": "y", "origin": [22.01278, 3.5, 10.39307]},
			"faces": {
				"north": {"uv": [12.25, 4.5, 12.375, 4.75], "texture": "#0"},
				"east": {"uv": [10.375, 4.5, 12.25, 4.75], "texture": "#0"},
				"south": {"uv": [12.25, 4.5, 12.375, 4.75], "texture": "#0"},
				"west": {"uv": [10.375, 4.5, 12.25, 4.75], "texture": "#0"},
				"up": {"uv": [10.5, 3.75, 10.375, 0], "texture": "#0"},
				"down": {"uv": [10.5, 0, 10.375, 3.75], "texture": "#0"}
			}
		},
		{
			"name": "pages",
			"from": [19.51278, 5, 7.14307],
			"to": [24.51278, 5.5, 14.14307],
			"rotation": {"angle": 0, "axis": "y", "origin": [22.01278, 3.5, 10.39307]},
			"faces": {
				"north": {"uv": [10.375, 8.25, 11.625, 8.5], "texture": "#0"},
				"east": {"uv": [10.375, 8.5, 12.125, 8.75], "texture": "#0"},
				"south": {"uv": [10.375, 8.25, 11.625, 8.5], "texture": "#0"},
				"west": {"uv": [10.375, 8.5, 12.125, 8.75], "texture": "#0"},
				"up": {"uv": [11.625, 8.25, 10.375, 4.75], "texture": "#0"},
				"down": {"uv": [11.625, 4.75, 10.375, 8.25], "texture": "#0"}
			}
		}
	],
	"display": {
		"fixed": {
			"rotation": [-90, -180, 0],
			"translation": [1, 1, -16],
			"scale": [2, 2, 2]
		}
	},
	"groups": [
		{
			"name": "bedside_table",
			"origin": [8, 0, 8],
			"color": 0,
			"children": [
				0,
				1,
				2,
				3,
				4,
				5,
				{
					"name": "leg_4",
					"origin": [1, 15, 1],
					"color": 0,
					"children": [6, 7]
				},
				{
					"name": "drawers",
					"origin": [8, 12, 14.5],
					"color": 0,
					"children": [
						{
							"name": "drawer_1",
							"origin": [8, 11.65, 10.15],
							"color": 0,
							"children": [
								8,
								9,
								10,
								11,
								12,
								{
									"name": "handle_top",
									"origin": [8, 12.5, 15],
									"color": 0,
									"children": [13, 14, 15]
								},
								{
									"name": "items",
									"origin": [8, 10, 11],
									"color": 0,
									"children": [
										{
											"name": "scrub",
											"origin": [10.75, 11.5, 8.65],
											"color": 0,
											"children": [16, 17, 18, 19]
										}
									]
								},
								{
									"name": "brush_and_comb",
									"origin": [-3.8, 2, 11.4],
									"color": 0,
									"children": [
										{
											"name": "phone",
											"origin": [9.48097, 10.5, 12.55433],
											"color": 0,
											"children": [
												20,
												{
													"name": "icon_1",
													"origin": [9.48097, 10.55, 15.75433],
													"color": 0,
													"children": [21, 22, 23]
												},
												{
													"name": "icon_2",
													"origin": [9.48097, 10.55, 14.55433],
													"color": 0,
													"children": [24, 25, 26]
												},
												{
													"name": "icon_3",
													"origin": [9.48097, 10.55, 13.35433],
													"color": 0,
													"children": [27, 28, 29]
												},
												{
													"name": "side",
													"origin": [8.23097, 10.75, 14.45078],
													"color": 0,
													"children": [30, 31, 32]
												},
												{
													"name": "side2",
													"origin": [10.73097, 10.75, 14.45078],
													"color": 0,
													"children": [33, 34, 35]
												}
											]
										},
										{
											"name": "hairbrush",
											"origin": [8.46799, 10.75, 10.80956],
											"color": 0,
											"children": [
												36,
												37,
												38,
												39,
												40,
												41,
												42,
												{
													"name": "bristles",
													"origin": [8.71799, 11.25, 11.05956],
													"color": 0,
													"children": [43, 44, 45, 46, 47, 48]
												}
											]
										},
										{
											"name": "comb",
											"origin": [5.7, 10.5, 12.2],
											"color": 0,
											"children": [49, 50]
										}
									]
								}
							]
						},
						{
							"name": "drawer_2",
							"origin": [8, 4.65, 10.15],
							"color": 0,
							"children": [
								51,
								52,
								53,
								54,
								55,
								{
									"name": "handle_top2",
									"origin": [8, 6.5, 15],
									"color": 0,
									"children": [56, 57, 58]
								},
								{
									"name": "items2",
									"origin": [8.25, 4, 11],
									"color": 0,
									"children": [
										{
											"name": "book",
											"origin": [6.82528, 5.25, 10.64307],
											"color": 0,
											"children": [59, 60, 61, 62]
										}
									]
								}
							]
						}
					]
				},
				{
					"name": "bedside_table",
					"origin": [8, 0, 8],
					"color": 0,
					"children": [
						63,
						64,
						65,
						66,
						67,
						{
							"name": "leg_4",
							"origin": [1, 15, 1],
							"color": 0,
							"children": [68, 69, 70, 71]
						},
						{
							"name": "drawers",
							"origin": [8, 12, 14.5],
							"color": 0,
							"children": [
								{
									"name": "drawer_1",
									"origin": [8, 11.65, 10.15],
									"color": 0,
									"children": [
										72,
										73,
										74,
										75,
										76,
										{
											"name": "handle_top",
											"origin": [8, 12.5, 15],
											"color": 0,
											"children": [77, 78, 79]
										},
										{
											"name": "items",
											"origin": [8, 10, 11],
											"color": 0,
											"children": [
												{
													"name": "scrub",
													"origin": [10.75, 11.5, 8.65],
													"color": 0,
													"children": [80, 81, 82, 83]
												}
											]
										},
										{
											"name": "brush_and_comb",
											"origin": [-3.8, 2, 11.4],
											"color": 0,
											"children": [
												{
													"name": "phone",
													"origin": [9.48097, 10.5, 12.55433],
													"color": 0,
													"children": [
														84,
														{
															"name": "icon_1",
															"origin": [9.48097, 10.55, 15.75433],
															"color": 0,
															"children": [85, 86, 87]
														},
														{
															"name": "icon_2",
															"origin": [9.48097, 10.55, 14.55433],
															"color": 0,
															"children": [88, 89, 90]
														},
														{
															"name": "icon_3",
															"origin": [9.48097, 10.55, 13.35433],
															"color": 0,
															"children": [91, 92, 93]
														},
														{
															"name": "side",
															"origin": [8.23097, 10.75, 14.45078],
															"color": 0,
															"children": [94, 95, 96]
														},
														{
															"name": "side2",
															"origin": [10.73097, 10.75, 14.45078],
															"color": 0,
															"children": [97, 98, 99]
														}
													]
												},
												{
													"name": "hairbrush",
													"origin": [8.46799, 10.75, 10.80956],
													"color": 0,
													"children": [
														100,
														101,
														102,
														103,
														104,
														105,
														106,
														{
															"name": "bristles",
															"origin": [8.71799, 11.25, 11.05956],
															"color": 0,
															"children": [107, 108, 109, 110, 111, 112]
														}
													]
												},
												{
													"name": "comb",
													"origin": [5.7, 10.5, 12.2],
													"color": 0,
													"children": [113, 114]
												}
											]
										}
									]
								},
								{
									"name": "drawer_2",
									"origin": [8, 4.65, 10.15],
									"color": 0,
									"children": [
										115,
										116,
										117,
										118,
										119,
										{
											"name": "handle_top2",
											"origin": [8, 6.5, 15],
											"color": 0,
											"children": [120, 121, 122]
										},
										{
											"name": "items2",
											"origin": [8.25, 4, 11],
											"color": 0,
											"children": [
												{
													"name": "book",
													"origin": [6.82528, 5.25, 10.64307],
													"color": 0,
													"children": [123, 124, 125, 126]
												}
											]
										}
									]
								}
							]
						}
					]
				}
			]
		}
	]
}