{
	"format_version": "1.21.6",
	"credit": "Made with Blockbench",
	"texture_size": [64, 32],
	"textures": {
		"0": "item/bedside_table_spruce"
	},
	"elements": [
		{
			"name": "counter",
			"from": [0, 15, 0],
			"to": [16, 16, 16],
			"rotation": {"angle": 0, "axis": "y", "origin": [8, 15, 8]},
			"faces": {
				"north": {"uv": [4, 8, 0, 8.5], "texture": "#0"},
				"east": {"uv": [0, 8, 4, 8.5], "texture": "#0"},
				"south": {"uv": [0, 8, 4, 8.5], "texture": "#0"},
				"west": {"uv": [4, 8, 0, 8.5], "texture": "#0"},
				"up": {"uv": [0, 0, 4, 8], "texture": "#0"},
				"down": {"uv": [4, 0, 0, 8], "texture": "#0"}
			}
		},
		{
			"name": "case_back",
			"from": [2, 3, 1],
			"to": [14, 15, 2],
			"rotation": {"angle": 0, "axis": "y", "origin": [8, 15, 7.5]},
			"faces": {
				"north": {"uv": [4.5, 0, 7.5, 6], "texture": "#0"},
				"east": {"uv": [4.75, 0, 5, 6], "texture": "#0"},
				"south": {"uv": [4.5, 0, 7.5, 6], "texture": "#0"},
				"west": {"uv": [4.75, 0, 5, 6], "texture": "#0"},
				"up": {"uv": [3.375, 7.5, 0.375, 8], "texture": "#0"},
				"down": {"uv": [3.375, 7.5, 0.375, 8], "texture": "#0"}
			}
		},
		{
			"name": "case_side",
			"from": [14.00736, 3, 1.75736],
			"to": [15.00736, 15, 13.75736],
			"rotation": {"angle": 0, "axis": "y", "origin": [14.50736, 9, 7.75736]},
			"faces": {
				"north": {"uv": [0.125, 0.25, 0.375, 6.25], "texture": "#0"},
				"east": {"uv": [4.5, 0, 7.5, 6], "texture": "#0"},
				"south": {"uv": [0.125, 0.25, 0.375, 6.25], "texture": "#0"},
				"west": {"uv": [4.5, 0, 7.5, 6], "texture": "#0"},
				"up": {"uv": [3.375, 8, 0.375, 7.5], "rotation": 270, "texture": "#0"},
				"down": {"uv": [3.375, 8, 0.375, 7.5], "rotation": 90, "texture": "#0"}
			}
		},
		{
			"name": "case_side",
			"from": [1.00736, 3, 1.75736],
			"to": [2.00736, 15, 13.75736],
			"rotation": {"angle": 0, "axis": "y", "origin": [1.50736, 9, 7.75736]},
			"faces": {
				"north": {"uv": [0.125, 0.25, 0.375, 6.25], "texture": "#0"},
				"east": {"uv": [4.5, 0, 7.5, 6], "texture": "#0"},
				"south": {"uv": [0.125, 0.25, 0.375, 6.25], "texture": "#0"},
				"west": {"uv": [4.5, 0, 7.5, 6], "texture": "#0"},
				"up": {"uv": [3.375, 8, 0.375, 7.5], "rotation": 270, "texture": "#0"},
				"down": {"uv": [3.375, 8, 0.375, 7.5], "rotation": 90, "texture": "#0"}
			}
		},
		{
			"name": "case_bottom",
			"from": [2, 3, 2],
			"to": [14, 4, 13.5],
			"rotation": {"angle": 0, "axis": "y", "origin": [8, 15, 8]},
			"faces": {
				"north": {"uv": [0.125, 0.25, 3.125, 0.75], "texture": "#0"},
				"east": {"uv": [0.25, 0.25, 3.125, 0.75], "texture": "#0"},
				"south": {"uv": [0.125, 0.25, 3.125, 0.75], "texture": "#0"},
				"west": {"uv": [0.25, 0.25, 3.125, 0.75], "texture": "#0"},
				"up": {"uv": [3.125, 6, 0.125, 0.25], "texture": "#0"},
				"down": {"uv": [3.125, 0.25, 0.125, 6], "texture": "#0"}
			}
		},
		{
			"name": "case_front",
			"from": [2.5, 3, 13.5],
			"to": [13.5, 15, 14.5],
			"rotation": {"angle": 0, "axis": "y", "origin": [8, 15, 8]},
			"faces": {
				"north": {"uv": [4.5, 6, 7.25, 12], "texture": "#0"},
				"east": {"uv": [4.75, 0, 5, 6], "texture": "#0"},
				"south": {"uv": [4.5, 6, 7.25, 12], "texture": "#0"},
				"west": {"uv": [4.75, 0, 5, 6], "texture": "#0"},
				"up": {"uv": [3.125, 8, 0.375, 7.5], "texture": "#0"},
				"down": {"uv": [3.125, 8, 0.375, 7.5], "texture": "#0"}
			}
		},
		{
			"name": "leg_1",
			"from": [0.5, 0, 13.5],
			"to": [2.5, 15, 15.5],
			"rotation": {"angle": 0, "axis": "y", "origin": [2, 15, 15]},
			"faces": {
				"north": {"uv": [4, 0, 4.5, 7.5], "texture": "#0"},
				"east": {"uv": [4.5, 0, 4, 7.5], "texture": "#0"},
				"south": {"uv": [4, 0, 4.5, 7.5], "texture": "#0"},
				"west": {"uv": [4, 0, 4.5, 7.5], "texture": "#0"},
				"up": {"uv": [4.5, 8.5, 4, 7.5], "texture": "#0"},
				"down": {"uv": [4.5, 7.5, 4, 8.5], "texture": "#0"}
			}
		},
		{
			"name": "leg_2",
			"from": [13.5, 0, 13.5],
			"to": [15.5, 15, 15.5],
			"rotation": {"angle": 0, "axis": "y", "origin": [15, 15, 15]},
			"faces": {
				"north": {"uv": [4, 0, 4.5, 7.5], "texture": "#0"},
				"east": {"uv": [4, 0, 4.5, 7.5], "texture": "#0"},
				"south": {"uv": [4, 0, 4.5, 7.5], "texture": "#0"},
				"west": {"uv": [4, 0, 4.5, 7.5], "texture": "#0"},
				"up": {"uv": [4.5, 8.5, 4, 7.5], "texture": "#0"},
				"down": {"uv": [4.5, 7.5, 4, 8.5], "texture": "#0"}
			}
		},
		{
			"name": "leg_3",
			"from": [13.5, 0, 0.5],
			"to": [15.5, 15, 2.5],
			"rotation": {"angle": 0, "axis": "y", "origin": [15, 15, 2]},
			"faces": {
				"north": {"uv": [4, 0, 4.5, 7.5], "texture": "#0"},
				"east": {"uv": [4, 0, 4.5, 7.5], "texture": "#0"},
				"south": {"uv": [4, 0, 4.5, 7.5], "texture": "#0"},
				"west": {"uv": [4, 0, 4.5, 7.5], "texture": "#0"},
				"up": {"uv": [4.5, 8.5, 4, 7.5], "texture": "#0"},
				"down": {"uv": [4.5, 7.5, 4, 8.5], "texture": "#0"}
			}
		},
		{
			"name": "leg_2",
			"from": [0.5, 0, 0.5],
			"to": [2.5, 15, 2.5],
			"rotation": {"angle": 0, "axis": "y", "origin": [2, 15, 2]},
			"faces": {
				"north": {"uv": [4, 0, 4.5, 7.5], "texture": "#0"},
				"east": {"uv": [4.5, 0, 4, 7.5], "texture": "#0"},
				"south": {"uv": [4, 0, 4.5, 7.5], "texture": "#0"},
				"west": {"uv": [4, 0, 4.5, 7.5], "texture": "#0"},
				"up": {"uv": [4.5, 8.5, 4, 7.5], "texture": "#0"},
				"down": {"uv": [4.5, 7.5, 4, 8.5], "texture": "#0"}
			}
		},
		{
			"name": "front",
			"from": [3, 10, 14.5],
			"to": [13, 14, 15.5],
			"rotation": {"angle": 0, "axis": "y", "origin": [8, 12, 14.5]},
			"faces": {
				"north": {"uv": [7.5, 0, 10, 2], "texture": "#0"},
				"east": {"uv": [10, 0, 10.25, 2], "texture": "#0"},
				"south": {"uv": [10, 0, 7.5, 2], "texture": "#0"},
				"west": {"uv": [10.25, 0, 10, 2], "texture": "#0"},
				"up": {"uv": [2.875, 8, 0.375, 7.5], "texture": "#0"},
				"down": {"uv": [2.875, 7.5, 0.375, 8], "texture": "#0"}
			}
		},
		{
			"name": "bottom",
			"from": [3, 10, 5.5],
			"to": [13, 10.5, 14.5],
			"rotation": {"angle": 0, "axis": "y", "origin": [8, 12, 13.5]},
			"faces": {
				"north": {"uv": [7.5, 4.25, 10, 4.5], "texture": "#0"},
				"east": {"uv": [7.625, 4.25, 9.875, 4.5], "texture": "#0"},
				"south": {"uv": [7.5, 4.25, 10, 4.5], "texture": "#0"},
				"west": {"uv": [7.625, 4.25, 9.875, 4.5], "texture": "#0"},
				"up": {"uv": [10, 9, 7.5, 4.5], "texture": "#0"},
				"down": {"uv": [10, 4.5, 7.5, 9], "texture": "#0"}
			}
		},
		{
			"name": "side",
			"from": [12.5, 10.5, 5.5],
			"to": [13, 13.5, 14.5],
			"rotation": {"angle": 0, "axis": "y", "origin": [8, 12.5, 13.5]},
			"faces": {
				"north": {"uv": [2.125, 8.5, 2.25, 10], "texture": "#0"},
				"east": {"uv": [2.25, 8.5, 0, 10], "texture": "#0"},
				"south": {"uv": [2.125, 8.5, 2.25, 10], "texture": "#0"},
				"west": {"uv": [2.25, 8.5, 0, 10], "texture": "#0"},
				"up": {"uv": [7.625, 9, 7.5, 4.5], "texture": "#0"},
				"down": {"uv": [10, 4.5, 9.875, 9], "texture": "#0"}
			}
		},
		{
			"name": "side",
			"from": [3, 10.5, 5.5],
			"to": [3.5, 13.5, 14.5],
			"rotation": {"angle": 0, "axis": "y", "origin": [8, 12.5, 13.5]},
			"faces": {
				"north": {"uv": [2.25, 8.5, 2.125, 10], "texture": "#0"},
				"east": {"uv": [0, 8.5, 2.25, 10], "texture": "#0"},
				"south": {"uv": [2.25, 8.5, 2.125, 10], "texture": "#0"},
				"west": {"uv": [2.25, 8.5, 0, 10], "texture": "#0"},
				"up": {"uv": [7.5, 9, 7.625, 4.5], "texture": "#0"},
				"down": {"uv": [9.875, 4.5, 10, 9], "texture": "#0"}
			}
		},
		{
			"name": "back",
			"from": [3.5, 10.5, 5.5],
			"to": [12.5, 13.5, 6],
			"rotation": {"angle": 0, "axis": "y", "origin": [7.5, 12.5, 13.5]},
			"faces": {
				"north": {"uv": [0.125, 0.25, 2.375, 1.75], "texture": "#0"},
				"east": {"uv": [2.25, 0.25, 2.375, 1.75], "texture": "#0"},
				"south": {"uv": [0.125, 0.25, 2.375, 1.75], "texture": "#0"},
				"west": {"uv": [2.25, 0.25, 2.375, 1.75], "texture": "#0"},
				"up": {"uv": [2.375, 1.75, 0.125, 1.5], "texture": "#0"},
				"down": {"uv": [2.375, 1.5, 0.125, 1.75], "texture": "#0"}
			}
		},
		{
			"name": "handle_side",
			"from": [9.5, 11.75, 15.5],
			"to": [10, 12.75, 16.5],
			"rotation": {"angle": 0, "axis": "y", "origin": [8, 12.5, 15]},
			"faces": {
				"north": {"uv": [12.875, 0.5, 12.75, 1], "texture": "#0"},
				"east": {"uv": [12.75, 0.5, 12.5, 1], "texture": "#0"},
				"south": {"uv": [12.875, 0.5, 12.75, 1], "texture": "#0"},
				"west": {"uv": [12.75, 0.5, 12.5, 1], "texture": "#0"},
				"up": {"uv": [12.875, 1, 12.75, 0.5], "texture": "#0"},
				"down": {"uv": [12.75, 0.5, 12.875, 1], "texture": "#0"}
			}
		},
		{
			"name": "handle_center",
			"from": [6.5, 11.75, 16],
			"to": [9.5, 12.75, 16.5],
			"rotation": {"angle": 0, "axis": "y", "origin": [8, 12.5, 15]},
			"faces": {
				"north": {"uv": [12.5, 0, 13.25, 0.5], "texture": "#0"},
				"east": {"uv": [13.25, 0, 13.375, 0.5], "texture": "#0"},
				"south": {"uv": [12.5, 0, 13.25, 0.5], "texture": "#0"},
				"west": {"uv": [13.25, 0, 13.375, 0.5], "texture": "#0"},
				"up": {"uv": [12.5, 0.25, 13.25, 0], "texture": "#0"},
				"down": {"uv": [13.25, 0.25, 12.5, 0.5], "texture": "#0"}
			}
		},
		{
			"name": "handle_side",
			"from": [6, 11.75, 15.5],
			"to": [6.5, 12.75, 16.5],
			"rotation": {"angle": 0, "axis": "y", "origin": [8, 12.5, 15]},
			"faces": {
				"north": {"uv": [12.75, 0.5, 12.875, 1], "texture": "#0"},
				"east": {"uv": [12.5, 0.5, 12.75, 1], "texture": "#0"},
				"south": {"uv": [12.75, 0.5, 12.875, 1], "texture": "#0"},
				"west": {"uv": [12.5, 0.5, 12.75, 1], "texture": "#0"},
				"up": {"uv": [12.75, 1, 12.875, 0.5], "texture": "#0"},
				"down": {"uv": [12.875, 0.5, 12.75, 1], "texture": "#0"}
			}
		},
		{
			"name": "octagon",
			"from": [9.25, 10.5, 8.02868],
			"to": [12.25, 12.5, 9.27132],
			"rotation": {"angle": 45, "axis": "y", "origin": [10.75, 11.5, 8.65]},
			"faces": {
				"north": {"uv": [12.5, 1.75, 13.25, 2.75], "texture": "#0"},
				"east": {"uv": [13.25, 1.25, 13.5, 2.25], "texture": "#0"},
				"south": {"uv": [12.5, 1.75, 13.25, 2.75], "texture": "#0"},
				"west": {"uv": [13.25, 1.25, 13.5, 2.25], "texture": "#0"},
				"up": {"uv": [12.5, 1.25, 13.25, 1.75], "texture": "#0"},
				"down": {"uv": [12.5, 2.75, 13.25, 3.25], "texture": "#0"}
			}
		},
		{
			"name": "octagon",
			"from": [9.25, 10.5, 8.02868],
			"to": [12.25, 12.5, 9.27132],
			"rotation": {"angle": 0, "axis": "y", "origin": [10.75, 11.5, 8.65]},
			"faces": {
				"north": {"uv": [12.5, 1.75, 13.25, 2.75], "texture": "#0"},
				"east": {"uv": [13.25, 1.25, 13.5, 2.25], "texture": "#0"},
				"south": {"uv": [12.5, 1.75, 13.25, 2.75], "texture": "#0"},
				"west": {"uv": [13.25, 1.25, 13.5, 2.25], "texture": "#0"},
				"up": {"uv": [12.5, 1.25, 13.25, 1.75], "texture": "#0"},
				"down": {"uv": [12.5, 2.75, 13.25, 3.25], "texture": "#0"}
			}
		},
		{
			"name": "octagon",
			"from": [9.25, 10.5, 8.02868],
			"to": [12.25, 12.5, 9.27132],
			"rotation": {"angle": 45, "axis": "y", "origin": [10.75, 11.5, 8.65]},
			"faces": {
				"north": {"uv": [12.5, 1.75, 13.25, 2.75], "texture": "#0"},
				"east": {"uv": [13.25, 1.25, 13.5, 2.25], "texture": "#0"},
				"south": {"uv": [12.5, 1.75, 13.25, 2.75], "texture": "#0"},
				"west": {"uv": [13.25, 1.25, 13.5, 2.25], "texture": "#0"},
				"up": {"uv": [12.5, 1.25, 13.25, 1.75], "texture": "#0"},
				"down": {"uv": [12.5, 2.75, 13.25, 3.25], "texture": "#0"}
			}
		},
		{
			"name": "octagon",
			"from": [9.25, 10.5, 8.02868],
			"to": [12.25, 12.5, 9.27132],
			"rotation": {"angle": 45, "axis": "x", "origin": [10.75, 11.5, 8.65]},
			"faces": {
				"north": {"uv": [12.5, 1.75, 13.25, 2.75], "texture": "#0"},
				"east": {"uv": [13.25, 1.25, 13.5, 2.25], "texture": "#0"},
				"south": {"uv": [12.5, 1.75, 13.25, 2.75], "texture": "#0"},
				"west": {"uv": [13.25, 1.25, 13.5, 2.25], "texture": "#0"},
				"up": {"uv": [12.5, 1.25, 13.25, 1.75], "texture": "#0"},
				"down": {"uv": [12.5, 2.75, 13.25, 3.25], "texture": "#0"}
			}
		},
		{
			"name": "center",
			"from": [8.73097, 10.5, 10.05433],
			"to": [10.73097, 11, 15.05433],
			"rotation": {"angle": 0, "axis": "y", "origin": [9.48097, 10.5, 12.55433]},
			"faces": {
				"north": {"uv": [14.375, 2.5, 14.875, 2.75], "texture": "#0"},
				"east": {"uv": [14.375, 2.25, 15.625, 2.5], "texture": "#0"},
				"south": {"uv": [14.375, 2.5, 14.875, 2.75], "texture": "#0"},
				"west": {"uv": [14.375, 2.25, 15.625, 2.5], "texture": "#0"},
				"up": {"uv": [14.875, 2.5, 14.375, 0], "texture": "#0"},
				"down": {"uv": [14.875, 0, 14.375, 2.5], "texture": "#0"}
			}
		},
		{
			"name": "icon",
			"from": [10.23097, 11.05, 13.50433],
			"to": [10.73097, 11.05, 14.00433],
			"rotation": {"angle": 0, "axis": "y", "origin": [10.98097, 10.55, 15.50433]},
			"faces": {
				"north": {"uv": [15, 0.75, 15.125, 0.75], "texture": "#0"},
				"east": {"uv": [15, 0.75, 15.125, 0.75], "texture": "#0"},
				"south": {"uv": [15, 0.75, 15.125, 0.75], "texture": "#0"},
				"west": {"uv": [15, 0.75, 15.125, 0.75], "texture": "#0"},
				"up": {"uv": [15.125, 1, 15, 0.75], "texture": "#0"},
				"down": {"uv": [15.375, 0.75, 15.25, 1], "texture": "#0"}
			}
		},
		{
			"name": "icon",
			"from": [9.48097, 11.05, 13.50433],
			"to": [9.98097, 11.05, 14.00433],
			"rotation": {"angle": 0, "axis": "y", "origin": [10.23097, 10.55, 15.50433]},
			"faces": {
				"north": {"uv": [15, 0.75, 15.125, 0.75], "texture": "#0"},
				"east": {"uv": [15, 0.75, 15.125, 0.75], "texture": "#0"},
				"south": {"uv": [15, 0.75, 15.125, 0.75], "texture": "#0"},
				"west": {"uv": [15, 0.75, 15.125, 0.75], "texture": "#0"},
				"up": {"uv": [15.25, 1, 15.125, 0.75], "texture": "#0"},
				"down": {"uv": [15.375, 0.75, 15.25, 1], "texture": "#0"}
			}
		},
		{
			"name": "icon",
			"from": [8.73097, 11.05, 13.50433],
			"to": [9.23097, 11.05, 14.00433],
			"rotation": {"angle": 0, "axis": "y", "origin": [9.48097, 10.55, 15.50433]},
			"faces": {
				"north": {"uv": [15, 0.75, 15.125, 0.75], "texture": "#0"},
				"east": {"uv": [15, 0.75, 15.125, 0.75], "texture": "#0"},
				"south": {"uv": [15, 0.75, 15.125, 0.75], "texture": "#0"},
				"west": {"uv": [15, 0.75, 15.125, 0.75], "texture": "#0"},
				"up": {"uv": [15.125, 1.25, 15, 1], "texture": "#0"},
				"down": {"uv": [15.375, 0.75, 15.25, 1], "texture": "#0"}
			}
		},
		{
			"name": "icon",
			"from": [10.23097, 11.05, 12.30433],
			"to": [10.73097, 11.05, 12.80433],
			"rotation": {"angle": 0, "axis": "y", "origin": [10.98097, 10.55, 14.30433]},
			"faces": {
				"north": {"uv": [15, 0.75, 15.125, 0.75], "texture": "#0"},
				"east": {"uv": [15, 0.75, 15.125, 0.75], "texture": "#0"},
				"south": {"uv": [15, 0.75, 15.125, 0.75], "texture": "#0"},
				"west": {"uv": [15, 0.75, 15.125, 0.75], "texture": "#0"},
				"up": {"uv": [15.25, 1.25, 15.125, 1], "texture": "#0"},
				"down": {"uv": [15.375, 0.75, 15.25, 1], "texture": "#0"}
			}
		},
		{
			"name": "icon",
			"from": [9.48097, 11.05, 12.30433],
			"to": [9.98097, 11.05, 12.80433],
			"rotation": {"angle": 0, "axis": "y", "origin": [10.23097, 10.55, 14.30433]},
			"faces": {
				"north": {"uv": [15, 0.75, 15.125, 0.75], "texture": "#0"},
				"east": {"uv": [15, 0.75, 15.125, 0.75], "texture": "#0"},
				"south": {"uv": [15, 0.75, 15.125, 0.75], "texture": "#0"},
				"west": {"uv": [15, 0.75, 15.125, 0.75], "texture": "#0"},
				"up": {"uv": [15.125, 1.5, 15, 1.25], "texture": "#0"},
				"down": {"uv": [15.375, 0.75, 15.25, 1], "texture": "#0"}
			}
		},
		{
			"name": "icon",
			"from": [8.73097, 11.05, 12.30433],
			"to": [9.23097, 11.05, 12.80433],
			"rotation": {"angle": 0, "axis": "y", "origin": [9.48097, 10.55, 14.30433]},
			"faces": {
				"north": {"uv": [15, 0.75, 15.125, 0.75], "texture": "#0"},
				"east": {"uv": [15, 0.75, 15.125, 0.75], "texture": "#0"},
				"south": {"uv": [15, 0.75, 15.125, 0.75], "texture": "#0"},
				"west": {"uv": [15, 0.75, 15.125, 0.75], "texture": "#0"},
				"up": {"uv": [15.25, 1.5, 15.125, 1.25], "texture": "#0"},
				"down": {"uv": [15.375, 0.75, 15.25, 1], "texture": "#0"}
			}
		},
		{
			"name": "icon",
			"from": [10.23097, 11.05, 11.10433],
			"to": [10.73097, 11.05, 11.60433],
			"rotation": {"angle": 0, "axis": "y", "origin": [10.98097, 10.55, 13.10433]},
			"faces": {
				"north": {"uv": [15, 0.75, 15.125, 0.75], "texture": "#0"},
				"east": {"uv": [15, 0.75, 15.125, 0.75], "texture": "#0"},
				"south": {"uv": [15, 0.75, 15.125, 0.75], "texture": "#0"},
				"west": {"uv": [15, 0.75, 15.125, 0.75], "texture": "#0"},
				"up": {"uv": [15.125, 2, 15, 1.75], "texture": "#0"},
				"down": {"uv": [15.375, 0.75, 15.25, 1], "texture": "#0"}
			}
		},
		{
			"name": "icon",
			"from": [9.48097, 11.05, 11.10433],
			"to": [9.98097, 11.05, 11.60433],
			"rotation": {"angle": 0, "axis": "y", "origin": [10.23097, 10.55, 13.10433]},
			"faces": {
				"north": {"uv": [15, 0.75, 15.125, 0.75], "texture": "#0"},
				"east": {"uv": [15, 0.75, 15.125, 0.75], "texture": "#0"},
				"south": {"uv": [15, 0.75, 15.125, 0.75], "texture": "#0"},
				"west": {"uv": [15, 0.75, 15.125, 0.75], "texture": "#0"},
				"up": {"uv": [15.125, 1.75, 15, 1.5], "texture": "#0"},
				"down": {"uv": [15.375, 0.75, 15.25, 1], "texture": "#0"}
			}
		},
		{
			"name": "icon",
			"from": [8.73097, 11.05, 11.10433],
			"to": [9.23097, 11.05, 11.60433],
			"rotation": {"angle": 0, "axis": "y", "origin": [9.48097, 10.55, 13.10433]},
			"faces": {
				"north": {"uv": [15, 0.75, 15.125, 0.75], "texture": "#0"},
				"east": {"uv": [15, 0.75, 15.125, 0.75], "texture": "#0"},
				"south": {"uv": [15, 0.75, 15.125, 0.75], "texture": "#0"},
				"west": {"uv": [15, 0.75, 15.125, 0.75], "texture": "#0"},
				"up": {"uv": [15.25, 1.75, 15.125, 1.5], "texture": "#0"},
				"down": {"uv": [15.375, 0.75, 15.25, 1], "texture": "#0"}
			}
		},
		{
			"name": "incline",
			"from": [8.48097, 10.525, 10.15788],
			"to": [8.98097, 11.025, 10.86499],
			"rotation": {"angle": -45, "axis": "y", "origin": [8.73097, 10.75, 10.40788]},
			"faces": {
				"north": {"uv": [15.25, 0.25, 15.125, 0.5], "texture": "#0"},
				"east": {"uv": [15.25, 0.25, 15.125, 0.5], "texture": "#0"},
				"south": {"uv": [15.25, 0.25, 15.125, 0.5], "texture": "#0"},
				"west": {"uv": [15.25, 0.25, 15.125, 0.5], "texture": "#0"},
				"up": {"uv": [15.25, 0.25, 15.125, 0.5], "texture": "#0"},
				"down": {"uv": [15.25, 0.5, 15.125, 0.25], "texture": "#0"}
			}
		},
		{
			"name": "side",
			"from": [8.23097, 10.5, 10.55433],
			"to": [8.73097, 11, 14.55433],
			"rotation": {"angle": 0, "axis": "y", "origin": [7.48097, 10.5, 12.55433]},
			"faces": {
				"north": {"uv": [15, 0.25, 15.125, 0.5], "texture": "#0"},
				"east": {"uv": [15, 0, 16, 0.25], "texture": "#0"},
				"south": {"uv": [15, 0.25, 15.125, 0.5], "texture": "#0"},
				"west": {"uv": [15, 0, 16, 0.25], "texture": "#0"},
				"up": {"uv": [15, 2, 14.875, 0], "texture": "#0"},
				"down": {"uv": [15, 0, 14.875, 2], "texture": "#0"}
			}
		},
		{
			"name": "incline",
			"from": [8.48097, 10.525, 14.24367],
			"to": [8.98097, 11.025, 14.95078],
			"rotation": {"angle": 45, "axis": "y", "origin": [8.73097, 10.75, 14.70078]},
			"faces": {
				"north": {"uv": [15.125, 0.25, 15.25, 0.5], "texture": "#0"},
				"east": {"uv": [15.125, 0.25, 15.25, 0.5], "texture": "#0"},
				"south": {"uv": [15.125, 0.25, 15.25, 0.5], "texture": "#0"},
				"west": {"uv": [15.125, 0.25, 15.25, 0.5], "texture": "#0"},
				"up": {"uv": [15.25, 0.5, 15.125, 0.25], "texture": "#0"},
				"down": {"uv": [15.25, 0.25, 15.125, 0.5], "texture": "#0"}
			}
		},
		{
			"name": "incline",
			"from": [10.48097, 10.525, 10.15788],
			"to": [10.98097, 11.025, 10.86499],
			"rotation": {"angle": 45, "axis": "y", "origin": [10.73097, 10.75, 10.40788]},
			"faces": {
				"north": {"uv": [15.125, 0.25, 15.25, 0.5], "texture": "#0"},
				"east": {"uv": [15.125, 0.25, 15.25, 0.5], "texture": "#0"},
				"south": {"uv": [15.125, 0.25, 15.25, 0.5], "texture": "#0"},
				"west": {"uv": [15.125, 0.25, 15.25, 0.5], "texture": "#0"},
				"up": {"uv": [15.125, 0.25, 15.25, 0.5], "texture": "#0"},
				"down": {"uv": [15.125, 0.5, 15.25, 0.25], "texture": "#0"}
			}
		},
		{
			"name": "side",
			"from": [10.73097, 10.5, 10.55433],
			"to": [11.23097, 11, 14.55433],
			"rotation": {"angle": 0, "axis": "y", "origin": [11.98097, 10.5, 12.55433]},
			"faces": {
				"north": {"uv": [15.125, 0.25, 15, 0.5], "texture": "#0"},
				"east": {"uv": [16, 0, 15, 0.25], "texture": "#0"},
				"south": {"uv": [15.125, 0.25, 15, 0.5], "texture": "#0"},
				"west": {"uv": [16, 0, 15, 0.25], "texture": "#0"},
				"up": {"uv": [14.875, 2, 15, 0], "texture": "#0"},
				"down": {"uv": [14.875, 0, 15, 2], "texture": "#0"}
			}
		},
		{
			"name": "incline",
			"from": [10.48097, 10.525, 14.24367],
			"to": [10.98097, 11.025, 14.95078],
			"rotation": {"angle": -45, "axis": "y", "origin": [10.73097, 10.75, 14.70078]},
			"faces": {
				"north": {"uv": [15.25, 0.25, 15.125, 0.5], "texture": "#0"},
				"east": {"uv": [15.25, 0.25, 15.125, 0.5], "texture": "#0"},
				"south": {"uv": [15.25, 0.25, 15.125, 0.5], "texture": "#0"},
				"west": {"uv": [15.25, 0.25, 15.125, 0.5], "texture": "#0"},
				"up": {"uv": [15.125, 0.5, 15.25, 0.25], "texture": "#0"},
				"down": {"uv": [15.125, 0.25, 15.25, 0.5], "texture": "#0"}
			}
		},
		{
			"name": "hairbrush",
			"from": [5.81799, 10.5, 9.10956],
			"to": [6.85352, 11, 12.10956],
			"rotation": {"angle": 0, "axis": "y", "origin": [6.33576, 10.75, 10.85956]},
			"faces": {
				"north": {"uv": [13.75, 3.5, 14, 3.75], "texture": "#0"},
				"east": {"uv": [13.75, 3.5, 14.5, 3.75], "texture": "#0"},
				"south": {"uv": [13.75, 3.5, 14, 3.75], "texture": "#0"},
				"west": {"uv": [13.75, 3.5, 14.5, 3.75], "texture": "#0"},
				"up": {"uv": [13.75, 3.75, 14, 5.25], "texture": "#0"},
				"down": {"uv": [13.75, 3.75, 14, 5.25], "texture": "#0"}
			}
		},
		{
			"name": "hairbrush",
			"from": [5.96799, 10.5, 6.60956],
			"to": [6.71799, 11, 9.10956],
			"rotation": {"angle": 0, "axis": "y", "origin": [6.33576, 10.75, 10.85956]},
			"faces": {
				"north": {"uv": [12.75, 3.75, 13, 4], "texture": "#0"},
				"east": {"uv": [12.5, 3.5, 13.125, 3.75], "texture": "#0"},
				"south": {"uv": [12.75, 3.75, 13, 4], "texture": "#0"},
				"west": {"uv": [12.5, 3.5, 13.125, 3.75], "texture": "#0"},
				"up": {"uv": [12.5, 3.75, 12.75, 5], "texture": "#0"},
				"down": {"uv": [12.5, 3.75, 12.75, 5], "texture": "#0"}
			}
		},
		{
			"name": "hairbrush",
			"from": [7.08576, 10.5, 9.84179],
			"to": [7.58576, 11, 10.87733],
			"rotation": {"angle": 45, "axis": "y", "origin": [6.33576, 10.75, 10.35956]},
			"faces": {
				"north": {"uv": [12.75, 4, 12.875, 4.25], "texture": "#0"},
				"east": {"uv": [12.75, 4, 13, 4.25], "texture": "#0"},
				"south": {"uv": [12.75, 4, 12.875, 4.25], "texture": "#0"},
				"west": {"uv": [12.75, 4, 13, 4.25], "texture": "#0"},
				"up": {"uv": [12.75, 4, 12.875, 4.5], "texture": "#0"},
				"down": {"uv": [12.75, 4, 12.875, 4.5], "texture": "#0"}
			}
		},
		{
			"name": "hairbrush",
			"from": [5.08576, 10.5, 9.84179],
			"to": [5.58576, 11, 10.87733],
			"rotation": {"angle": -45, "axis": "y", "origin": [6.33576, 10.75, 10.35956]},
			"faces": {
				"north": {"uv": [12.875, 4, 12.75, 4.25], "texture": "#0"},
				"east": {"uv": [13, 4, 12.75, 4.25], "texture": "#0"},
				"south": {"uv": [12.875, 4, 12.75, 4.25], "texture": "#0"},
				"west": {"uv": [13, 4, 12.75, 4.25], "texture": "#0"},
				"up": {"uv": [12.875, 4, 12.75, 4.5], "texture": "#0"},
				"down": {"uv": [12.875, 4, 12.75, 4.5], "texture": "#0"}
			}
		},
		{
			"name": "hairbrush",
			"from": [7.08576, 10.5, 10.34179],
			"to": [7.58576, 11, 11.37733],
			"rotation": {"angle": -45, "axis": "y", "origin": [6.33576, 10.75, 10.85956]},
			"faces": {
				"north": {"uv": [12.875, 4, 12.75, 4.25], "texture": "#0"},
				"east": {"uv": [13, 4, 12.75, 4.25], "texture": "#0"},
				"south": {"uv": [12.875, 4, 12.75, 4.25], "texture": "#0"},
				"west": {"uv": [13, 4, 12.75, 4.25], "texture": "#0"},
				"up": {"uv": [12.75, 4.5, 12.875, 4], "texture": "#0"},
				"down": {"uv": [12.75, 4.5, 12.875, 4], "texture": "#0"}
			}
		},
		{
			"name": "hairbrush",
			"from": [5.08576, 10.5, 10.34179],
			"to": [5.58576, 11, 11.37733],
			"rotation": {"angle": 45, "axis": "y", "origin": [6.33576, 10.75, 10.85956]},
			"faces": {
				"north": {"uv": [12.75, 4, 12.875, 4.25], "texture": "#0"},
				"east": {"uv": [12.75, 4, 13, 4.25], "texture": "#0"},
				"south": {"uv": [12.75, 4, 12.875, 4.25], "texture": "#0"},
				"west": {"uv": [12.75, 4, 13, 4.25], "texture": "#0"},
				"up": {"uv": [12.875, 4.5, 12.75, 4], "texture": "#0"},
				"down": {"uv": [12.875, 4.5, 12.75, 4], "texture": "#0"}
			}
		},
		{
			"name": "hairbrush",
			"from": [5.08576, 10.5, 9.84179],
			"to": [7.58576, 11, 11.37733],
			"rotation": {"angle": 0, "axis": "y", "origin": [6.33576, 10.75, 10.85956]},
			"faces": {
				"north": {"uv": [13.125, 4.25, 13.75, 4.5], "texture": "#0"},
				"east": {"uv": [13.25, 4.25, 13.625, 4.5], "texture": "#0"},
				"south": {"uv": [13.125, 4.25, 13.75, 4.5], "texture": "#0"},
				"west": {"uv": [13.25, 4.25, 13.625, 4.5], "texture": "#0"},
				"up": {"uv": [13.125, 3.5, 13.75, 4.25], "texture": "#0"},
				"down": {"uv": [13.125, 3.5, 13.75, 4.25], "texture": "#0"}
			}
		},
		{
			"name": "bristles",
			"from": [6.06799, 11, 9.35956],
			"to": [7.10352, 11.5, 9.85956],
			"rotation": {"angle": 45, "axis": "y", "origin": [6.58576, 11.25, 10.60956]},
			"faces": {
				"north": {"uv": [13.875, 5.5, 14.125, 5.75], "texture": "#0"},
				"east": {"uv": [13.875, 5.5, 14, 5.75], "texture": "#0"},
				"south": {"uv": [13.875, 5.5, 14.125, 5.75], "texture": "#0"},
				"west": {"uv": [13.875, 5.5, 14, 5.75], "texture": "#0"},
				"up": {"uv": [13.875, 5.5, 14.125, 5.75], "texture": "#0"},
				"down": {"uv": [13.875, 5.5, 14.125, 5.75], "texture": "#0"}
			}
		},
		{
			"name": "bristles",
			"from": [5.56799, 11, 9.35956],
			"to": [6.60352, 11.5, 9.85956],
			"rotation": {"angle": -45, "axis": "y", "origin": [6.08576, 11.25, 10.60956]},
			"faces": {
				"north": {"uv": [14.125, 5.5, 13.875, 5.75], "texture": "#0"},
				"east": {"uv": [14, 5.5, 13.875, 5.75], "texture": "#0"},
				"south": {"uv": [14.125, 5.5, 13.875, 5.75], "texture": "#0"},
				"west": {"uv": [14, 5.5, 13.875, 5.75], "texture": "#0"},
				"up": {"uv": [14.125, 5.5, 13.875, 5.75], "texture": "#0"},
				"down": {"uv": [14.125, 5.5, 13.875, 5.75], "texture": "#0"}
			}
		},
		{
			"name": "bristles",
			"from": [6.06799, 11, 11.35956],
			"to": [7.10352, 11.5, 11.85956],
			"rotation": {"angle": -45, "axis": "y", "origin": [6.58576, 11.25, 10.60956]},
			"faces": {
				"north": {"uv": [14.125, 5.5, 13.875, 5.75], "texture": "#0"},
				"east": {"uv": [14, 5.5, 13.875, 5.75], "texture": "#0"},
				"south": {"uv": [14.125, 5.5, 13.875, 5.75], "texture": "#0"},
				"west": {"uv": [14, 5.5, 13.875, 5.75], "texture": "#0"},
				"up": {"uv": [13.875, 5.75, 14.125, 5.5], "texture": "#0"},
				"down": {"uv": [13.875, 5.75, 14.125, 5.5], "texture": "#0"}
			}
		},
		{
			"name": "bristles",
			"from": [5.56799, 11, 11.35956],
			"to": [6.60352, 11.5, 11.85956],
			"rotation": {"angle": 45, "axis": "y", "origin": [6.08576, 11.25, 10.60956]},
			"faces": {
				"north": {"uv": [13.875, 5.5, 14.125, 5.75], "texture": "#0"},
				"east": {"uv": [13.875, 5.5, 14, 5.75], "texture": "#0"},
				"south": {"uv": [13.875, 5.5, 14.125, 5.75], "texture": "#0"},
				"west": {"uv": [13.875, 5.5, 14, 5.75], "texture": "#0"},
				"up": {"uv": [14.125, 5.75, 13.875, 5.5], "texture": "#0"},
				"down": {"uv": [14.125, 5.75, 13.875, 5.5], "texture": "#0"}
			}
		},
		{
			"name": "bristles",
			"from": [6.06799, 11, 9.35956],
			"to": [6.60352, 11.5, 11.85956],
			"rotation": {"angle": 0, "axis": "y", "origin": [6.58576, 11.25, 11.10956]},
			"faces": {
				"north": {"uv": [13.75, 5.25, 13.875, 5.5], "texture": "#0"},
				"east": {"uv": [13.75, 5.25, 14.375, 5.5], "texture": "#0"},
				"south": {"uv": [13.75, 5.25, 13.875, 5.5], "texture": "#0"},
				"west": {"uv": [13.75, 5.25, 14.375, 5.5], "texture": "#0"},
				"up": {"uv": [13.75, 5.5, 13.875, 6.75], "texture": "#0"},
				"down": {"uv": [13.75, 5.5, 13.875, 6.75], "texture": "#0"}
			}
		},
		{
			"name": "bristles",
			"from": [5.33576, 11, 10.09179],
			"to": [7.33576, 11.5, 11.12733],
			"rotation": {"angle": 0, "axis": "y", "origin": [6.58576, 11.25, 11.10956]},
			"faces": {
				"north": {"uv": [13.875, 5.75, 14.375, 6], "texture": "#0"},
				"east": {"uv": [13.875, 5.75, 14.125, 6], "texture": "#0"},
				"south": {"uv": [13.875, 5.75, 14.375, 6], "texture": "#0"},
				"west": {"uv": [13.875, 5.75, 14.125, 6], "texture": "#0"},
				"up": {"uv": [13.875, 5.75, 14.375, 6.25], "texture": "#0"},
				"down": {"uv": [13.875, 5.75, 14.375, 6.25], "texture": "#0"}
			}
		},
		{
			"from": [4.7, 10.5, 10.2],
			"to": [9.7, 11, 10.7],
			"rotation": {"angle": 45, "axis": "y", "origin": [5.7, 10.5, 12.2]},
			"faces": {
				"north": {"uv": [12.5, 5.5, 13.75, 5.75], "texture": "#0"},
				"east": {"uv": [12.5, 5.5, 12.625, 5.75], "texture": "#0"},
				"south": {"uv": [12.5, 5.5, 13.75, 5.75], "texture": "#0"},
				"west": {"uv": [12.5, 5.5, 12.625, 5.75], "texture": "#0"},
				"up": {"uv": [12.5, 5.75, 13.75, 6], "texture": "#0"},
				"down": {"uv": [12.5, 5.75, 13.75, 6], "texture": "#0"}
			}
		},
		{
			"from": [4.7, 10.5, 10.7],
			"to": [7.2, 11, 11.7],
			"rotation": {"angle": 45, "axis": "y", "origin": [5.7, 10.5, 12.2]},
			"faces": {
				"north": {"uv": [12.5, 6, 13.125, 6.25], "texture": "#0"},
				"east": {"uv": [12.5, 6, 12.75, 6.25], "texture": "#0"},
				"south": {"uv": [12.5, 6, 13.125, 6.25], "texture": "#0"},
				"west": {"uv": [13.125, 6, 13.375, 6.25], "texture": "#0"},
				"up": {"uv": [12.5, 6.25, 13.125, 6.75], "texture": "#0"},
				"down": {"uv": [12.5, 6.25, 13.125, 6.75], "texture": "#0"}
			}
		},
		{
			"name": "front",
			"from": [3, 4, 14.5],
			"to": [13, 9, 15.5],
			"rotation": {"angle": 0, "axis": "y", "origin": [8, 6, 14.5]},
			"faces": {
				"north": {"uv": [7.5, 2, 10, 4.5], "texture": "#0"},
				"east": {"uv": [10, 2, 10.25, 4.5], "texture": "#0"},
				"south": {"uv": [10, 2, 7.5, 4.5], "texture": "#0"},
				"west": {"uv": [10.25, 2, 10, 4.5], "texture": "#0"},
				"up": {"uv": [2.875, 8, 0.375, 7.5], "texture": "#0"},
				"down": {"uv": [2.875, 7.5, 0.375, 8], "texture": "#0"}
			}
		},
		{
			"name": "bottom",
			"from": [3, 4, 5.5],
			"to": [13, 4.5, 14.5],
			"rotation": {"angle": 0, "axis": "y", "origin": [8, 6, 13.5]},
			"faces": {
				"north": {"uv": [7.5, 4.25, 10, 4.5], "texture": "#0"},
				"east": {"uv": [7.625, 4.25, 9.875, 4.5], "texture": "#0"},
				"south": {"uv": [7.5, 4.25, 10, 4.5], "texture": "#0"},
				"west": {"uv": [7.625, 4.25, 9.875, 4.5], "texture": "#0"},
				"up": {"uv": [10, 9, 7.5, 4.5], "texture": "#0"},
				"down": {"uv": [10, 4.5, 7.5, 9], "texture": "#0"}
			}
		},
		{
			"name": "side",
			"from": [12.5, 4.5, 5.5],
			"to": [13, 8.5, 14.5],
			"rotation": {"angle": 0, "axis": "y", "origin": [8, 6.5, 13.5]},
			"faces": {
				"north": {"uv": [2.125, 8.5, 2.25, 10.5], "texture": "#0"},
				"east": {"uv": [2.25, 8.5, 0, 10.5], "texture": "#0"},
				"south": {"uv": [2.125, 8.5, 2.25, 10.5], "texture": "#0"},
				"west": {"uv": [2.25, 8.5, 0, 10.5], "texture": "#0"},
				"up": {"uv": [7.625, 9, 7.5, 4.5], "texture": "#0"},
				"down": {"uv": [10, 4.5, 9.875, 9], "texture": "#0"}
			}
		},
		{
			"name": "side",
			"from": [3, 4.5, 5.5],
			"to": [3.5, 8.5, 14.5],
			"rotation": {"angle": 0, "axis": "y", "origin": [8, 6.5, 13.5]},
			"faces": {
				"north": {"uv": [2.25, 8.5, 2.125, 10.5], "texture": "#0"},
				"east": {"uv": [0, 8.5, 2.25, 10.5], "texture": "#0"},
				"south": {"uv": [2.25, 8.5, 2.125, 10.5], "texture": "#0"},
				"west": {"uv": [2.25, 8.5, 0, 10.5], "texture": "#0"},
				"up": {"uv": [7.5, 9, 7.625, 4.5], "texture": "#0"},
				"down": {"uv": [9.875, 4.5, 10, 9], "texture": "#0"}
			}
		},
		{
			"name": "back",
			"from": [3.5, 4.5, 5.5],
			"to": [12.5, 8.5, 6],
			"rotation": {"angle": 0, "axis": "y", "origin": [7.5, 6.5, 13.5]},
			"faces": {
				"north": {"uv": [0.125, 0.25, 2.375, 2.25], "texture": "#0"},
				"east": {"uv": [2.25, 0.25, 2.375, 2.25], "texture": "#0"},
				"south": {"uv": [0.125, 0.25, 2.375, 2.25], "texture": "#0"},
				"west": {"uv": [2.25, 0.25, 2.375, 2.25], "texture": "#0"},
				"up": {"uv": [2.375, 2.25, 0.125, 2], "texture": "#0"},
				"down": {"uv": [2.375, 2, 0.125, 2.25], "texture": "#0"}
			}
		},
		{
			"name": "handle_side",
			"from": [9.5, 5.75, 15.5],
			"to": [10, 6.75, 16.5],
			"rotation": {"angle": 0, "axis": "y", "origin": [8, 6.5, 15]},
			"faces": {
				"north": {"uv": [12.875, 0.5, 12.75, 1], "texture": "#0"},
				"east": {"uv": [12.75, 0.5, 12.5, 1], "texture": "#0"},
				"south": {"uv": [12.875, 0.5, 12.75, 1], "texture": "#0"},
				"west": {"uv": [12.75, 0.5, 12.5, 1], "texture": "#0"},
				"up": {"uv": [12.875, 1, 12.75, 0.5], "texture": "#0"},
				"down": {"uv": [12.75, 0.5, 12.875, 1], "texture": "#0"}
			}
		},
		{
			"name": "handle_center",
			"from": [6.5, 5.75, 16],
			"to": [9.5, 6.75, 16.5],
			"rotation": {"angle": 0, "axis": "y", "origin": [8, 6.5, 15]},
			"faces": {
				"north": {"uv": [12.5, 0, 13.25, 0.5], "texture": "#0"},
				"east": {"uv": [13.25, 0, 13.375, 0.5], "texture": "#0"},
				"south": {"uv": [12.5, 0, 13.25, 0.5], "texture": "#0"},
				"west": {"uv": [13.25, 0, 13.375, 0.5], "texture": "#0"},
				"up": {"uv": [12.5, 0.25, 13.25, 0], "texture": "#0"},
				"down": {"uv": [13.25, 0.25, 12.5, 0.5], "texture": "#0"}
			}
		},
		{
			"name": "handle_side",
			"from": [6, 5.75, 15.5],
			"to": [6.5, 6.75, 16.5],
			"rotation": {"angle": 0, "axis": "y", "origin": [8, 6.5, 15]},
			"faces": {
				"north": {"uv": [12.75, 0.5, 12.875, 1], "texture": "#0"},
				"east": {"uv": [12.5, 0.5, 12.75, 1], "texture": "#0"},
				"south": {"uv": [12.75, 0.5, 12.875, 1], "texture": "#0"},
				"west": {"uv": [12.5, 0.5, 12.75, 1], "texture": "#0"},
				"up": {"uv": [12.75, 1, 12.875, 0.5], "texture": "#0"},
				"down": {"uv": [12.875, 0.5, 12.75, 1], "texture": "#0"}
			}
		},
		{
			"name": "top_lid",
			"from": [4.51278, 5.5, 6.89307],
			"to": [10.51278, 6, 14.39307],
			"rotation": {"angle": 0, "axis": "y", "origin": [7.51278, 3.5, 10.39307]},
			"faces": {
				"north": {"uv": [10.375, 4.25, 11.875, 4.5], "texture": "#0"},
				"east": {"uv": [10.375, 3.75, 12.25, 4], "texture": "#0"},
				"south": {"uv": [10.375, 4.25, 11.875, 4.5], "texture": "#0"},
				"west": {"uv": [10.375, 4, 12.25, 4.25], "texture": "#0"},
				"up": {"uv": [10.375, 0, 11.875, 3.75], "texture": "#0"},
				"down": {"uv": [11.875, 0, 10.375, 3.75], "texture": "#0"}
			}
		},
		{
			"name": "bottom_lid",
			"from": [4.51278, 4.5, 6.89307],
			"to": [10.51278, 5, 14.39307],
			"rotation": {"angle": 0, "axis": "y", "origin": [7.51278, 2.5, 10.39307]},
			"faces": {
				"north": {"uv": [10.375, 4.25, 11.875, 4.5], "texture": "#0"},
				"east": {"uv": [10.375, 3.75, 12.25, 4], "texture": "#0"},
				"south": {"uv": [10.375, 4.25, 11.875, 4.5], "texture": "#0"},
				"west": {"uv": [10.375, 4, 12.25, 4.25], "texture": "#0"},
				"up": {"uv": [10.375, 0, 11.875, 3.75], "texture": "#0"},
				"down": {"uv": [11.875, 0, 10.375, 3.75], "texture": "#0"}
			}
		},
		{
			"name": "spine",
			"from": [4.51278, 5, 6.89307],
			"to": [5.01278, 5.5, 14.39307],
			"rotation": {"angle": 0, "axis": "y", "origin": [7.51278, 3.5, 10.39307]},
			"faces": {
				"north": {"uv": [12.25, 4.5, 12.375, 4.75], "texture": "#0"},
				"east": {"uv": [10.375, 4.5, 12.25, 4.75], "texture": "#0"},
				"south": {"uv": [12.25, 4.5, 12.375, 4.75], "texture": "#0"},
				"west": {"uv": [10.375, 4.5, 12.25, 4.75], "texture": "#0"},
				"up": {"uv": [10.5, 3.75, 10.375, 0], "texture": "#0"},
				"down": {"uv": [10.5, 0, 10.375, 3.75], "texture": "#0"}
			}
		},
		{
			"name": "pages",
			"from": [5.01278, 5, 7.14307],
			"to": [10.01278, 5.5, 14.14307],
			"rotation": {"angle": 0, "axis": "y", "origin": [7.51278, 3.5, 10.39307]},
			"faces": {
				"north": {"uv": [10.375, 8.25, 11.625, 8.5], "texture": "#0"},
				"east": {"uv": [10.375, 8.5, 12.125, 8.75], "texture": "#0"},
				"south": {"uv": [10.375, 8.25, 11.625, 8.5], "texture": "#0"},
				"west": {"uv": [10.375, 8.5, 12.125, 8.75], "texture": "#0"},
				"up": {"uv": [11.625, 8.25, 10.375, 4.75], "texture": "#0"},
				"down": {"uv": [11.625, 4.75, 10.375, 8.25], "texture": "#0"}
			}
		}
	],
	"display": {
		"fixed": {
			"rotation": [-90, -180, 0],
			"translation": [0, 0, -16],
			"scale": [2, 2, 2]
		}
	},
	"groups": [
		{
			"name": "bedside_table",
			"origin": [8, 0, 8],
			"color": 0,
			"children": [
				0,
				1,
				2,
				3,
				4,
				5,
				{
					"name": "leg_4",
					"origin": [1, 15, 1],
					"color": 0,
					"children": [6, 7, 8, 9]
				},
				{
					"name": "drawers",
					"origin": [8, 12, 14.5],
					"color": 0,
					"children": [
						{
							"name": "drawer_1",
							"origin": [8, 11.65, 10.15],
							"color": 0,
							"children": [
								10,
								11,
								12,
								13,
								14,
								{
									"name": "handle_top",
									"origin": [8, 12.5, 15],
									"color": 0,
									"children": [15, 16, 17]
								},
								{
									"name": "items",
									"origin": [8, 10, 11],
									"color": 0,
									"children": [
										{
											"name": "scrub",
											"origin": [10.75, 11.5, 8.65],
											"color": 0,
											"children": [18, 19, 20, 21]
										}
									]
								},
								{
									"name": "brush_and_comb",
									"origin": [-3.8, 2, 11.4],
									"color": 0,
									"children": [
										{
											"name": "phone",
											"origin": [9.48097, 10.5, 12.55433],
											"color": 0,
											"children": [
												22,
												{
													"name": "icon_1",
													"origin": [9.48097, 10.55, 15.75433],
													"color": 0,
													"children": [23, 24, 25]
												},
												{
													"name": "icon_2",
													"origin": [9.48097, 10.55, 14.55433],
													"color": 0,
													"children": [26, 27, 28]
												},
												{
													"name": "icon_3",
													"origin": [9.48097, 10.55, 13.35433],
													"color": 0,
													"children": [29, 30, 31]
												},
												{
													"name": "side",
													"origin": [8.23097, 10.75, 14.45078],
													"color": 0,
													"children": [32, 33, 34]
												},
												{
													"name": "side2",
													"origin": [10.73097, 10.75, 14.45078],
													"color": 0,
													"children": [35, 36, 37]
												}
											]
										},
										{
											"name": "hairbrush",
											"origin": [8.46799, 10.75, 10.80956],
											"color": 0,
											"children": [
												38,
												39,
												40,
												41,
												42,
												43,
												44,
												{
													"name": "bristles",
													"origin": [8.71799, 11.25, 11.05956],
													"color": 0,
													"children": [45, 46, 47, 48, 49, 50]
												}
											]
										},
										{
											"name": "comb",
											"origin": [5.7, 10.5, 12.2],
											"color": 0,
											"children": [51, 52]
										}
									]
								}
							]
						},
						{
							"name": "drawer_2",
							"origin": [8, 4.65, 10.15],
							"color": 0,
							"children": [
								53,
								54,
								55,
								56,
								57,
								{
									"name": "handle_top2",
									"origin": [8, 6.5, 15],
									"color": 0,
									"children": [58, 59, 60]
								},
								{
									"name": "items2",
									"origin": [8.25, 4, 11],
									"color": 0,
									"children": [
										{
											"name": "book",
											"origin": [6.82528, 5.25, 10.64307],
											"color": 0,
											"children": [61, 62, 63, 64]
										}
									]
								}
							]
						}
					]
				}
			]
		}
	]
}