{
	"format_version": "1.21.6",
	"credit": "Yuushya",
	"textures": {
		"0": "item/deco/light_gray_concrete",
		"1": "item/deco/dark_concrete_",
		"2": "item/deco/red_concrete",
		"5": "item/deco/color_bucket_",
		"particle": "item/deco/light_gray_concrete"
	},
	"elements": [
		{
			"from": [5, -8, 0.5],
			"to": [6, 0.6, 1],
			"rotation": {"angle": 45, "axis": "z", "origin": [-2, 5, 4]},
			"faces": {
				"north": {"uv": [0, 0, 8.6, 1], "rotation": 90, "texture": "#0"},
				"east": {"uv": [0, 0, 8.6, 0.5], "rotation": 90, "texture": "#0"},
				"south": {"uv": [0, 0, 8.6, 1], "rotation": 270, "texture": "#0"},
				"west": {"uv": [0, 0, 8.6, 0.5], "rotation": 270, "texture": "#0"},
				"up": {"uv": [5, 4, 5.5, 5], "rotation": 270, "texture": "#0"},
				"down": {"uv": [0, 0, 0.5, 1], "rotation": 270, "texture": "#0"}
			}
		},
		{
			"from": [3, 1, 1],
			"to": [11, 9, 2],
			"faces": {
				"north": {"uv": [4, 0, 12, 8], "texture": "#5"},
				"east": {"uv": [0, 0, 1, 8], "texture": "#0"},
				"south": {"uv": [0, 0, 8, 8], "texture": "#1"},
				"west": {"uv": [0, 0, 1, 8], "texture": "#0"},
				"up": {"uv": [3, 0, 11, 1], "texture": "#5"},
				"down": {"uv": [0, 0, 8, 1], "texture": "#0"}
			}
		},
		{
			"from": [3, 1, 8],
			"to": [11, 9, 9],
			"faces": {
				"north": {"uv": [0, 0, 8, 8], "texture": "#1"},
				"east": {"uv": [8, 0, 9, 8], "texture": "#5"},
				"south": {"uv": [2, 0, 10, 8], "texture": "#5"},
				"west": {"uv": [8, 0, 9, 8], "texture": "#5"},
				"up": {"uv": [4, 0, 12, 1], "rotation": 180, "texture": "#5"},
				"down": {"uv": [0, 0, 8, 1], "rotation": 180, "texture": "#0"}
			}
		},
		{
			"from": [3, 1, 2],
			"to": [4, 9, 8],
			"faces": {
				"north": {"uv": [0, 0, 1, 8], "texture": "#0"},
				"east": {"uv": [0, 0, 6, 8], "texture": "#1"},
				"south": {"uv": [0, 0, 1, 8], "texture": "#0"},
				"west": {"uv": [7, 0, 13, 8], "texture": "#5"},
				"up": {"uv": [7, 0, 13, 1], "rotation": 90, "texture": "#5"},
				"down": {"uv": [0, 0, 6, 1], "rotation": 90, "texture": "#0"}
			}
		},
		{
			"from": [10, 1, 2],
			"to": [11, 9, 8],
			"faces": {
				"north": {"uv": [2, 4, 3, 12], "texture": "#0"},
				"east": {"uv": [10, 0, 16, 8], "texture": "#5"},
				"south": {"uv": [13, 4, 14, 12], "texture": "#0"},
				"west": {"uv": [4, 4, 10, 12], "texture": "#1"},
				"up": {"uv": [6, 5, 0, 6], "rotation": 270, "texture": "#5"},
				"down": {"uv": [13, 4, 19, 5], "rotation": 270, "texture": "#0"}
			}
		},
		{
			"from": [4, 1, 2],
			"to": [10, 8, 8],
			"faces": {
				"north": {"uv": [3, 14, 9, 15], "texture": "#0"},
				"east": {"uv": [4, 14, 10, 15], "texture": "#0"},
				"south": {"uv": [5, 14, 11, 15], "texture": "#0"},
				"west": {"uv": [4, 14, 10, 15], "texture": "#0"},
				"up": {"uv": [6, 6, 12, 12], "texture": "#2"},
				"down": {"uv": [5, 4, 11, 10], "texture": "#0"}
			}
		},
		{
			"from": [3, 0, 1],
			"to": [11, 1, 9],
			"faces": {
				"north": {"uv": [2, 15, 10, 16], "texture": "#0"},
				"east": {"uv": [3, 15, 11, 16], "texture": "#0"},
				"south": {"uv": [4, 15, 12, 16], "texture": "#0"},
				"west": {"uv": [3, 15, 11, 16], "texture": "#0"},
				"up": {"uv": [5, 4, 13, 12], "texture": "#0"},
				"down": {"uv": [4, 3, 12, 11], "texture": "#0"}
			}
		},
		{
			"from": [5, -8, 9],
			"to": [6, 0.8, 9.5],
			"rotation": {"angle": 45, "axis": "z", "origin": [-2, 5, 16.5]},
			"faces": {
				"north": {"uv": [0, 0, 8.8, 1], "rotation": 90, "texture": "#0"},
				"east": {"uv": [0, 0, 8.8, 0.5], "rotation": 270, "texture": "#0"},
				"south": {"uv": [0, 0, 8.8, 1], "rotation": 270, "texture": "#0"},
				"west": {"uv": [0, 0, 8.8, 0.5], "rotation": 270, "texture": "#0"},
				"up": {"uv": [5, 4, 5.5, 5], "rotation": 270, "texture": "#0"},
				"down": {"uv": [0, 0, 0.5, 1], "rotation": 270, "texture": "#0"}
			}
		},
		{
			"from": [5, -8, 1],
			"to": [6, -7.5, 9],
			"rotation": {"angle": 45, "axis": "z", "origin": [-2, 5, 16]},
			"faces": {
				"north": {"uv": [0, 0, 0.5, 1], "rotation": 90, "texture": "#0"},
				"east": {"uv": [0, 0, 8, 0.5], "texture": "#0"},
				"south": {"uv": [0, 0, 0.5, 1], "rotation": 270, "texture": "#0"},
				"west": {"uv": [0, 0, 8, 0.5], "texture": "#0"},
				"up": {"uv": [5, 4, 13, 5], "rotation": 270, "texture": "#0"},
				"down": {"uv": [0, 0, 8, 1], "rotation": 270, "texture": "#0"}
			}
		},
		{
			"from": [6, 6, 0],
			"to": [8, 8, 1],
			"faces": {
				"north": {"uv": [6, 5, 8, 7], "texture": "#0"},
				"east": {"uv": [14, 5, 15, 7], "texture": "#0"},
				"south": {"uv": [8, 5, 10, 7], "texture": "#0"},
				"west": {"uv": [1, 5, 2, 7], "texture": "#0"},
				"up": {"uv": [5, 4, 7, 5], "texture": "#0"},
				"down": {"uv": [8, 14, 10, 15], "texture": "#0"}
			}
		},
		{
			"from": [6, 6, 9],
			"to": [8, 8, 10],
			"faces": {
				"north": {"uv": [6, 5, 8, 7], "texture": "#0"},
				"east": {"uv": [1, 5, 2, 7], "texture": "#0"},
				"south": {"uv": [8, 5, 10, 7], "texture": "#0"},
				"west": {"uv": [14, 5, 15, 7], "texture": "#0"},
				"up": {"uv": [5, 4, 7, 5], "texture": "#0"},
				"down": {"uv": [8, 1, 10, 2], "texture": "#0"}
			}
		}
	],
	"display": {
		"thirdperson_righthand": {
			"rotation": [75, 45, 0],
			"translation": [0, 2.5, 0],
			"scale": [0.375, 0.375, 0.375]
		},
		"thirdperson_lefthand": {
			"rotation": [75, 45, 0],
			"translation": [0, 2.5, 0],
			"scale": [0.375, 0.375, 0.375]
		},
		"firstperson_righthand": {
			"rotation": [0, 45, 0],
			"scale": [0.4, 0.4, 0.4]
		},
		"firstperson_lefthand": {
			"rotation": [0, -135, 0],
			"scale": [0.4, 0.4, 0.4]
		},
		"ground": {
			"translation": [0, 3, 0],
			"scale": [0.25, 0.25, 0.25]
		},
		"gui": {
			"rotation": [30, -135, 0],
			"scale": [0.625, 0.625, 0.625]
		},
		"fixed": {
			"rotation": [-90, -11.75, 0],
			"translation": [-2, 9.5, -15.75],
			"scale": [2, 2, 2]
		}
	},
	"groups": [
		{
			"name": "group",
			"origin": [17, 15, 23],
			"color": 0,
			"children": [0, 1, 2, 3, 4, 5, 6, 7, 8, 9, 10]
		}
	]
}