{
	"format_version": "1.21.6",
	"credit": "Made with Blockbench",
	"texture_size": [32, 64],
	"textures": {
		"0": "item/bus_stop_sign"
	},
	"elements": [
		{
			"name": "pole",
			"from": [0.3, -16, 6.5],
			"to": [3.3, 24, 9.5],
			"rotation": {"angle": 0, "axis": "y", "origin": [1.8, 24, 8]},
			"faces": {
				"north": {"uv": [0, 6.75, 1.5, 12.75], "texture": "#0"},
				"east": {"uv": [0, 6.75, 1.5, 12.75], "texture": "#0"},
				"south": {"uv": [0, 6.75, 1.5, 12.75], "texture": "#0"},
				"west": {"uv": [0, 6.75, 1.5, 12.75], "texture": "#0"},
				"up": {"uv": [0, 0, 1.5, 0.75], "texture": "#0"},
				"down": {"uv": [0, 0, 1.5, 0.75], "texture": "#0"}
			}
		},
		{
			"name": "pole",
			"from": [0.3, 8, 6.5],
			"to": [3.3, 32, 9.5],
			"rotation": {"angle": 0, "axis": "y", "origin": [1.8, 48, 8]},
			"faces": {
				"north": {"uv": [0, 0.75, 1.5, 6.75], "texture": "#0"},
				"east": {"uv": [0, 0.75, 1.5, 6.75], "texture": "#0"},
				"south": {"uv": [0, 0.75, 1.5, 6.75], "texture": "#0"},
				"west": {"uv": [0, 0.75, 1.5, 6.75], "texture": "#0"},
				"up": {"uv": [0, 0, 1.5, 0.75], "texture": "#0"},
				"down": {"uv": [0, 0, 1.5, 0.75], "texture": "#0"}
			}
		},
		{
			"name": "sign_1",
			"from": [3.3, 17.6, 7.875],
			"to": [15.9, 32, 8.125],
			"rotation": {"angle": 0, "axis": "y", "origin": [9.6, 39, 8]},
			"faces": {
				"north": {"uv": [1.5, 0, 15.5, 8], "texture": "#0"},
				"east": {"uv": [15, 0, 15.5, 8], "texture": "#0"},
				"south": {"uv": [1.5, 0, 15.5, 8], "texture": "#0"},
				"west": {"uv": [1.5, 0.5, 2, 7.75], "texture": "#0"},
				"up": {"uv": [1.5, 0, 15.5, 0.25], "texture": "#0"},
				"down": {"uv": [1.5, 7.75, 15.5, 8], "texture": "#0"}
			}
		},
		{
			"name": "sign_2",
			"from": [3.35, 7.725, 7.875],
			"to": [13.25, 16.275, 8.125],
			"rotation": {"angle": 0, "axis": "y", "origin": [8.3, 12, 8]},
			"faces": {
				"north": {"uv": [1.5, 8, 12.5, 12.75], "texture": "#0"},
				"east": {"uv": [12, 8, 12.5, 12.75], "texture": "#0"},
				"south": {"uv": [1.5, 8, 12.5, 12.75], "texture": "#0"},
				"west": {"uv": [12, 8.5, 12.5, 12.75], "texture": "#0"},
				"up": {"uv": [1.5, 8, 11.5, 8.25], "texture": "#0"},
				"down": {"uv": [1.5, 12.25, 11.5, 12.5], "texture": "#0"}
			}
		}
	],
	"display": {
		"fixed": {
			"rotation": [-90, 0, 0],
			"translation": [19, 0, -70.75],
			"scale": [3, 3, 3]
		}
	},
	"groups": [
		{
			"name": "bus_stop",
			"origin": [8, 0, 8],
			"color": 0,
			"children": [
				{
					"name": "pole",
					"origin": [1.8, 24, 8],
					"color": 0,
					"children": [
						0,
						1,
						{
							"name": "sign",
							"origin": [9.6, 39, 8],
							"color": 0,
							"children": [2, 3]
						}
					]
				}
			]
		}
	]
}