{
	"format_version": "1.21.6",
	"credit": "Made with Blockbench",
	"texture_size": [32, 32],
	"textures": {
		"0": "item/dartboard"
	},
	"elements": [
		{
			"name": "edge",
			"from": [4.68629, 15.5, 15],
			"to": [11.31371, 16, 16],
			"rotation": {"angle": -45, "axis": "z", "origin": [8, 8, 15.5]},
			"faces": {
				"north": {"uv": [8.75, 2, 12, 1.75], "texture": "#0"},
				"east": {"uv": [8.75, 1.75, 9.25, 1.5], "texture": "#0"},
				"south": {"uv": [8.75, 2, 12, 1.75], "texture": "#0"},
				"west": {"uv": [8.75, 1.75, 9.25, 1.5], "texture": "#0"},
				"up": {"uv": [12, 1.75, 8.75, 1.25], "texture": "#0"},
				"down": {"uv": [12, 1.25, 8.75, 1.75], "texture": "#0"}
			}
		},
		{
			"name": "edge",
			"from": [4.68629, 0, 15],
			"to": [11.31371, 0.5, 16],
			"rotation": {"angle": 45, "axis": "z", "origin": [8, 8, 15.5]},
			"faces": {
				"north": {"uv": [8.75, 1.75, 12, 2], "texture": "#0"},
				"east": {"uv": [8.75, 1.5, 9.25, 1.75], "texture": "#0"},
				"south": {"uv": [8.75, 1.75, 12, 2], "texture": "#0"},
				"west": {"uv": [8.75, 1.5, 9.25, 1.75], "texture": "#0"},
				"up": {"uv": [12, 1.75, 8.75, 1.25], "texture": "#0"},
				"down": {"uv": [12, 1.25, 8.75, 1.75], "texture": "#0"}
			}
		},
		{
			"name": "edge",
			"from": [0.01992, 4.70621, 15],
			"to": [0.51992, 11.33363, 16],
			"rotation": {"angle": 0, "axis": "z", "origin": [0.26992, 8.01992, 15.5]},
			"faces": {
				"north": {"uv": [8.75, 1.75, 12, 2], "rotation": 270, "texture": "#0"},
				"east": {"uv": [12, 1.75, 8.75, 1.25], "rotation": 90, "texture": "#0"},
				"south": {"uv": [8.75, 1.75, 12, 2], "rotation": 90, "texture": "#0"},
				"west": {"uv": [12, 1.25, 8.75, 1.75], "rotation": 90, "texture": "#0"},
				"up": {"uv": [8.75, 1.5, 9.25, 1.75], "rotation": 90, "texture": "#0"},
				"down": {"uv": [8.75, 1.5, 9.25, 1.75], "rotation": 90, "texture": "#0"}
			}
		},
		{
			"name": "edge",
			"from": [15.48008, 4.70621, 15],
			"to": [15.98008, 11.33363, 16],
			"rotation": {"angle": 0, "axis": "y", "origin": [15.73008, 8.01992, 15.5]},
			"faces": {
				"north": {"uv": [8.75, 2, 12, 1.75], "rotation": 270, "texture": "#0"},
				"east": {"uv": [12, 1.75, 8.75, 1.25], "rotation": 90, "texture": "#0"},
				"south": {"uv": [8.75, 2, 12, 1.75], "rotation": 90, "texture": "#0"},
				"west": {"uv": [12, 1.25, 8.75, 1.75], "rotation": 90, "texture": "#0"},
				"up": {"uv": [8.75, 1.75, 9.25, 1.5], "rotation": 90, "texture": "#0"},
				"down": {"uv": [8.75, 1.75, 9.25, 1.5], "rotation": 90, "texture": "#0"}
			}
		},
		{
			"name": "edge",
			"from": [4.68629, 15.5, 15],
			"to": [11.31371, 16, 16],
			"rotation": {"angle": 45, "axis": "z", "origin": [8, 8, 15.5]},
			"faces": {
				"north": {"uv": [8.75, 2, 12, 1.75], "texture": "#0"},
				"east": {"uv": [8.75, 1.75, 9.25, 1.5], "texture": "#0"},
				"south": {"uv": [8.75, 2, 12, 1.75], "texture": "#0"},
				"west": {"uv": [8.75, 1.75, 9.25, 1.5], "texture": "#0"},
				"up": {"uv": [12, 1.75, 8.75, 1.25], "texture": "#0"},
				"down": {"uv": [12, 1.25, 8.75, 1.75], "texture": "#0"}
			}
		},
		{
			"name": "edge",
			"from": [4.68629, 0, 15],
			"to": [11.31371, 0.5, 16],
			"rotation": {"angle": -45, "axis": "z", "origin": [8, 8, 15.5]},
			"faces": {
				"north": {"uv": [8.75, 1.75, 12, 2], "texture": "#0"},
				"east": {"uv": [8.75, 1.5, 9.25, 1.75], "texture": "#0"},
				"south": {"uv": [8.75, 1.75, 12, 2], "texture": "#0"},
				"west": {"uv": [8.75, 1.5, 9.25, 1.75], "texture": "#0"},
				"up": {"uv": [12, 1.75, 8.75, 1.25], "texture": "#0"},
				"down": {"uv": [12, 1.25, 8.75, 1.75], "texture": "#0"}
			}
		},
		{
			"name": "edge",
			"from": [4.68629, 15.5, 15],
			"to": [11.31371, 16, 16],
			"rotation": {"angle": 0, "axis": "z", "origin": [8, 8, 15.5]},
			"faces": {
				"north": {"uv": [8.75, 2, 12, 1.75], "texture": "#0"},
				"east": {"uv": [8.75, 1.75, 9.25, 1.5], "texture": "#0"},
				"south": {"uv": [8.75, 2, 12, 1.75], "texture": "#0"},
				"west": {"uv": [8.75, 1.75, 9.25, 1.5], "texture": "#0"},
				"up": {"uv": [12, 1.75, 8.75, 1.25], "texture": "#0"},
				"down": {"uv": [12, 1.25, 8.75, 1.75], "texture": "#0"}
			}
		},
		{
			"name": "edge",
			"from": [4.68629, 0, 15],
			"to": [11.31371, 0.5, 16],
			"rotation": {"angle": 0, "axis": "z", "origin": [8, 8, 15.5]},
			"faces": {
				"north": {"uv": [8.75, 1.75, 12, 2], "texture": "#0"},
				"east": {"uv": [8.75, 1.5, 9.25, 1.75], "texture": "#0"},
				"south": {"uv": [8.75, 1.75, 12, 2], "texture": "#0"},
				"west": {"uv": [8.75, 1.5, 9.25, 1.75], "texture": "#0"},
				"up": {"uv": [12, 1.75, 8.75, 1.25], "texture": "#0"},
				"down": {"uv": [12, 1.25, 8.75, 1.75], "texture": "#0"}
			}
		},
		{
			"name": "board",
			"from": [0.5, 0.5, 15.1],
			"to": [15.5, 15.5, 15.9],
			"rotation": {"angle": 0, "axis": "y", "origin": [8, 0, 8]},
			"faces": {
				"north": {"uv": [0, 8, 8, 16], "texture": "#0"},
				"east": {"uv": [8, 8, 8.5, 16], "texture": "#0"},
				"south": {"uv": [0, 0, 8, 8], "texture": "#0"},
				"west": {"uv": [8, 8, 8.5, 16], "texture": "#0"},
				"up": {"uv": [16, 15.5, 8, 15], "texture": "#0"},
				"down": {"uv": [16, 15.5, 8, 16], "texture": "#0"}
			}
		},
		{
			"name": "needle",
			"from": [9, 12.25, 12.45],
			"to": [9.5, 12.75, 15.95],
			"rotation": {"angle": 0, "axis": "y", "origin": [10, 12.75, 15.95]},
			"faces": {
				"north": {"uv": [8.5, 5.5, 8.75, 5.75], "rotation": 180, "texture": "#0"},
				"east": {"uv": [8.5, 5.5, 8.75, 7.25], "rotation": 90, "texture": "#0"},
				"south": {"uv": [8.5, 5.5, 8.75, 5.75], "texture": "#0"},
				"west": {"uv": [8.5, 5.5, 8.75, 7.25], "rotation": 270, "texture": "#0"},
				"up": {"uv": [8.5, 5.5, 8.75, 7.25], "texture": "#0"},
				"down": {"uv": [8.5, 5.5, 8.75, 7.25], "rotation": 180, "texture": "#0"}
			}
		},
		{
			"name": "feather",
			"from": [9.25, 11.75, 11.2],
			"to": [9.25, 13.25, 12.7],
			"rotation": {"angle": 0, "axis": "y", "origin": [9.25, 12.5, 12.45]},
			"faces": {
				"east": {"uv": [8.75, 5.5, 9.5, 6.25], "rotation": 90, "texture": "#0"},
				"west": {"uv": [8.75, 5.5, 9.5, 6.25], "rotation": 270, "texture": "#0"}
			}
		},
		{
			"name": "feather",
			"from": [8.5, 12.5, 11.2],
			"to": [10, 12.5, 12.7],
			"rotation": {"angle": 0, "axis": "z", "origin": [9.25, 12.5, 12.45]},
			"faces": {
				"up": {"uv": [8.75, 5.5, 9.5, 6.25], "texture": "#0"},
				"down": {"uv": [8.75, 5.5, 9.5, 6.25], "rotation": 180, "texture": "#0"}
			}
		},
		{
			"name": "needle",
			"from": [3, 8.25, 12.45],
			"to": [3.5, 8.75, 15.95],
			"rotation": {"angle": 0, "axis": "y", "origin": [4, 8.75, 15.95]},
			"faces": {
				"north": {"uv": [8.5, 5.5, 8.75, 5.75], "rotation": 180, "texture": "#0"},
				"east": {"uv": [8.5, 5.5, 8.75, 7.25], "rotation": 90, "texture": "#0"},
				"south": {"uv": [8.5, 5.5, 8.75, 5.75], "texture": "#0"},
				"west": {"uv": [8.5, 5.5, 8.75, 7.25], "rotation": 270, "texture": "#0"},
				"up": {"uv": [8.5, 5.5, 8.75, 7.25], "texture": "#0"},
				"down": {"uv": [8.5, 5.5, 8.75, 7.25], "rotation": 180, "texture": "#0"}
			}
		},
		{
			"name": "feather",
			"from": [3.25, 7.75, 11.2],
			"to": [3.25, 9.25, 12.7],
			"rotation": {"angle": 0, "axis": "y", "origin": [3.25, 8.5, 12.45]},
			"faces": {
				"east": {"uv": [8.75, 5.5, 9.5, 6.25], "rotation": 90, "texture": "#0"},
				"west": {"uv": [8.75, 5.5, 9.5, 6.25], "rotation": 270, "texture": "#0"}
			}
		},
		{
			"name": "feather",
			"from": [2.5, 8.5, 11.2],
			"to": [4, 8.5, 12.7],
			"rotation": {"angle": 0, "axis": "y", "origin": [3.25, 8.5, 12.45]},
			"faces": {
				"up": {"uv": [8.75, 5.5, 9.5, 6.25], "texture": "#0"},
				"down": {"uv": [8.75, 5.5, 9.5, 6.25], "rotation": 180, "texture": "#0"}
			}
		},
		{
			"name": "needle",
			"from": [11.3, 5.95, 12.45],
			"to": [11.8, 6.45, 15.95],
			"rotation": {"angle": 0, "axis": "y", "origin": [12.3, 6.45, 15.95]},
			"faces": {
				"north": {"uv": [8.5, 5.5, 8.75, 5.75], "rotation": 180, "texture": "#0"},
				"east": {"uv": [8.5, 5.5, 8.75, 7.25], "rotation": 90, "texture": "#0"},
				"south": {"uv": [8.5, 5.5, 8.75, 5.75], "texture": "#0"},
				"west": {"uv": [8.5, 5.5, 8.75, 7.25], "rotation": 270, "texture": "#0"},
				"up": {"uv": [8.5, 5.5, 8.75, 7.25], "texture": "#0"},
				"down": {"uv": [8.5, 5.5, 8.75, 7.25], "rotation": 180, "texture": "#0"}
			}
		},
		{
			"name": "feather",
			"from": [11.55, 5.45, 11.2],
			"to": [11.55, 6.95, 12.7],
			"rotation": {"angle": 0, "axis": "y", "origin": [11.55, 6.2, 12.45]},
			"faces": {
				"east": {"uv": [8.75, 5.5, 9.5, 6.25], "rotation": 90, "texture": "#0"},
				"west": {"uv": [8.75, 5.5, 9.5, 6.25], "rotation": 270, "texture": "#0"}
			}
		},
		{
			"name": "feather",
			"from": [10.8, 6.2, 11.2],
			"to": [12.3, 6.2, 12.7],
			"rotation": {"angle": 0, "axis": "y", "origin": [11.55, 6.2, 12.45]},
			"faces": {
				"up": {"uv": [8.75, 5.5, 9.5, 6.25], "texture": "#0"},
				"down": {"uv": [8.75, 5.5, 9.5, 6.25], "rotation": 180, "texture": "#0"}
			}
		},
		{
			"name": "needle",
			"from": [3, 11.625, 12.325],
			"to": [3.5, 12.125, 15.825],
			"rotation": {"angle": 0, "axis": "x", "origin": [3.25, 11.875, 12.95]},
			"faces": {
				"north": {"uv": [10.5, 5.5, 10.75, 5.75], "rotation": 180, "texture": "#0"},
				"east": {"uv": [10.5, 5.5, 10.75, 7.25], "rotation": 90, "texture": "#0"},
				"south": {"uv": [10.5, 5.5, 10.75, 5.75], "texture": "#0"},
				"west": {"uv": [10.5, 5.5, 10.75, 7.25], "rotation": 270, "texture": "#0"},
				"up": {"uv": [10.5, 5.5, 10.75, 7.25], "texture": "#0"},
				"down": {"uv": [10.5, 5.5, 10.75, 7.25], "rotation": 180, "texture": "#0"}
			}
		},
		{
			"name": "feather",
			"from": [2.5, 11.875, 11.075],
			"to": [4, 11.875, 12.575],
			"rotation": {"angle": 0, "axis": "z", "origin": [3.25, 11.875, 11.825]},
			"faces": {
				"up": {"uv": [10.75, 5.5, 11.5, 6.25], "texture": "#0"},
				"down": {"uv": [10.75, 5.5, 11.5, 6.25], "rotation": 180, "texture": "#0"}
			}
		},
		{
			"name": "feather",
			"from": [3.25, 11.125, 11.075],
			"to": [3.25, 12.625, 12.575],
			"rotation": {"angle": 0, "axis": "x", "origin": [3.25, 11.875, 12.95]},
			"faces": {
				"east": {"uv": [10.75, 5.5, 11.5, 6.25], "rotation": 90, "texture": "#0"},
				"west": {"uv": [10.75, 5.5, 11.5, 6.25], "rotation": 270, "texture": "#0"}
			}
		},
		{
			"name": "needle",
			"from": [7.75, 7.875, 12.325],
			"to": [8.25, 8.375, 15.825],
			"rotation": {"angle": 0, "axis": "y", "origin": [8, 8.125, 12.95]},
			"faces": {
				"north": {"uv": [10.5, 5.5, 10.75, 5.75], "rotation": 180, "texture": "#0"},
				"east": {"uv": [10.5, 5.5, 10.75, 7.25], "rotation": 90, "texture": "#0"},
				"south": {"uv": [10.5, 5.5, 10.75, 5.75], "texture": "#0"},
				"west": {"uv": [10.5, 5.5, 10.75, 7.25], "rotation": 270, "texture": "#0"},
				"up": {"uv": [10.5, 5.5, 10.75, 7.25], "texture": "#0"},
				"down": {"uv": [10.5, 5.5, 10.75, 7.25], "rotation": 180, "texture": "#0"}
			}
		},
		{
			"name": "feather",
			"from": [7.25, 8.125, 11.075],
			"to": [8.75, 8.125, 12.575],
			"rotation": {"angle": 0, "axis": "y", "origin": [8, 8.125, 11.825]},
			"faces": {
				"up": {"uv": [10.75, 5.5, 11.5, 6.25], "texture": "#0"},
				"down": {"uv": [10.75, 5.5, 11.5, 6.25], "rotation": 180, "texture": "#0"}
			}
		},
		{
			"name": "feather",
			"from": [8, 7.375, 11.075],
			"to": [8, 8.875, 12.575],
			"rotation": {"angle": 0, "axis": "y", "origin": [8, 8.125, 12.95]},
			"faces": {
				"east": {"uv": [10.75, 5.5, 11.5, 6.25], "rotation": 90, "texture": "#0"},
				"west": {"uv": [10.75, 5.5, 11.5, 6.25], "rotation": 270, "texture": "#0"}
			}
		}
	],
	"display": {
		"fixed": {
			"translation": [0, 0, -16],
			"scale": [2, 2, 2]
		}
	},
	"groups": [
		{
			"name": "dartboard",
			"origin": [8, 0, 8],
			"color": 0,
			"children": [
				{
					"name": "edge",
					"origin": [8, 8, 15.5],
					"color": 0,
					"children": [0, 1, 2, 3, 4, 5, 6, 7]
				},
				8,
				{
					"name": "dart_red3",
					"origin": [10, 13, 15.2],
					"color": 0,
					"children": [
						9,
						10,
						11,
						{
							"name": "dart_red3",
							"origin": [10, 13, 15.2],
							"color": 0,
							"children": [
								12,
								13,
								14,
								{
									"name": "dart_red3",
									"origin": [10, 13, 15.2],
									"color": 0,
									"children": [15, 16, 17]
								}
							]
						}
					]
				},
				{
					"name": "dart_green2",
					"origin": [4, 12, 15.2],
					"color": 0,
					"children": [
						18,
						19,
						20,
						{
							"name": "dart_green2",
							"origin": [4, 12, 15.2],
							"color": 0,
							"children": [21, 22, 23]
						}
					]
				}
			]
		}
	]
}