{
	"format_version": "1.21.6",
	"credit": "Made with Blockbench",
	"texture_size": [8, 8],
	"textures": {
		"0": "item/doorbell_white"
	},
	"elements": [
		{
			"name": "screws",
			"from": [7.75, 6, 14.9],
			"to": [8.25, 6.5, 14.9],
			"rotation": {"angle": 0, "axis": "y", "origin": [8, 6.25, 14.9]},
			"faces": {
				"north": {"uv": [8, 0, 9, 1], "texture": "#0"},
				"east": {"uv": [8, 0, 8, 1], "texture": "#0"},
				"south": {"uv": [8, 0, 9, 1], "texture": "#0"},
				"west": {"uv": [8, 0, 8, 1], "texture": "#0"},
				"up": {"uv": [9, 0, 8, 0], "texture": "#0"},
				"down": {"uv": [9, 0, 8, 0], "texture": "#0"}
			}
		},
		{
			"name": "screws",
			"from": [7.75, 9.5, 14.9],
			"to": [8.25, 10, 14.9],
			"rotation": {"angle": 0, "axis": "y", "origin": [8, 9.75, 14.9]},
			"faces": {
				"north": {"uv": [8, 0, 9, 1], "texture": "#0"},
				"east": {"uv": [8, 0, 8, 1], "texture": "#0"},
				"south": {"uv": [8, 0, 9, 1], "texture": "#0"},
				"west": {"uv": [8, 0, 8, 1], "texture": "#0"},
				"up": {"uv": [9, 0, 8, 0], "texture": "#0"},
				"down": {"uv": [9, 0, 8, 0], "texture": "#0"}
			}
		},
		{
			"name": "plate",
			"from": [6.5, 5.5, 15],
			"to": [9.5, 10.5, 16],
			"rotation": {"angle": 0, "axis": "y", "origin": [8, 8, 15.5]},
			"faces": {
				"north": {"uv": [0, 2, 6, 12], "texture": "#0"},
				"east": {"uv": [8, 2, 6, 12], "texture": "#0"},
				"south": {"uv": [8, 2, 14, 12], "texture": "#0"},
				"west": {"uv": [6, 2, 8, 12], "texture": "#0"},
				"up": {"uv": [6, 2, 0, 0], "texture": "#0"},
				"down": {"uv": [6, 0, 0, 2], "texture": "#0"}
			}
		},
		{
			"name": "button",
			"from": [7.5, 7.5, 14.5],
			"to": [8.5, 8.5, 15.5],
			"rotation": {"angle": 0, "axis": "y", "origin": [8, 8, 15]},
			"faces": {
				"north": {"uv": [6, 0, 8, 2], "texture": "#0"},
				"east": {"uv": [6, 0, 8, 2], "texture": "#0"},
				"south": {"uv": [6, 0, 8, 2], "texture": "#0"},
				"west": {"uv": [6, 0, 8, 2], "texture": "#0"},
				"up": {"uv": [8, 2, 6, 0], "texture": "#0"},
				"down": {"uv": [8, 0, 6, 2], "texture": "#0"}
			}
		}
	],
	"display": {
		"fixed": {
			"translation": [0, 0, -14.75],
			"scale": [2, 2, 2]
		}
	},
	"groups": [
		{
			"name": "doorbell",
			"origin": [7.91667, 7.25, 15.42083],
			"color": 0,
			"children": [0, 1, 2, 3]
		}
	]
}