{
	"format_version": "1.21.6",
	"credit": "Made with Blockbench",
	"texture_size": [64, 128],
	"textures": {
		"1": "the_exorcist"
	},
	"elements": [
		{
			"name": "poster",
			"from": [1.1, 5.88, 0],
			"to": [14.9, 26.12, 0.1],
			"rotation": {"angle": 0, "axis": "y", "origin": [8, 16, 0.05]},
			"faces": {
				"north": {"uv": [15, 0, 0, 11], "texture": "#1"},
				"east": {"uv": [14.75, 0, 15, 11], "texture": "#1"},
				"south": {"uv": [0, 0, 15, 11], "texture": "#1"},
				"west": {"uv": [0, 0, 0.25, 11], "texture": "#1"},
				"up": {"uv": [0, 0, 15, 0.125], "texture": "#1"},
				"down": {"uv": [0, 10.875, 15, 11], "texture": "#1"}
			}
		}
	],
	"groups": [
		{
			"name": "poster",
			"origin": [8, 0, 8],
			"color": 0,
			"children": [0]
		}
	]
}