{
	"format_version": "1.21.6",
	"credit": "Made with Blockbench",
	"texture_size": [32, 16],
	"textures": {
		"0": "item/halfmoonbars"
	},
	"elements": [
		{
			"name": "handle",
			"from": [17.13515, 25.62721, 0.45063],
			"to": [18.13515, 26.62721, 14.45063],
			"rotation": {"angle": -22.5, "axis": "z", "origin": [17.71509, 25.90971, 7.48374]},
			"faces": {
				"north": {"uv": [13.75, 0, 14.25, 1], "texture": "#0"},
				"east": {"uv": [7.25, 1, 14.25, 0], "texture": "#0"},
				"south": {"uv": [13.75, 0, 14.25, 1], "texture": "#0"},
				"west": {"uv": [7.25, 1, 14.25, 0], "texture": "#0"},
				"up": {"uv": [14.25, 1, 7.25, 0], "rotation": 270, "texture": "#0"},
				"down": {"uv": [14.25, 6, 7.25, 7], "rotation": 90, "texture": "#0"}
			}
		},
		{
			"name": "handle",
			"from": [7.29503, 27.7261, 0.51686],
			"to": [8.29503, 28.7261, 14.51686],
			"rotation": {"angle": 0, "axis": "y", "origin": [7.71509, 28.23471, 7.48374]},
			"faces": {
				"north": {"uv": [6.5, 6, 7, 7], "texture": "#0"},
				"east": {"uv": [0, 6, 7, 7], "texture": "#0"},
				"south": {"uv": [6.5, 6, 7, 7], "texture": "#0"},
				"west": {"uv": [0, 6, 7, 7], "texture": "#0"},
				"up": {"uv": [7, 7, 0, 6], "rotation": 270, "texture": "#0"},
				"down": {"uv": [7, 7, 0, 8], "rotation": 90, "texture": "#0"}
			}
		},
		{
			"name": "handle",
			"from": [23.98286, 20.91263, 0.51182],
			"to": [24.98286, 21.91263, 14.51182],
			"rotation": {"angle": -45, "axis": "z", "origin": [24.41509, 21.33471, 7.48374]},
			"faces": {
				"north": {"uv": [6.5, 4, 7, 5], "texture": "#0"},
				"east": {"uv": [0, 4, 7, 5], "texture": "#0"},
				"south": {"uv": [6.5, 4, 7, 5], "texture": "#0"},
				"west": {"uv": [0, 4, 7, 5], "texture": "#0"},
				"up": {"uv": [7, 5, 0, 4], "rotation": 270, "texture": "#0"},
				"down": {"uv": [7, 5, 0, 6], "rotation": 90, "texture": "#0"}
			}
		},
		{
			"name": "handle",
			"from": [28.99821, 13.88598, 0.49746],
			"to": [29.99821, 14.88598, 14.49746],
			"rotation": {"angle": 22.5, "axis": "z", "origin": [29.46509, 14.23471, 7.48374]},
			"faces": {
				"north": {"uv": [6.5, 2, 7, 3], "texture": "#0"},
				"east": {"uv": [0, 2, 7, 3], "texture": "#0"},
				"south": {"uv": [6.5, 2, 7, 3], "texture": "#0"},
				"west": {"uv": [0, 2, 7, 3], "texture": "#0"},
				"up": {"uv": [7, 3, 0, 2], "rotation": 270, "texture": "#0"},
				"down": {"uv": [7, 3, 0, 4], "rotation": 90, "texture": "#0"}
			}
		},
		{
			"name": "handle",
			"from": [30.94634, 4.935, 0.47598],
			"to": [31.94634, 5.935, 14.47598],
			"rotation": {"angle": 0, "axis": "y", "origin": [31.46509, 5.23471, 7.48374]},
			"faces": {
				"north": {"uv": [6.5, 0, 7, 1], "texture": "#0"},
				"east": {"uv": [0, 0, 7, 1], "texture": "#0"},
				"south": {"uv": [6.5, 0, 7, 1], "texture": "#0"},
				"west": {"uv": [0, 0, 7, 1], "texture": "#0"},
				"up": {"uv": [7, 1, 0, 0], "rotation": 270, "texture": "#0"},
				"down": {"uv": [7, 1, 0, 2], "rotation": 90, "texture": "#0"}
			}
		},
		{
			"name": "handle",
			"from": [-2.13515, 25.62721, 0.45063],
			"to": [-1.13515, 26.62721, 14.45063],
			"rotation": {"angle": 22.5, "axis": "z", "origin": [-1.71509, 25.90971, 7.48374]},
			"faces": {
				"north": {"uv": [7, 1, 0, 0], "texture": "#0"},
				"east": {"uv": [7, 1, 0, 0], "texture": "#0"},
				"south": {"uv": [7, 1, 0, 0], "texture": "#0"},
				"west": {"uv": [7, 1, 0, 0], "texture": "#0"},
				"up": {"uv": [7, 1, 0, 0], "texture": "#0"},
				"down": {"uv": [7, 1, 0, 0], "texture": "#0"}
			}
		},
		{
			"name": "handle",
			"from": [-8.98286, 20.91263, 0.51182],
			"to": [-7.98286, 21.91263, 14.51182],
			"rotation": {"angle": 45, "axis": "z", "origin": [-8.41509, 21.33471, 7.48374]},
			"faces": {
				"north": {"uv": [14.25, 7, 7.25, 8], "rotation": 270, "texture": "#0"},
				"east": {"uv": [14.25, 7, 7.25, 8], "rotation": 270, "texture": "#0"},
				"south": {"uv": [14.25, 7, 7.25, 8], "rotation": 270, "texture": "#0"},
				"west": {"uv": [14.25, 7, 7.25, 8], "rotation": 270, "texture": "#0"},
				"up": {"uv": [14.25, 7, 7.25, 8], "rotation": 270, "texture": "#0"},
				"down": {"uv": [14.25, 7, 7.25, 8], "rotation": 270, "texture": "#0"}
			}
		},
		{
			"name": "handle",
			"from": [-13.99821, 13.88598, 0.49746],
			"to": [-12.99821, 14.88598, 14.49746],
			"rotation": {"angle": -22.5, "axis": "z", "origin": [-13.46509, 14.23471, 7.48374]},
			"faces": {
				"north": {"uv": [14.25, 4.5, 7.25, 5.5], "rotation": 270, "texture": "#0"},
				"east": {"uv": [14.25, 4.5, 7.25, 5.5], "rotation": 270, "texture": "#0"},
				"south": {"uv": [14.25, 4.5, 7.25, 5.5], "rotation": 270, "texture": "#0"},
				"west": {"uv": [14.25, 4.5, 7.25, 5.5], "rotation": 270, "texture": "#0"},
				"up": {"uv": [14.25, 4.5, 7.25, 5.5], "rotation": 270, "texture": "#0"},
				"down": {"uv": [14.25, 4.5, 7.25, 5.5], "rotation": 270, "texture": "#0"}
			}
		},
		{
			"name": "handle",
			"from": [-15.94634, 4.935, 0.47598],
			"to": [-14.94634, 5.935, 14.47598],
			"rotation": {"angle": 0, "axis": "y", "origin": [-15.46509, 5.23471, 7.48374]},
			"faces": {
				"north": {"uv": [7, 0, 0, 1], "rotation": 270, "texture": "#0"},
				"east": {"uv": [7, 0, 0, 1], "rotation": 270, "texture": "#0"},
				"south": {"uv": [7, 0, 0, 1], "rotation": 270, "texture": "#0"},
				"west": {"uv": [7, 0, 0, 1], "rotation": 270, "texture": "#0"},
				"up": {"uv": [7, 0, 0, 1], "rotation": 270, "texture": "#0"},
				"down": {"uv": [7, 0, 0, 1], "rotation": 270, "texture": "#0"}
			}
		},
		{
			"name": "side_b",
			"from": [-16, 0, 14],
			"to": [-15, 9.54779, 15],
			"rotation": {"angle": 0, "axis": "y", "origin": [8, 4.7739, 14.5]},
			"faces": {
				"north": {"uv": [15, 0, 14.5, 9], "texture": "#0"},
				"east": {"uv": [14.5, 0, 15, 9], "texture": "#0"},
				"south": {"uv": [15.5, 0, 15, 9], "texture": "#0"},
				"west": {"uv": [15, 0, 15.5, 9], "texture": "#0"},
				"up": {"uv": [15, 1, 14.5, 0], "texture": "#0"},
				"down": {"uv": [15, 0, 14.5, 1], "texture": "#0"}
			}
		},
		{
			"name": "side_b",
			"from": [31, 0, 14],
			"to": [32, 9.54779, 15],
			"rotation": {"angle": 45, "axis": "z", "origin": [8, 4.7739, 14.5]},
			"faces": {
				"north": {"uv": [14.5, 0, 15, 9], "texture": "#0"},
				"east": {"uv": [15.5, 0, 15, 9], "texture": "#0"},
				"south": {"uv": [15, 0, 15.5, 9], "texture": "#0"},
				"west": {"uv": [15, 0, 14.5, 9], "texture": "#0"},
				"up": {"uv": [14.5, 1, 15, 0], "texture": "#0"},
				"down": {"uv": [14.5, 0, 15, 1], "texture": "#0"}
			}
		},
		{
			"name": "side_b",
			"from": [31, 0, 14],
			"to": [32, 9.54779, 15],
			"rotation": {"angle": 22.5, "axis": "z", "origin": [8, 4.7739, 14.5]},
			"faces": {
				"north": {"uv": [14.5, 0, 15, 9], "texture": "#0"},
				"east": {"uv": [15.5, 0, 15, 9], "texture": "#0"},
				"south": {"uv": [15, 0, 15.5, 9], "texture": "#0"},
				"west": {"uv": [15, 0, 14.5, 9], "texture": "#0"},
				"up": {"uv": [14.5, 1, 15, 0], "texture": "#0"},
				"down": {"uv": [14.5, 0, 15, 1], "texture": "#0"}
			}
		},
		{
			"name": "side_b",
			"from": [31, 0, 14],
			"to": [32, 9.54779, 15],
			"rotation": {"angle": 0, "axis": "y", "origin": [8, 4.7739, 14.5]},
			"faces": {
				"north": {"uv": [14.5, 0, 15, 9], "texture": "#0"},
				"east": {"uv": [15.5, 0, 15, 9], "texture": "#0"},
				"south": {"uv": [15, 0, 15.5, 9], "texture": "#0"},
				"west": {"uv": [15, 0, 14.5, 9], "texture": "#0"},
				"up": {"uv": [14.5, 1, 15, 0], "texture": "#0"},
				"down": {"uv": [14.5, 0, 15, 1], "texture": "#0"}
			}
		},
		{
			"name": "side_b",
			"from": [-16, 0, 14],
			"to": [-15, 9.54779, 15],
			"rotation": {"angle": -22.5, "axis": "z", "origin": [8, 4.7739, 14.5]},
			"faces": {
				"north": {"uv": [15, 0, 14.5, 9], "texture": "#0"},
				"east": {"uv": [14.5, 0, 15, 9], "texture": "#0"},
				"south": {"uv": [15.5, 0, 15, 9], "texture": "#0"},
				"west": {"uv": [15, 0, 15.5, 9], "texture": "#0"},
				"up": {"uv": [15, 1, 14.5, 0], "texture": "#0"},
				"down": {"uv": [15, 0, 14.5, 1], "texture": "#0"}
			}
		},
		{
			"name": "side_b",
			"from": [-16, 0, 14],
			"to": [-15, 9.54779, 15],
			"rotation": {"angle": -45, "axis": "z", "origin": [8, 4.7739, 14.5]},
			"faces": {
				"north": {"uv": [15, 0, 14.5, 9], "texture": "#0"},
				"east": {"uv": [14.5, 0, 15, 9], "texture": "#0"},
				"south": {"uv": [15.5, 0, 15, 9], "texture": "#0"},
				"west": {"uv": [15, 0, 15.5, 9], "texture": "#0"},
				"up": {"uv": [15, 1, 14.5, 0], "texture": "#0"},
				"down": {"uv": [15, 0, 14.5, 1], "texture": "#0"}
			}
		},
		{
			"name": "side_b",
			"from": [-16, 0, 0],
			"to": [-15, 9.54779, 1],
			"rotation": {"angle": 0, "axis": "y", "origin": [8, 4.7739, 0.5]},
			"faces": {
				"north": {"uv": [15, 0, 15.5, 9], "texture": "#0"},
				"east": {"uv": [15, 0, 14.5, 9], "texture": "#0"},
				"south": {"uv": [14.5, 0, 15, 9], "texture": "#0"},
				"west": {"uv": [15.5, 0, 15, 9], "texture": "#0"},
				"up": {"uv": [15, 0, 14.5, 1], "texture": "#0"},
				"down": {"uv": [15, 1, 14.5, 0], "texture": "#0"}
			}
		},
		{
			"name": "side_b",
			"from": [3.20111, 27.77389, 0],
			"to": [12.74889, 28.77389, 1],
			"rotation": {"angle": 0, "axis": "y", "origin": [7.975, 28.27389, 0.5]},
			"faces": {
				"north": {"uv": [15.5, 0, 15, 9], "rotation": 90, "texture": "#0"},
				"east": {"uv": [15, 1, 14.5, 0], "rotation": 270, "texture": "#0"},
				"south": {"uv": [14.5, 0, 15, 9], "rotation": 270, "texture": "#0"},
				"west": {"uv": [15, 0, 14.5, 1], "rotation": 270, "texture": "#0"},
				"up": {"uv": [15, 0, 14.5, 9], "rotation": 270, "texture": "#0"},
				"down": {"uv": [15.5, 0, 15, 9], "rotation": 270, "texture": "#0"}
			}
		},
		{
			"name": "side_b",
			"from": [3.20111, 27.77389, 14],
			"to": [12.74889, 28.77389, 15],
			"rotation": {"angle": 0, "axis": "y", "origin": [7.975, 28.27389, 14.5]},
			"faces": {
				"north": {"uv": [15.5, 0, 15, 9], "rotation": 90, "texture": "#0"},
				"east": {"uv": [15, 1, 14.5, 0], "rotation": 270, "texture": "#0"},
				"south": {"uv": [14.5, 0, 15, 9], "rotation": 270, "texture": "#0"},
				"west": {"uv": [15, 0, 14.5, 1], "rotation": 270, "texture": "#0"},
				"up": {"uv": [15, 0, 14.5, 9], "rotation": 270, "texture": "#0"},
				"down": {"uv": [15.5, 0, 15, 9], "rotation": 270, "texture": "#0"}
			}
		},
		{
			"name": "side_b",
			"from": [31, 0, 0],
			"to": [32, 9.54779, 1],
			"rotation": {"angle": 45, "axis": "z", "origin": [8, 4.7739, 0.5]},
			"faces": {
				"north": {"uv": [15.5, 0, 15, 9], "texture": "#0"},
				"east": {"uv": [15, 0, 15.5, 9], "texture": "#0"},
				"south": {"uv": [15, 0, 14.5, 9], "texture": "#0"},
				"west": {"uv": [14.5, 0, 15, 9], "texture": "#0"},
				"up": {"uv": [14.5, 0, 15, 1], "texture": "#0"},
				"down": {"uv": [14.5, 1, 15, 0], "texture": "#0"}
			}
		},
		{
			"name": "side_b",
			"from": [12.30792, 26.44091, 14],
			"to": [21.85571, 27.44091, 15],
			"rotation": {"angle": -22.5, "axis": "z", "origin": [15.91701, 26.94091, 7]},
			"faces": {
				"north": {"uv": [14.5, 0, 15, 9], "rotation": 90, "texture": "#0"},
				"east": {"uv": [14.5, 0, 15, 1], "rotation": 270, "texture": "#0"},
				"south": {"uv": [15, 0, 15.5, 9], "rotation": 270, "texture": "#0"},
				"west": {"uv": [14.5, 1, 15, 0], "rotation": 270, "texture": "#0"},
				"up": {"uv": [15.5, 0, 15, 9], "rotation": 270, "texture": "#0"},
				"down": {"uv": [15, 0, 14.5, 9], "rotation": 270, "texture": "#0"}
			}
		},
		{
			"name": "side_b",
			"from": [12.33292, 26.44091, 0],
			"to": [21.88071, 27.44091, 1],
			"rotation": {"angle": -22.5, "axis": "z", "origin": [15.94201, 26.94091, 8]},
			"faces": {
				"north": {"uv": [15.5, 0, 15, 9], "rotation": 90, "texture": "#0"},
				"east": {"uv": [14.5, 1, 15, 0], "rotation": 270, "texture": "#0"},
				"south": {"uv": [15, 0, 14.5, 9], "rotation": 270, "texture": "#0"},
				"west": {"uv": [14.5, 0, 15, 1], "rotation": 270, "texture": "#0"},
				"up": {"uv": [15, 0, 15.5, 9], "rotation": 270, "texture": "#0"},
				"down": {"uv": [14.5, 0, 15, 9], "rotation": 270, "texture": "#0"}
			}
		},
		{
			"name": "side_b",
			"from": [-5.85571, 26.44091, 14],
			"to": [3.69208, 27.44091, 15],
			"rotation": {"angle": 22.5, "axis": "z", "origin": [0.08299, 26.94091, 7]},
			"faces": {
				"north": {"uv": [14.5, 9, 15, 0], "rotation": 90, "texture": "#0"},
				"east": {"uv": [14.5, 0, 15, 1], "rotation": 270, "texture": "#0"},
				"south": {"uv": [15, 9, 15.5, 0], "rotation": 270, "texture": "#0"},
				"west": {"uv": [14.5, 1, 15, 0], "rotation": 270, "texture": "#0"},
				"up": {"uv": [15.5, 9, 15, 0], "rotation": 270, "texture": "#0"},
				"down": {"uv": [15, 9, 14.5, 0], "rotation": 270, "texture": "#0"}
			}
		},
		{
			"name": "side_b",
			"from": [-5.88071, 26.44091, 0],
			"to": [3.66708, 27.44091, 1],
			"rotation": {"angle": 22.5, "axis": "z", "origin": [0.05799, 26.94091, 8]},
			"faces": {
				"north": {"uv": [15.5, 9, 15, 0], "rotation": 90, "texture": "#0"},
				"east": {"uv": [14.5, 1, 15, 0], "rotation": 270, "texture": "#0"},
				"south": {"uv": [15, 9, 14.5, 0], "rotation": 270, "texture": "#0"},
				"west": {"uv": [14.5, 0, 15, 1], "rotation": 270, "texture": "#0"},
				"up": {"uv": [15, 9, 15.5, 0], "rotation": 270, "texture": "#0"},
				"down": {"uv": [14.5, 9, 15, 0], "rotation": 270, "texture": "#0"}
			}
		},
		{
			"name": "side_b",
			"from": [31, 0, 0],
			"to": [32, 9.54779, 1],
			"rotation": {"angle": 22.5, "axis": "z", "origin": [8, 4.7739, 0.5]},
			"faces": {
				"north": {"uv": [15.5, 0, 15, 9], "texture": "#0"},
				"east": {"uv": [15, 0, 15.5, 9], "texture": "#0"},
				"south": {"uv": [15, 0, 14.5, 9], "texture": "#0"},
				"west": {"uv": [14.5, 0, 15, 9], "texture": "#0"},
				"up": {"uv": [14.5, 0, 15, 1], "texture": "#0"},
				"down": {"uv": [14.5, 1, 15, 0], "texture": "#0"}
			}
		},
		{
			"name": "side_b",
			"from": [31, 0, 0],
			"to": [32, 9.54779, 1],
			"rotation": {"angle": 0, "axis": "y", "origin": [8, 4.7739, 0.5]},
			"faces": {
				"north": {"uv": [15.5, 0, 15, 9], "texture": "#0"},
				"east": {"uv": [15, 0, 15.5, 9], "texture": "#0"},
				"south": {"uv": [15, 0, 14.5, 9], "texture": "#0"},
				"west": {"uv": [14.5, 0, 15, 9], "texture": "#0"},
				"up": {"uv": [14.5, 0, 15, 1], "texture": "#0"},
				"down": {"uv": [14.5, 1, 15, 0], "texture": "#0"}
			}
		},
		{
			"name": "side_b",
			"from": [-16, 0, 0],
			"to": [-15, 9.54779, 1],
			"rotation": {"angle": -22.5, "axis": "z", "origin": [8, 4.7739, 0.5]},
			"faces": {
				"north": {"uv": [15, 0, 15.5, 9], "texture": "#0"},
				"east": {"uv": [15, 0, 14.5, 9], "texture": "#0"},
				"south": {"uv": [14.5, 0, 15, 9], "texture": "#0"},
				"west": {"uv": [15.5, 0, 15, 9], "texture": "#0"},
				"up": {"uv": [15, 0, 14.5, 1], "texture": "#0"},
				"down": {"uv": [15, 1, 14.5, 0], "texture": "#0"}
			}
		},
		{
			"name": "side_b",
			"from": [-16, 0, 0],
			"to": [-15, 9.54779, 1],
			"rotation": {"angle": -45, "axis": "z", "origin": [8, 4.7739, 0.5]},
			"faces": {
				"north": {"uv": [15, 0, 15.5, 9], "texture": "#0"},
				"east": {"uv": [15, 0, 14.5, 9], "texture": "#0"},
				"south": {"uv": [14.5, 0, 15, 9], "texture": "#0"},
				"west": {"uv": [15.5, 0, 15, 9], "texture": "#0"},
				"up": {"uv": [15, 0, 14.5, 1], "texture": "#0"},
				"down": {"uv": [15, 1, 14.5, 0], "texture": "#0"}
			}
		}
	],
	"display": {
		"fixed": {
			"rotation": [-90, 0, 0],
			"scale": [2, 2, 2]
		}
	},
	"groups": [
		{
			"name": "curve",
			"origin": [8, 0, 1],
			"color": 0,
			"configs": {
				"variants": {}
			},
			"children": [
				{
					"name": "side_a",
					"origin": [8, 5, 1],
					"color": 0,
					"configs": {
						"variants": {}
					},
					"children": [
						{
							"name": "part",
							"origin": [8, 5, 1],
							"color": 0,
							"configs": {
								"variants": {}
							},
							"children": [0]
						},
						{
							"name": "part2",
							"origin": [8, 5, 1],
							"color": 0,
							"configs": {
								"variants": {}
							},
							"children": []
						},
						{
							"name": "part3",
							"origin": [8, 5, 1],
							"color": 0,
							"configs": {
								"variants": {}
							},
							"children": []
						},
						{
							"name": "part4",
							"origin": [8, 5, 1],
							"color": 0,
							"configs": {
								"variants": {}
							},
							"children": []
						},
						{
							"name": "part5",
							"origin": [8, 5, 1],
							"color": 0,
							"configs": {
								"variants": {}
							},
							"children": [1]
						},
						{
							"name": "part6",
							"origin": [8, 5, 1],
							"color": 0,
							"configs": {
								"variants": {}
							},
							"children": [2]
						},
						{
							"name": "part7",
							"origin": [8, 5, 1],
							"color": 0,
							"configs": {
								"variants": {}
							},
							"children": [3]
						},
						{
							"name": "part8",
							"origin": [8, 5, 1],
							"color": 0,
							"configs": {
								"variants": {}
							},
							"children": [4, 5, 6, 7, 8]
						},
						{
							"name": "part9",
							"origin": [8, 5, 1],
							"color": 0,
							"configs": {
								"variants": {}
							},
							"children": []
						}
					]
				},
				{
					"name": "side_b2",
					"origin": [8, 5, 16],
					"color": 0,
					"configs": {
						"variants": {}
					},
					"children": [
						9,
						10,
						11,
						12,
						13,
						14,
						{
							"name": "side_b",
							"origin": [8, 5, 16],
							"color": 0,
							"configs": {
								"variants": {}
							},
							"children": [15, 16, 17, 18, 19, 20, 21, 22, 23, 24, 25, 26]
						}
					]
				}
			]
		}
	]
}