{
	"format_version": "1.21.6",
	"credit": "Made with Blockbench",
	"texture_size": [128, 128],
	"textures": {
		"1": "item/world_map"
	},
	"elements": [
		{
			"from": [-14, -1, 15.4],
			"to": [14, 17, 15.9],
			"rotation": {"angle": 0, "axis": "z", "origin": [7, -2, 16.4]},
			"faces": {
				"north": {"uv": [1, 0, 16, 9], "texture": "#1"},
				"east": {"uv": [1, 0, 1.0625, 2.25], "texture": "#1"},
				"south": {"uv": [1, 0, 16, 9], "texture": "#1"},
				"west": {"uv": [1, 0, 1.0625, 2.25], "texture": "#1"},
				"up": {"uv": [1, 0, 4.5, 0.0625], "texture": "#1"},
				"down": {"uv": [1, 0, 4.5, 0.0625], "texture": "#1"}
			}
		},
		{
			"name": "frame",
			"from": [-15, -2, 15],
			"to": [-14, 18, 16],
			"rotation": {"angle": 0, "axis": "y", "origin": [-15, 0, 16]},
			"faces": {
				"north": {"uv": [0.5, 0.25, 0.25, 5.25], "texture": "#1"},
				"east": {"uv": [0.5, 0.25, 0.25, 5.25], "texture": "#1"},
				"south": {"uv": [0.25, 0.25, 0.5, 5.25], "texture": "#1"},
				"west": {"uv": [0.5, 0.25, 0.75, 5.25], "texture": "#1"},
				"up": {"uv": [0.75, 0, 0.5, 0.25], "texture": "#1"},
				"down": {"uv": [0.75, 0.25, 0.5, 0], "texture": "#1"}
			}
		},
		{
			"name": "frame",
			"from": [14, -2, 15],
			"to": [15, 18, 16],
			"rotation": {"angle": 0, "axis": "y", "origin": [15, 0, 16]},
			"faces": {
				"north": {"uv": [0.25, 0.25, 0.5, 5.25], "texture": "#1"},
				"east": {"uv": [0.75, 0.25, 0.5, 5.25], "texture": "#1"},
				"south": {"uv": [0.5, 0.25, 0.25, 5.25], "texture": "#1"},
				"west": {"uv": [0.25, 0.25, 0.5, 5.25], "texture": "#1"},
				"up": {"uv": [0.5, 0, 0.75, 0.25], "texture": "#1"},
				"down": {"uv": [0.5, 0.25, 0.75, 0], "texture": "#1"}
			}
		},
		{
			"name": "frame",
			"from": [-14, -2, 15],
			"to": [14, -1, 16],
			"rotation": {"angle": 0, "axis": "z", "origin": [4, -2, 16]},
			"faces": {
				"north": {"uv": [0, 0.25, 0.25, 7.25], "rotation": 90, "texture": "#1"},
				"east": {"uv": [0, 0, 0.25, 0.25], "rotation": 270, "texture": "#1"},
				"south": {"uv": [0.25, 0.25, 0, 7.25], "rotation": 270, "texture": "#1"},
				"west": {"uv": [0, 0, 0.25, 0.25], "rotation": 270, "texture": "#1"},
				"up": {"uv": [0.25, 0.25, 0, 7.25], "rotation": 270, "texture": "#1"},
				"down": {"uv": [0.25, 0.25, 0, 7.25], "rotation": 270, "texture": "#1"}
			}
		},
		{
			"name": "frame",
			"from": [-14, 17, 15],
			"to": [14, 18, 16],
			"rotation": {"angle": 0, "axis": "z", "origin": [4, 18, 16]},
			"faces": {
				"north": {"uv": [0, 0.25, 0.25, 7.25], "rotation": 270, "texture": "#1"},
				"east": {"uv": [0, 0, 0.25, 0.25], "rotation": 90, "texture": "#1"},
				"south": {"uv": [0.25, 0.25, 0, 7.25], "rotation": 90, "texture": "#1"},
				"west": {"uv": [0, 0, 0.25, 0.25], "rotation": 90, "texture": "#1"},
				"up": {"uv": [0.25, 0.25, 0, 7.25], "rotation": 90, "texture": "#1"},
				"down": {"uv": [0, 0.25, 0.25, 7.25], "rotation": 90, "texture": "#1"}
			}
		}
	],
	"display": {
		"fixed": {
			"translation": [6.75, 9.25, -22.25],
			"scale": [3, 3, 3]
		}
	}
}