{
	"format_version": "1.21.6",
	"credit": "Made with Blockbench",
	"textures": {
		"0": "item/okno",
		"particle": "item/okno"
	},
	"elements": [
		{
			"from": [-6, 7, 2],
			"to": [5, 31, 2],
			"rotation": {"angle": 0, "axis": "y", "origin": [-13, 0, 2]},
			"faces": {
				"north": {"uv": [12.9375, 11.4375, 11, 14.1875], "texture": "#0"},
				"east": {"uv": [12.9375, 11.4375, 11, 14.1875], "texture": "#0"},
				"south": {"uv": [12.9375, 11.4375, 11, 14.1875], "texture": "#0"},
				"west": {"uv": [12.9375, 11.4375, 11, 14.1875], "texture": "#0"},
				"up": {"uv": [12.9375, 11.4375, 11, 14.1875], "texture": "#0"},
				"down": {"uv": [12.9375, 11.4375, 11, 14.1875], "texture": "#0"}
			}
		},
		{
			"from": [5, 0, 2],
			"to": [15, 31, 2],
			"rotation": {"angle": 0, "axis": "y", "origin": [0, 0, 2]},
			"faces": {
				"north": {"uv": [11.4375, 11.8125, 13.3125, 14.25], "texture": "#0"},
				"east": {"uv": [11.4375, 11.8125, 13.3125, 14.25], "texture": "#0"},
				"south": {"uv": [11.4375, 11.8125, 13.3125, 14.25], "texture": "#0"},
				"west": {"uv": [11.4375, 11.8125, 13.3125, 14.25], "texture": "#0"},
				"up": {"uv": [11.4375, 11.8125, 13.3125, 14.25], "texture": "#0"},
				"down": {"uv": [11.4375, 11.8125, 13.3125, 14.25], "texture": "#0"}
			}
		},
		{
			"from": [-16, 0, 2],
			"to": [-6, 31, 2],
			"rotation": {"angle": 0, "axis": "y", "origin": [-20, 0, 2]},
			"faces": {
				"north": {"uv": [11, 11.375, 13.25, 14.375], "texture": "#0"},
				"east": {"uv": [11, 11.375, 13.25, 14.375], "texture": "#0"},
				"south": {"uv": [11, 11.375, 13.25, 14.375], "texture": "#0"},
				"west": {"uv": [11, 11.375, 13.25, 14.375], "texture": "#0"},
				"up": {"uv": [11, 11.375, 13.25, 14.375], "texture": "#0"},
				"down": {"uv": [11, 11.375, 13.25, 14.375], "texture": "#0"}
			}
		},
		{
			"from": [-16, 0, 0],
			"to": [-15, 32, 3],
			"rotation": {"angle": 0, "axis": "y", "origin": [-17, 0, 2]},
			"faces": {
				"north": {"uv": [6.1875, 1.375, 7.1875, 7.75], "texture": "#0"},
				"east": {"uv": [6.1875, 1.375, 7.1875, 7.75], "texture": "#0"},
				"south": {"uv": [6.1875, 1.375, 7.1875, 7.75], "texture": "#0"},
				"west": {"uv": [6.1875, 1.375, 7.1875, 7.75], "texture": "#0"},
				"up": {"uv": [6.1875, 1.375, 7.1875, 7.75], "texture": "#0"},
				"down": {"uv": [6.1875, 1.375, 7.1875, 7.75], "texture": "#0"}
			}
		},
		{
			"from": [15, 0, 0],
			"to": [16, 32, 3],
			"rotation": {"angle": 0, "axis": "y", "origin": [14, 0, 2]},
			"faces": {
				"north": {"uv": [6.1875, 1.375, 7.1875, 7.75], "texture": "#0"},
				"east": {"uv": [6.1875, 1.375, 7.1875, 7.75], "texture": "#0"},
				"south": {"uv": [6.1875, 1.375, 7.1875, 7.75], "texture": "#0"},
				"west": {"uv": [6.1875, 1.375, 7.1875, 7.75], "texture": "#0"},
				"up": {"uv": [6.1875, 1.375, 7.1875, 7.75], "texture": "#0"},
				"down": {"uv": [6.1875, 1.375, 7.1875, 7.75], "texture": "#0"}
			}
		},
		{
			"from": [-15, 31, 0],
			"to": [15, 32, 3],
			"rotation": {"angle": 0, "axis": "z", "origin": [0.5, 31, 4]},
			"faces": {
				"north": {"uv": [6.1875, 1.375, 7.1875, 7.75], "rotation": 90, "texture": "#0"},
				"east": {"uv": [6.1875, 1.375, 7.1875, 7.75], "rotation": 270, "texture": "#0"},
				"south": {"uv": [6.1875, 1.375, 7.1875, 7.75], "rotation": 270, "texture": "#0"},
				"west": {"uv": [6.1875, 1.375, 7.1875, 7.75], "rotation": 270, "texture": "#0"},
				"up": {"uv": [6.1875, 1.375, 7.1875, 7.75], "rotation": 270, "texture": "#0"},
				"down": {"uv": [6.1875, 1.375, 7.1875, 7.75], "rotation": 270, "texture": "#0"}
			}
		},
		{
			"from": [-15, 0, 0],
			"to": [15, 1, 2],
			"rotation": {"angle": 0, "axis": "y", "origin": [0.5, 0, 4]},
			"faces": {
				"north": {"uv": [6.1875, 1.375, 7.1875, 7.75], "rotation": 90, "texture": "#0"},
				"east": {"uv": [6.1875, 1.375, 7.1875, 7.75], "rotation": 270, "texture": "#0"},
				"south": {"uv": [6.1875, 1.375, 7.1875, 7.75], "rotation": 270, "texture": "#0"},
				"west": {"uv": [6.1875, 1.375, 7.1875, 7.75], "rotation": 270, "texture": "#0"},
				"up": {"uv": [6.1875, 1.375, 7.1875, 7.75], "rotation": 270, "texture": "#0"},
				"down": {"uv": [6.1875, 1.375, 7.1875, 7.75], "rotation": 270, "texture": "#0"}
			}
		}
	],
	"groups": [
		{
			"name": "group",
			"origin": [-13, 0, 0],
			"color": 0,
			"children": [0, 1, 2]
		},
		3,
		4,
		5,
		6
	]
}