{
	"format_version": "1.21.6",
	"credit": "Made with Blockbench",
	"texture_size": [128, 128],
	"textures": {
		"0": "item/okno"
	},
	"elements": [
		{
			"from": [2, 0, 0],
			"to": [30, 2, 3.5],
			"rotation": {"angle": 0, "axis": "y", "origin": [22, -30, 8]},
			"faces": {
				"north": {"uv": [7.5, 4, 11, 4.25], "texture": "#0"},
				"east": {"uv": [0.5, 7.5, 1.5, 7.75], "texture": "#0"},
				"south": {"uv": [7.5, 4.25, 11, 4.5], "texture": "#0"},
				"west": {"uv": [7.5, 5, 8.5, 5.25], "texture": "#0"},
				"up": {"uv": [9, 1, 5.5, 0], "texture": "#0"},
				"down": {"uv": [9, 1, 5.5, 2], "texture": "#0"}
			}
		},
		{
			"from": [30, 0, 0],
			"to": [32, 32, 3.5],
			"rotation": {"angle": 0, "axis": "y", "origin": [31, 0, 8]},
			"faces": {
				"north": {"uv": [6.75, 4, 7, 8], "texture": "#0"},
				"east": {"uv": [1.75, 3.75, 2.75, 7.75], "texture": "#0"},
				"south": {"uv": [7, 4, 7.25, 8], "texture": "#0"},
				"west": {"uv": [2.75, 3.75, 3.75, 7.75], "texture": "#0"},
				"up": {"uv": [5.75, 3, 5.5, 2], "texture": "#0"},
				"down": {"uv": [1.75, 7.5, 1.5, 8.5], "texture": "#0"}
			}
		},
		{
			"from": [0, 0, 0],
			"to": [2, 32, 3.5],
			"rotation": {"angle": 0, "axis": "y", "origin": [1, 0, 8]},
			"faces": {
				"north": {"uv": [7.25, 4, 7.5, 8], "texture": "#0"},
				"east": {"uv": [3.75, 3.75, 4.75, 7.75], "texture": "#0"},
				"south": {"uv": [0, 7.5, 0.25, 11.5], "texture": "#0"},
				"west": {"uv": [4.75, 3.75, 5.75, 7.75], "texture": "#0"},
				"up": {"uv": [7.75, 6.25, 7.5, 5.25], "texture": "#0"},
				"down": {"uv": [7.75, 6.25, 7.5, 7.25], "texture": "#0"}
			}
		},
		{
			"from": [15.5, 2, 0],
			"to": [16.5, 30, 3.5],
			"rotation": {"angle": 0, "axis": "y", "origin": [15.5, 0, 8]},
			"faces": {
				"north": {"uv": [0.25, 7.5, 0.375, 11], "texture": "#0"},
				"east": {"uv": [5.75, 2, 6.75, 5.5], "texture": "#0"},
				"south": {"uv": [0.375, 7.5, 0.5, 11], "texture": "#0"},
				"west": {"uv": [5.75, 5.5, 6.75, 9], "texture": "#0"},
				"up": {"uv": [1.125, 8.75, 1, 7.75], "texture": "#0"},
				"down": {"uv": [1.25, 7.75, 1.125, 8.75], "texture": "#0"}
			}
		},
		{
			"from": [2, 30, 0],
			"to": [30, 32, 3.5],
			"rotation": {"angle": 0, "axis": "y", "origin": [22, 0, 8]},
			"faces": {
				"north": {"uv": [7.5, 4.5, 11, 4.75], "texture": "#0"},
				"east": {"uv": [7.5, 7.25, 8.5, 7.5], "texture": "#0"},
				"south": {"uv": [7.5, 4.75, 11, 5], "texture": "#0"},
				"west": {"uv": [7.5, 7.5, 8.5, 7.75], "texture": "#0"},
				"up": {"uv": [10.25, 3, 6.75, 2], "texture": "#0"},
				"down": {"uv": [10.25, 3, 6.75, 4], "texture": "#0"}
			}
		},
		{
			"from": [1, 1, 1.5],
			"to": [16, 31, 2],
			"rotation": {"angle": 0, "axis": "y", "origin": [8, 1, 1]},
			"faces": {
				"north": {"uv": [0, 0, 1.875, 3.75], "texture": "#0"},
				"east": {"uv": [0, 0, 1.875, 3.75], "texture": "#0"},
				"south": {"uv": [0, 0, 1.875, 3.75], "texture": "#0"},
				"west": {"uv": [0, 0, 1.875, 3.75], "texture": "#0"},
				"up": {"uv": [0, 0, 1.875, 3.75], "texture": "#0"},
				"down": {"uv": [0, 0, 1.875, 3.75], "texture": "#0"}
			}
		},
		{
			"from": [16, 1, 1.5],
			"to": [30, 31, 2],
			"rotation": {"angle": 0, "axis": "y", "origin": [22, 1, 1]},
			"faces": {
				"north": {"uv": [0, 3.75, 1.75, 7.5], "texture": "#0"},
				"east": {"uv": [0, 3.75, 1.75, 7.5], "texture": "#0"},
				"south": {"uv": [0, 3.75, 1.75, 7.5], "texture": "#0"},
				"west": {"uv": [0, 3.75, 1.75, 7.5], "texture": "#0"},
				"up": {"uv": [0, 3.75, 1.75, 7.5], "texture": "#0"},
				"down": {"uv": [0, 3.75, 1.75, 7.5], "texture": "#0"}
			}
		}
	],
	"groups": [
		{
			"name": "bone",
			"origin": [22, -30, 8],
			"color": 0,
			"configs": {
				"variants": {}
			},
			"children": [0, 1, 2, 3, 4]
		},
		5,
		6
	]
}