{
	"format_version": "1.21.6",
	"credit": "Yuushya",
	"textures": {
		"0": "item/deco/stop",
		"1": "item/deco/yellow_car",
		"2": "item/deco/wheel",
		"particle": "item/deco/stop"
	},
	"elements": [
		{
			"from": [-4.5, 4, -8],
			"to": [19.5, 12, -0.5],
			"rotation": {"angle": 0, "axis": "y", "origin": [3.5, 8, -8]},
			"faces": {
				"north": {"uv": [0.125, 4.25, 6.125, 6.625], "texture": "#1"},
				"east": {"uv": [3.875, 1.625, 2, 3.625], "texture": "#1"},
				"south": {"uv": [2.25, 3.625, 2.375, 3.75], "texture": "#1"},
				"west": {"uv": [2, 1.625, 3.875, 3.625], "texture": "#1"},
				"up": {"uv": [0.125, 10.25, 6.125, 12.125], "texture": "#1"},
				"down": {"uv": [2.25, 3.625, 2.375, 3.75], "texture": "#1"}
			}
		},
		{
			"from": [-4.5, 2.5, -14],
			"to": [19.5, 11, -8],
			"rotation": {"angle": 0, "axis": "y", "origin": [3.5, 8, -8]},
			"faces": {
				"north": {"uv": [0.125, 4.5, 6.125, 6.625], "texture": "#1"},
				"east": {"uv": [2, 1.875, 0.5, 4], "texture": "#1"},
				"south": {"uv": [2.25, 3.625, 2.375, 3.75], "texture": "#1"},
				"west": {"uv": [0.5, 1.875, 2, 4], "texture": "#1"},
				"up": {"uv": [0.125, 12.125, 6.125, 13.625], "texture": "#1"},
				"down": {"uv": [2.25, 3.625, 2.375, 3.75], "texture": "#1"}
			}
		},
		{
			"from": [-4.5, 3, -15],
			"to": [19.5, 7, -14],
			"rotation": {"angle": 0, "axis": "y", "origin": [3.5, 8, -8]},
			"faces": {
				"north": {"uv": [0.125, 5.5, 6.125, 6.5], "texture": "#1"},
				"east": {"uv": [0.25, 2.875, 0.5, 3.875], "texture": "#1"},
				"south": {"uv": [0, 0, 16, 8], "texture": "#0"},
				"west": {"uv": [0.25, 2.875, 0.5, 3.875], "texture": "#1"},
				"up": {"uv": [0.125, 5.5, 6.125, 5.75], "texture": "#1"},
				"down": {"uv": [0.125, 5.5, 6.125, 5.75], "texture": "#1"}
			}
		},
		{
			"from": [-4.45, 14, -2],
			"to": [19.45, 22, -1.5],
			"rotation": {"angle": 45, "axis": "x", "origin": [3.5, 12.5, -4]},
			"faces": {
				"north": {"uv": [0.125, 14, 6.125, 16], "texture": "#1"},
				"east": {"uv": [5.875, 14, 6, 16], "texture": "#1"},
				"south": {"uv": [0.125, 14, 6.125, 16], "texture": "#1"},
				"west": {"uv": [5.875, 14, 6, 16], "texture": "#1"},
				"up": {"uv": [0, 0, 16, 1], "texture": "#0"},
				"down": {"uv": [0.125, 14, 6.125, 16], "texture": "#1"}
			}
		},
		{
			"from": [13, 7, -15.5],
			"to": [19, 10.5, -14],
			"rotation": {"angle": 0, "axis": "y", "origin": [3.5, 8, -8]},
			"faces": {
				"north": {"uv": [0.25, 4.625, 1.75, 5.5], "texture": "#1"},
				"east": {"uv": [0.5, 2, 0.125, 2.875], "texture": "#1"},
				"south": {"uv": [0, 0, 12, 7], "texture": "#0"},
				"west": {"uv": [0.125, 2, 0.5, 2.875], "texture": "#1"},
				"up": {"uv": [0.25, 13.875, 1.75, 14], "texture": "#1"},
				"down": {"uv": [0.25, 13.875, 1.75, 14], "texture": "#1"}
			}
		},
		{
			"from": [-4, 7, -15.5],
			"to": [2, 10.5, -14],
			"rotation": {"angle": 0, "axis": "y", "origin": [3.5, 8, -8]},
			"faces": {
				"north": {"uv": [0.25, 4.625, 1.75, 5.5], "texture": "#1"},
				"east": {"uv": [0.5, 2, 0.125, 2.875], "texture": "#1"},
				"south": {"uv": [0, 0, 12, 7], "texture": "#0"},
				"west": {"uv": [0.125, 2, 0.5, 2.875], "texture": "#1"},
				"up": {"uv": [4.5, 13.875, 6, 14], "texture": "#1"},
				"down": {"uv": [0.25, 13.875, 1.75, 14], "texture": "#1"}
			}
		},
		{
			"from": [-4.5, 10.5, -15],
			"to": [19.5, 11, -14],
			"rotation": {"angle": 0, "axis": "y", "origin": [3.5, 8, -8]},
			"faces": {
				"north": {"uv": [0.125, 4.5, 6.125, 4.625], "texture": "#1"},
				"east": {"uv": [0.25, 1.875, 0.5, 2], "texture": "#1"},
				"south": {"uv": [0, 0, 16, 1], "texture": "#0"},
				"west": {"uv": [0.25, 1.875, 0.5, 2], "texture": "#1"},
				"up": {"uv": [0.125, 13.625, 6.125, 13.875], "texture": "#1"},
				"down": {"uv": [0.125, 4.5, 6.125, 4.75], "rotation": 180, "texture": "#1"}
			}
		},
		{
			"from": [-4.5, 17, 4],
			"to": [19.5, 18, 8],
			"rotation": {"angle": 0, "axis": "y", "origin": [3.5, 8, -8]},
			"faces": {
				"north": {"uv": [0.125, 14, 6.125, 14.125], "texture": "#1"},
				"east": {"uv": [5, 0.125, 6, 0.375], "texture": "#1"},
				"south": {"uv": [2.25, 3.625, 2.375, 3.75], "texture": "#1"},
				"west": {"uv": [5, 0.125, 6, 0.375], "texture": "#1"},
				"up": {"uv": [0.125, 8.125, 6.125, 9.125], "texture": "#1"},
				"down": {"uv": [0.125, 8.125, 6.125, 9.125], "texture": "#1"}
			}
		},
		{
			"from": [-4, 13.25, -1.5],
			"to": [19, 22.75, 0],
			"rotation": {"angle": 45, "axis": "x", "origin": [3.5, 12.5, -4]},
			"faces": {
				"north": {"uv": [0, 0, 16, 16], "texture": "#0"},
				"east": {"uv": [5.875, 14, 6, 16], "texture": "#1"},
				"south": {"uv": [0.125, 14, 6.125, 16], "texture": "#1"},
				"west": {"uv": [5.875, 14, 6, 16], "texture": "#1"},
				"up": {"uv": [0, 0, 16, 3], "texture": "#0"},
				"down": {"uv": [0, 0, 16, 3], "texture": "#0"}
			}
		},
		{
			"from": [-4.5, 4, -0.5],
			"to": [19.5, 11.5, 8],
			"rotation": {"angle": 0, "axis": "y", "origin": [3.5, 8, -8]},
			"faces": {
				"north": {"uv": [0, 0, 16, 15], "texture": "#0"},
				"east": {"uv": [6, 1.75, 3.875, 3.625], "texture": "#1"},
				"south": {"uv": [2.25, 3.625, 2.375, 3.75], "texture": "#1"},
				"west": {"uv": [3.875, 1.75, 6, 3.625], "texture": "#1"},
				"up": {"uv": [3.875, 1.75, 6, 1.875], "rotation": 90, "texture": "#1"},
				"down": {"uv": [2.25, 3.625, 2.375, 3.75], "texture": "#1"}
			}
		},
		{
			"from": [18, 11.5, 0],
			"to": [18, 18, 8],
			"rotation": {"angle": 0, "axis": "y", "origin": [3.5, 8, -8]},
			"faces": {
				"north": {"uv": [0, 0, 0, 13], "texture": "#1"},
				"east": {"uv": [8.5, 14.375, 6.5, 16], "texture": "#1"},
				"south": {"uv": [0, 0, 0, 13], "texture": "#1"},
				"west": {"uv": [6.5, 14.375, 8.5, 16], "texture": "#1"},
				"up": {"uv": [0, 0, 0, 16], "texture": "#1"},
				"down": {"uv": [0, 0, 0, 16], "texture": "#1"}
			}
		},
		{
			"from": [2.5, 12, -2],
			"to": [12, 12.5, -1.5],
			"rotation": {"angle": 0, "axis": "y", "origin": [3.5, 8, -8]},
			"faces": {
				"north": {"uv": [2.25, 3.625, 2.375, 3.75], "texture": "#1"},
				"east": {"uv": [2.25, 3.625, 2.375, 3.75], "texture": "#1"},
				"south": {"uv": [2.25, 3.625, 2.375, 3.75], "texture": "#1"},
				"west": {"uv": [2.25, 3.625, 2.375, 3.75], "texture": "#1"},
				"up": {"uv": [2.25, 3.625, 2.375, 3.75], "texture": "#1"},
				"down": {"uv": [2.25, 3.625, 2.375, 3.75], "texture": "#1"}
			}
		},
		{
			"from": [-3.5, 11.5, 0],
			"to": [-3.5, 18, 8],
			"rotation": {"angle": 0, "axis": "y", "origin": [3.5, 8, -8]},
			"faces": {
				"north": {"uv": [0, 0, 0, 13], "texture": "#missing"},
				"east": {"uv": [8.5, 14.375, 6.5, 16], "texture": "#1"},
				"south": {"uv": [0, 0, 0, 13], "texture": "#missing"},
				"west": {"uv": [6.5, 14.375, 8.5, 16], "texture": "#1"},
				"up": {"uv": [0, 0, 0, 16], "texture": "#missing"},
				"down": {"uv": [0, 0, 0, 16], "texture": "#missing"}
			}
		},
		{
			"from": [1.5, 11.9, -1.9],
			"to": [2.5, 12.4, -1.4],
			"rotation": {"angle": 0, "axis": "y", "origin": [3.5, 8, -8]},
			"faces": {
				"north": {"uv": [2.25, 3.625, 2.375, 3.75], "texture": "#1"},
				"east": {"uv": [2.25, 3.625, 2.375, 3.75], "texture": "#1"},
				"south": {"uv": [2.25, 3.625, 2.375, 3.75], "texture": "#1"},
				"west": {"uv": [2.25, 3.625, 2.375, 3.75], "texture": "#1"},
				"up": {"uv": [2.25, 3.625, 2.375, 3.75], "texture": "#1"},
				"down": {"uv": [2.25, 3.625, 2.375, 3.75], "texture": "#1"}
			}
		},
		{
			"name": "wheel_0",
			"from": [-3.5, 2, -7],
			"to": [-3, 5, -6],
			"rotation": {"angle": 0, "axis": "y", "origin": [3.5, 8, -8]},
			"faces": {
				"north": {"uv": [11, 1, 5, 2], "rotation": 90, "texture": "#2"},
				"east": {"uv": [5, 3, 11, 1], "rotation": 270, "texture": "#2"},
				"south": {"uv": [5, 2, 11, 3], "rotation": 270, "texture": "#2"},
				"west": {"uv": [5, 1, 11, 3], "rotation": 270, "texture": "#2"},
				"up": {"uv": [10, 1, 11, 3], "texture": "#2"},
				"down": {"uv": [5, 1, 6, 3], "rotation": 180, "texture": "#2"}
			}
		},
		{
			"name": "wheel_1",
			"from": [-3.5, 1, -6.5],
			"to": [-3, 2, -5],
			"rotation": {"angle": 0, "axis": "y", "origin": [3.5, 8, -8]},
			"faces": {
				"north": {"uv": [5, 2, 3, 3], "rotation": 90, "texture": "#2"},
				"east": {"uv": [3, 5, 5, 2], "rotation": 270, "texture": "#2"},
				"south": {"uv": [3, 4, 5, 5], "rotation": 270, "texture": "#2"},
				"west": {"uv": [3, 2, 5, 5], "rotation": 270, "texture": "#2"},
				"up": {"uv": [4, 2, 5, 5], "texture": "#2"},
				"down": {"uv": [3, 2, 4, 5], "rotation": 180, "texture": "#2"}
			}
		},
		{
			"name": "wheel_3",
			"from": [-3.5, 0.5, -6],
			"to": [-3, 1, -1],
			"rotation": {"angle": 0, "axis": "y", "origin": [3.5, 8, -8]},
			"faces": {
				"north": {"uv": [3, 3, 2, 4], "rotation": 90, "texture": "#2"},
				"east": {"uv": [2, 13, 3, 3], "rotation": 270, "texture": "#2"},
				"south": {"uv": [2, 12, 3, 13], "rotation": 270, "texture": "#2"},
				"west": {"uv": [2, 3, 3, 13], "rotation": 270, "texture": "#2"},
				"up": {"uv": [2, 3, 3, 13], "texture": "#2"},
				"down": {"uv": [2, 3, 3, 13], "rotation": 180, "texture": "#2"}
			}
		},
		{
			"name": "wheel_4",
			"from": [-3.5, 2, -6],
			"to": [-3, 2.5, -5.5],
			"rotation": {"angle": 0, "axis": "y", "origin": [3.5, 8, -8]},
			"faces": {
				"north": {"uv": [6, 3, 5, 4], "rotation": 90, "texture": "#2"},
				"east": {"uv": [5, 4, 6, 3], "rotation": 270, "texture": "#2"},
				"south": {"uv": [5, 3, 6, 4], "rotation": 270, "texture": "#2"},
				"west": {"uv": [5, 3, 6, 4], "rotation": 270, "texture": "#2"},
				"up": {"uv": [5, 3, 6, 4], "texture": "#2"},
				"down": {"uv": [5, 3, 6, 4], "rotation": 180, "texture": "#2"}
			}
		},
		{
			"name": "wheel_5",
			"from": [-3.5, 3.5, -6],
			"to": [-3, 4, -4],
			"rotation": {"angle": 0, "axis": "y", "origin": [3.5, 8, -8]},
			"faces": {
				"north": {"uv": [9, 3, 8, 4], "rotation": 90, "texture": "#2"},
				"east": {"uv": [8, 7, 9, 3], "rotation": 270, "texture": "#2"},
				"south": {"uv": [8, 6, 9, 7], "rotation": 270, "texture": "#2"},
				"west": {"uv": [8, 3, 9, 7], "rotation": 270, "texture": "#2"},
				"up": {"uv": [8, 3, 9, 7], "texture": "#2"},
				"down": {"uv": [8, 3, 9, 7], "rotation": 180, "texture": "#2"}
			}
		},
		{
			"name": "wheel_8",
			"from": [-3.5, 0, -5],
			"to": [-3, 0.5, -2],
			"rotation": {"angle": 0, "axis": "y", "origin": [3.5, 8, -8]},
			"faces": {
				"north": {"uv": [2, 5, 1, 6], "rotation": 90, "texture": "#2"},
				"east": {"uv": [1, 11, 2, 5], "rotation": 270, "texture": "#2"},
				"south": {"uv": [1, 10, 2, 11], "rotation": 270, "texture": "#2"},
				"west": {"uv": [1, 5, 2, 11], "rotation": 270, "texture": "#2"},
				"up": {"uv": [1, 5, 2, 11], "texture": "#2"},
				"down": {"uv": [1, 5, 2, 11], "rotation": 180, "texture": "#2"}
			}
		},
		{
			"name": "wheel_9",
			"from": [-3.5, 1, -5],
			"to": [-3, 1.5, -4.5],
			"rotation": {"angle": 0, "axis": "y", "origin": [3.5, 8, -8]},
			"faces": {
				"north": {"uv": [4, 5, 3, 6], "rotation": 90, "texture": "#2"},
				"east": {"uv": [3, 6, 4, 5], "rotation": 270, "texture": "#2"},
				"south": {"uv": [3, 5, 4, 6], "rotation": 270, "texture": "#2"},
				"west": {"uv": [3, 5, 4, 6], "rotation": 270, "texture": "#2"},
				"up": {"uv": [3, 5, 4, 6], "texture": "#2"},
				"down": {"uv": [3, 5, 4, 6], "rotation": 180, "texture": "#2"}
			}
		},
		{
			"name": "wheel_12",
			"from": [-3.5, 2.5, -4.5],
			"to": [-3, 3.5, -4],
			"rotation": {"angle": 0, "axis": "y", "origin": [3.5, 8, -8]},
			"faces": {
				"north": {"uv": [8, 6, 6, 7], "rotation": 90, "texture": "#2"},
				"east": {"uv": [6, 7, 8, 6], "rotation": 270, "texture": "#2"},
				"south": {"uv": [6, 6, 8, 7], "rotation": 270, "texture": "#2"},
				"west": {"uv": [6, 6, 8, 7], "rotation": 270, "texture": "#2"},
				"up": {"uv": [7, 6, 8, 7], "texture": "#2"},
				"down": {"uv": [6, 6, 7, 7], "rotation": 180, "texture": "#2"}
			}
		},
		{
			"name": "wheel_13",
			"from": [-3.5, 4, -4.5],
			"to": [-3, 4.5, -2.5],
			"rotation": {"angle": 0, "axis": "y", "origin": [3.5, 8, -8]},
			"faces": {
				"north": {"uv": [10, 6, 9, 7], "rotation": 90, "texture": "#2"},
				"east": {"uv": [9, 10, 10, 6], "rotation": 270, "texture": "#2"},
				"south": {"uv": [9, 9, 10, 10], "rotation": 270, "texture": "#2"},
				"west": {"uv": [9, 6, 10, 10], "rotation": 270, "texture": "#2"},
				"up": {"uv": [9, 6, 10, 10], "texture": "#2"},
				"down": {"uv": [9, 6, 10, 10], "rotation": 180, "texture": "#2"}
			}
		},
		{
			"name": "wheel_14",
			"from": [-3.5, 1, -4],
			"to": [-3, 3, -3.5],
			"rotation": {"angle": 0, "axis": "y", "origin": [3.5, 8, -8]},
			"faces": {
				"north": {"uv": [7, 7, 3, 8], "rotation": 90, "texture": "#2"},
				"east": {"uv": [3, 8, 7, 7], "rotation": 270, "texture": "#2"},
				"south": {"uv": [3, 7, 7, 8], "rotation": 270, "texture": "#2"},
				"west": {"uv": [3, 7, 7, 8], "rotation": 270, "texture": "#2"},
				"up": {"uv": [6, 7, 7, 8], "texture": "#2"},
				"down": {"uv": [3, 7, 4, 8], "rotation": 180, "texture": "#2"}
			}
		},
		{
			"name": "wheel_15",
			"from": [-3.5, 2.5, -3.5],
			"to": [-3, 3, -2.5],
			"rotation": {"angle": 0, "axis": "y", "origin": [3.5, 8, -8]},
			"faces": {
				"north": {"uv": [7, 8, 6, 9], "rotation": 90, "texture": "#2"},
				"east": {"uv": [6, 10, 7, 8], "rotation": 270, "texture": "#2"},
				"south": {"uv": [6, 9, 7, 10], "rotation": 270, "texture": "#2"},
				"west": {"uv": [6, 8, 7, 10], "rotation": 270, "texture": "#2"},
				"up": {"uv": [6, 8, 7, 10], "texture": "#2"},
				"down": {"uv": [6, 8, 7, 10], "rotation": 180, "texture": "#2"}
			}
		},
		{
			"name": "wheel_17",
			"from": [-3.5, 3, -3],
			"to": [-3, 4, -2.5],
			"rotation": {"angle": 0, "axis": "y", "origin": [3.5, 8, -8]},
			"faces": {
				"north": {"uv": [9, 9, 7, 10], "rotation": 90, "texture": "#2"},
				"east": {"uv": [7, 10, 9, 9], "rotation": 270, "texture": "#2"},
				"south": {"uv": [7, 9, 9, 10], "rotation": 270, "texture": "#2"},
				"west": {"uv": [7, 9, 9, 10], "rotation": 270, "texture": "#2"},
				"up": {"uv": [8, 9, 9, 10], "texture": "#2"},
				"down": {"uv": [7, 9, 8, 10], "rotation": 180, "texture": "#2"}
			}
		},
		{
			"name": "wheel_18",
			"from": [-3.5, 1, -2.5],
			"to": [-3, 1.5, -0.5],
			"rotation": {"angle": 0, "axis": "y", "origin": [3.5, 8, -8]},
			"faces": {
				"north": {"uv": [4, 10, 3, 11], "rotation": 90, "texture": "#2"},
				"east": {"uv": [3, 14, 4, 10], "rotation": 270, "texture": "#2"},
				"south": {"uv": [3, 13, 4, 14], "rotation": 270, "texture": "#2"},
				"west": {"uv": [3, 10, 4, 14], "rotation": 270, "texture": "#2"},
				"up": {"uv": [3, 10, 4, 14], "texture": "#2"},
				"down": {"uv": [3, 10, 4, 14], "rotation": 180, "texture": "#2"}
			}
		},
		{
			"name": "wheel_19",
			"from": [-3.5, 3, -2.5],
			"to": [-3, 3.5, 0],
			"rotation": {"angle": 0, "axis": "y", "origin": [3.5, 8, -8]},
			"faces": {
				"north": {"uv": [8, 10, 7, 11], "rotation": 90, "texture": "#2"},
				"east": {"uv": [7, 15, 8, 10], "rotation": 270, "texture": "#2"},
				"south": {"uv": [7, 14, 8, 15], "rotation": 270, "texture": "#2"},
				"west": {"uv": [7, 10, 8, 15], "rotation": 270, "texture": "#2"},
				"up": {"uv": [7, 10, 8, 15], "texture": "#2"},
				"down": {"uv": [7, 10, 8, 15], "rotation": 180, "texture": "#2"}
			}
		},
		{
			"name": "wheel_21",
			"from": [-3.5, 1.5, -2],
			"to": [-3, 2, -0.5],
			"rotation": {"angle": 0, "axis": "y", "origin": [3.5, 8, -8]},
			"faces": {
				"north": {"uv": [5, 11, 4, 12], "rotation": 90, "texture": "#2"},
				"east": {"uv": [4, 14, 5, 11], "rotation": 270, "texture": "#2"},
				"south": {"uv": [4, 13, 5, 14], "rotation": 270, "texture": "#2"},
				"west": {"uv": [4, 11, 5, 14], "rotation": 270, "texture": "#2"},
				"up": {"uv": [4, 11, 5, 14], "texture": "#2"},
				"down": {"uv": [4, 11, 5, 14], "rotation": 180, "texture": "#2"}
			}
		},
		{
			"name": "wheel_23",
			"from": [-3.5, 2, -1.5],
			"to": [-3, 2.5, 0],
			"rotation": {"angle": 0, "axis": "y", "origin": [3.5, 8, -8]},
			"faces": {
				"north": {"uv": [6, 12, 5, 13], "rotation": 90, "texture": "#2"},
				"east": {"uv": [5, 15, 6, 12], "rotation": 270, "texture": "#2"},
				"south": {"uv": [5, 14, 6, 15], "rotation": 270, "texture": "#2"},
				"west": {"uv": [5, 12, 6, 15], "rotation": 270, "texture": "#2"},
				"up": {"uv": [5, 12, 6, 15], "texture": "#2"},
				"down": {"uv": [5, 12, 6, 15], "rotation": 180, "texture": "#2"}
			}
		},
		{
			"name": "wheel_25",
			"from": [-3.5, 2.5, -1],
			"to": [-3, 3, 0],
			"rotation": {"angle": 0, "axis": "y", "origin": [3.5, 8, -8]},
			"faces": {
				"north": {"uv": [7, 13, 6, 14], "rotation": 90, "texture": "#2"},
				"east": {"uv": [6, 15, 7, 13], "rotation": 270, "texture": "#2"},
				"south": {"uv": [6, 14, 7, 15], "rotation": 270, "texture": "#2"},
				"west": {"uv": [6, 13, 7, 15], "rotation": 270, "texture": "#2"},
				"up": {"uv": [6, 13, 7, 15], "texture": "#2"},
				"down": {"uv": [6, 13, 7, 15], "rotation": 180, "texture": "#2"}
			}
		},
		{
			"name": "wheel_26",
			"from": [-3.5, 3.5, -1],
			"to": [-3, 4.5, 0],
			"rotation": {"angle": 0, "axis": "y", "origin": [3.5, 8, -8]},
			"faces": {
				"north": {"uv": [10, 13, 8, 14], "rotation": 90, "texture": "#2"},
				"east": {"uv": [8, 15, 10, 13], "rotation": 270, "texture": "#2"},
				"south": {"uv": [8, 14, 10, 15], "rotation": 270, "texture": "#2"},
				"west": {"uv": [8, 13, 10, 15], "rotation": 270, "texture": "#2"},
				"up": {"uv": [9, 13, 10, 15], "texture": "#2"},
				"down": {"uv": [8, 13, 9, 15], "rotation": 180, "texture": "#2"}
			}
		},
		{
			"name": "wheel_0",
			"from": [-3, 2, -7],
			"to": [-1.5, 5, 0],
			"rotation": {"angle": 0, "axis": "y", "origin": [3.5, 8, -8]},
			"faces": {
				"north": {"uv": [11, 1, 5, 2], "rotation": 90, "texture": "#2"},
				"east": {"uv": [5, 15, 11, 1], "rotation": 270, "texture": "#2"},
				"south": {"uv": [5, 14, 11, 15], "rotation": 270, "texture": "#2"},
				"west": {"uv": [5, 1, 11, 15], "rotation": 270, "texture": "#2"},
				"up": {"uv": [10, 1, 11, 15], "texture": "#2"},
				"down": {"uv": [5, 1, 6, 15], "rotation": 180, "texture": "#2"}
			}
		},
		{
			"name": "wheel_1",
			"from": [-3, 1, -6.5],
			"to": [-1.5, 2, -0.5],
			"rotation": {"angle": 0, "axis": "y", "origin": [3.5, 8, -8]},
			"faces": {
				"north": {"uv": [5, 2, 3, 3], "rotation": 90, "texture": "#2"},
				"east": {"uv": [3, 14, 5, 2], "rotation": 270, "texture": "#2"},
				"south": {"uv": [3, 13, 5, 14], "rotation": 270, "texture": "#2"},
				"west": {"uv": [3, 2, 5, 14], "rotation": 270, "texture": "#2"},
				"up": {"uv": [4, 2, 5, 14], "texture": "#2"},
				"down": {"uv": [3, 2, 4, 14], "rotation": 180, "texture": "#2"}
			}
		},
		{
			"name": "wheel_3",
			"from": [-3, 0.5, -6],
			"to": [-1.5, 1, -1],
			"rotation": {"angle": 0, "axis": "y", "origin": [3.5, 8, -8]},
			"faces": {
				"north": {"uv": [3, 3, 2, 4], "rotation": 90, "texture": "#2"},
				"east": {"uv": [2, 13, 3, 3], "rotation": 270, "texture": "#2"},
				"south": {"uv": [2, 12, 3, 13], "rotation": 270, "texture": "#2"},
				"west": {"uv": [2, 3, 3, 13], "rotation": 270, "texture": "#2"},
				"up": {"uv": [2, 3, 3, 13], "texture": "#2"},
				"down": {"uv": [2, 3, 3, 13], "rotation": 180, "texture": "#2"}
			}
		},
		{
			"name": "wheel_5",
			"from": [-3, 0, -5],
			"to": [-1.5, 0.5, -2],
			"rotation": {"angle": 0, "axis": "y", "origin": [3.5, 8, -8]},
			"faces": {
				"north": {"uv": [2, 5, 1, 6], "rotation": 90, "texture": "#2"},
				"east": {"uv": [1, 11, 2, 5], "rotation": 270, "texture": "#2"},
				"south": {"uv": [1, 10, 2, 11], "rotation": 270, "texture": "#2"},
				"west": {"uv": [1, 5, 2, 11], "rotation": 270, "texture": "#2"},
				"up": {"uv": [1, 5, 2, 11], "texture": "#2"},
				"down": {"uv": [1, 5, 2, 11], "rotation": 180, "texture": "#2"}
			}
		},
		{
			"name": "wheel_0",
			"from": [18, 2, -1],
			"to": [18.5, 5, 0],
			"rotation": {"angle": 0, "axis": "y", "origin": [3.5, 8, -8]},
			"faces": {
				"north": {"uv": [5, 2, 11, 3], "rotation": 270, "texture": "#2"},
				"east": {"uv": [5, 1, 11, 3], "rotation": 270, "texture": "#2"},
				"south": {"uv": [11, 1, 5, 2], "rotation": 90, "texture": "#2"},
				"west": {"uv": [5, 3, 11, 1], "rotation": 270, "texture": "#2"},
				"up": {"uv": [10, 1, 11, 3], "rotation": 180, "texture": "#2"},
				"down": {"uv": [5, 1, 6, 3], "texture": "#2"}
			}
		},
		{
			"name": "wheel_1",
			"from": [18, 1, -2],
			"to": [18.5, 2, -0.5],
			"rotation": {"angle": 0, "axis": "y", "origin": [3.5, 8, -8]},
			"faces": {
				"north": {"uv": [3, 4, 5, 5], "rotation": 270, "texture": "#2"},
				"east": {"uv": [3, 2, 5, 5], "rotation": 270, "texture": "#2"},
				"south": {"uv": [5, 2, 3, 3], "rotation": 90, "texture": "#2"},
				"west": {"uv": [3, 5, 5, 2], "rotation": 270, "texture": "#2"},
				"up": {"uv": [4, 2, 5, 5], "rotation": 180, "texture": "#2"},
				"down": {"uv": [3, 2, 4, 5], "texture": "#2"}
			}
		},
		{
			"name": "wheel_3",
			"from": [18, 0.5, -6],
			"to": [18.5, 1, -1],
			"rotation": {"angle": 0, "axis": "y", "origin": [3.5, 8, -8]},
			"faces": {
				"north": {"uv": [2, 12, 3, 13], "rotation": 270, "texture": "#2"},
				"east": {"uv": [2, 3, 3, 13], "rotation": 270, "texture": "#2"},
				"south": {"uv": [3, 3, 2, 4], "rotation": 90, "texture": "#2"},
				"west": {"uv": [2, 13, 3, 3], "rotation": 270, "texture": "#2"},
				"up": {"uv": [2, 3, 3, 13], "rotation": 180, "texture": "#2"},
				"down": {"uv": [2, 3, 3, 13], "texture": "#2"}
			}
		},
		{
			"name": "wheel_4",
			"from": [18, 2, -1.5],
			"to": [18.5, 2.5, -1],
			"rotation": {"angle": 0, "axis": "y", "origin": [3.5, 8, -8]},
			"faces": {
				"north": {"uv": [5, 3, 6, 4], "rotation": 270, "texture": "#2"},
				"east": {"uv": [5, 3, 6, 4], "rotation": 270, "texture": "#2"},
				"south": {"uv": [6, 3, 5, 4], "rotation": 90, "texture": "#2"},
				"west": {"uv": [5, 4, 6, 3], "rotation": 270, "texture": "#2"},
				"up": {"uv": [5, 3, 6, 4], "rotation": 180, "texture": "#2"},
				"down": {"uv": [5, 3, 6, 4], "texture": "#2"}
			}
		},
		{
			"name": "wheel_5",
			"from": [18, 3.5, -3],
			"to": [18.5, 4, -1],
			"rotation": {"angle": 0, "axis": "y", "origin": [3.5, 8, -8]},
			"faces": {
				"north": {"uv": [8, 6, 9, 7], "rotation": 270, "texture": "#2"},
				"east": {"uv": [8, 3, 9, 7], "rotation": 270, "texture": "#2"},
				"south": {"uv": [9, 3, 8, 4], "rotation": 90, "texture": "#2"},
				"west": {"uv": [8, 7, 9, 3], "rotation": 270, "texture": "#2"},
				"up": {"uv": [8, 3, 9, 7], "rotation": 180, "texture": "#2"},
				"down": {"uv": [8, 3, 9, 7], "texture": "#2"}
			}
		},
		{
			"name": "wheel_8",
			"from": [18, 0, -5],
			"to": [18.5, 0.5, -2],
			"rotation": {"angle": 0, "axis": "y", "origin": [3.5, 8, -8]},
			"faces": {
				"north": {"uv": [1, 10, 2, 11], "rotation": 270, "texture": "#2"},
				"east": {"uv": [1, 5, 2, 11], "rotation": 270, "texture": "#2"},
				"south": {"uv": [2, 5, 1, 6], "rotation": 90, "texture": "#2"},
				"west": {"uv": [1, 11, 2, 5], "rotation": 270, "texture": "#2"},
				"up": {"uv": [1, 5, 2, 11], "rotation": 180, "texture": "#2"},
				"down": {"uv": [1, 5, 2, 11], "texture": "#2"}
			}
		},
		{
			"name": "wheel_9",
			"from": [18, 1, -2.5],
			"to": [18.5, 1.5, -2],
			"rotation": {"angle": 0, "axis": "y", "origin": [3.5, 8, -8]},
			"faces": {
				"north": {"uv": [3, 5, 4, 6], "rotation": 270, "texture": "#2"},
				"east": {"uv": [3, 5, 4, 6], "rotation": 270, "texture": "#2"},
				"south": {"uv": [4, 5, 3, 6], "rotation": 90, "texture": "#2"},
				"west": {"uv": [3, 6, 4, 5], "rotation": 270, "texture": "#2"},
				"up": {"uv": [3, 5, 4, 6], "rotation": 180, "texture": "#2"},
				"down": {"uv": [3, 5, 4, 6], "texture": "#2"}
			}
		},
		{
			"name": "wheel_12",
			"from": [18, 2.5, -3],
			"to": [18.5, 3.5, -2.5],
			"rotation": {"angle": 0, "axis": "y", "origin": [3.5, 8, -8]},
			"faces": {
				"north": {"uv": [6, 6, 8, 7], "rotation": 270, "texture": "#2"},
				"east": {"uv": [6, 6, 8, 7], "rotation": 270, "texture": "#2"},
				"south": {"uv": [8, 6, 6, 7], "rotation": 90, "texture": "#2"},
				"west": {"uv": [6, 7, 8, 6], "rotation": 270, "texture": "#2"},
				"up": {"uv": [7, 6, 8, 7], "rotation": 180, "texture": "#2"},
				"down": {"uv": [6, 6, 7, 7], "texture": "#2"}
			}
		},
		{
			"name": "wheel_13",
			"from": [18, 4, -4.5],
			"to": [18.5, 4.5, -2.5],
			"rotation": {"angle": 0, "axis": "y", "origin": [3.5, 8, -8]},
			"faces": {
				"north": {"uv": [9, 9, 10, 10], "rotation": 270, "texture": "#2"},
				"east": {"uv": [9, 6, 10, 10], "rotation": 270, "texture": "#2"},
				"south": {"uv": [10, 6, 9, 7], "rotation": 90, "texture": "#2"},
				"west": {"uv": [9, 10, 10, 6], "rotation": 270, "texture": "#2"},
				"up": {"uv": [9, 6, 10, 10], "rotation": 180, "texture": "#2"},
				"down": {"uv": [9, 6, 10, 10], "texture": "#2"}
			}
		},
		{
			"name": "wheel_14",
			"from": [18, 1, -3.5],
			"to": [18.5, 3, -3],
			"rotation": {"angle": 0, "axis": "y", "origin": [3.5, 8, -8]},
			"faces": {
				"north": {"uv": [3, 7, 7, 8], "rotation": 270, "texture": "#2"},
				"east": {"uv": [3, 7, 7, 8], "rotation": 270, "texture": "#2"},
				"south": {"uv": [7, 7, 3, 8], "rotation": 90, "texture": "#2"},
				"west": {"uv": [3, 8, 7, 7], "rotation": 270, "texture": "#2"},
				"up": {"uv": [6, 7, 7, 8], "rotation": 180, "texture": "#2"},
				"down": {"uv": [3, 7, 4, 8], "texture": "#2"}
			}
		},
		{
			"name": "wheel_15",
			"from": [18, 2.5, -4.5],
			"to": [18.5, 3, -3.5],
			"rotation": {"angle": 0, "axis": "y", "origin": [3.5, 8, -8]},
			"faces": {
				"north": {"uv": [6, 9, 7, 10], "rotation": 270, "texture": "#2"},
				"east": {"uv": [6, 8, 7, 10], "rotation": 270, "texture": "#2"},
				"south": {"uv": [7, 8, 6, 9], "rotation": 90, "texture": "#2"},
				"west": {"uv": [6, 10, 7, 8], "rotation": 270, "texture": "#2"},
				"up": {"uv": [6, 8, 7, 10], "rotation": 180, "texture": "#2"},
				"down": {"uv": [6, 8, 7, 10], "texture": "#2"}
			}
		},
		{
			"name": "wheel_17",
			"from": [18, 3, -4.5],
			"to": [18.5, 4, -4],
			"rotation": {"angle": 0, "axis": "y", "origin": [3.5, 8, -8]},
			"faces": {
				"north": {"uv": [7, 9, 9, 10], "rotation": 270, "texture": "#2"},
				"east": {"uv": [7, 9, 9, 10], "rotation": 270, "texture": "#2"},
				"south": {"uv": [9, 9, 7, 10], "rotation": 90, "texture": "#2"},
				"west": {"uv": [7, 10, 9, 9], "rotation": 270, "texture": "#2"},
				"up": {"uv": [8, 9, 9, 10], "rotation": 180, "texture": "#2"},
				"down": {"uv": [7, 9, 8, 10], "texture": "#2"}
			}
		},
		{
			"name": "wheel_18",
			"from": [18, 1, -6.5],
			"to": [18.5, 1.5, -4.5],
			"rotation": {"angle": 0, "axis": "y", "origin": [3.5, 8, -8]},
			"faces": {
				"north": {"uv": [3, 13, 4, 14], "rotation": 270, "texture": "#2"},
				"east": {"uv": [3, 10, 4, 14], "rotation": 270, "texture": "#2"},
				"south": {"uv": [4, 10, 3, 11], "rotation": 90, "texture": "#2"},
				"west": {"uv": [3, 14, 4, 10], "rotation": 270, "texture": "#2"},
				"up": {"uv": [3, 10, 4, 14], "rotation": 180, "texture": "#2"},
				"down": {"uv": [3, 10, 4, 14], "texture": "#2"}
			}
		},
		{
			"name": "wheel_19",
			"from": [18, 3, -7],
			"to": [18.5, 3.5, -4.5],
			"rotation": {"angle": 0, "axis": "y", "origin": [3.5, 8, -8]},
			"faces": {
				"north": {"uv": [7, 14, 8, 15], "rotation": 270, "texture": "#2"},
				"east": {"uv": [7, 10, 8, 15], "rotation": 270, "texture": "#2"},
				"south": {"uv": [8, 10, 7, 11], "rotation": 90, "texture": "#2"},
				"west": {"uv": [7, 15, 8, 10], "rotation": 270, "texture": "#2"},
				"up": {"uv": [7, 10, 8, 15], "rotation": 180, "texture": "#2"},
				"down": {"uv": [7, 10, 8, 15], "texture": "#2"}
			}
		},
		{
			"name": "wheel_21",
			"from": [18, 1.5, -6.5],
			"to": [18.5, 2, -5],
			"rotation": {"angle": 0, "axis": "y", "origin": [3.5, 8, -8]},
			"faces": {
				"north": {"uv": [4, 13, 5, 14], "rotation": 270, "texture": "#2"},
				"east": {"uv": [4, 11, 5, 14], "rotation": 270, "texture": "#2"},
				"south": {"uv": [5, 11, 4, 12], "rotation": 90, "texture": "#2"},
				"west": {"uv": [4, 14, 5, 11], "rotation": 270, "texture": "#2"},
				"up": {"uv": [4, 11, 5, 14], "rotation": 180, "texture": "#2"},
				"down": {"uv": [4, 11, 5, 14], "texture": "#2"}
			}
		},
		{
			"name": "wheel_23",
			"from": [18, 2, -7],
			"to": [18.5, 2.5, -5.5],
			"rotation": {"angle": 0, "axis": "y", "origin": [3.5, 8, -8]},
			"faces": {
				"north": {"uv": [5, 14, 6, 15], "rotation": 270, "texture": "#2"},
				"east": {"uv": [5, 12, 6, 15], "rotation": 270, "texture": "#2"},
				"south": {"uv": [6, 12, 5, 13], "rotation": 90, "texture": "#2"},
				"west": {"uv": [5, 15, 6, 12], "rotation": 270, "texture": "#2"},
				"up": {"uv": [5, 12, 6, 15], "rotation": 180, "texture": "#2"},
				"down": {"uv": [5, 12, 6, 15], "texture": "#2"}
			}
		},
		{
			"name": "wheel_25",
			"from": [18, 2.5, -7],
			"to": [18.5, 3, -6],
			"rotation": {"angle": 0, "axis": "y", "origin": [3.5, 8, -8]},
			"faces": {
				"north": {"uv": [6, 14, 7, 15], "rotation": 270, "texture": "#2"},
				"east": {"uv": [6, 13, 7, 15], "rotation": 270, "texture": "#2"},
				"south": {"uv": [7, 13, 6, 14], "rotation": 90, "texture": "#2"},
				"west": {"uv": [6, 15, 7, 13], "rotation": 270, "texture": "#2"},
				"up": {"uv": [6, 13, 7, 15], "rotation": 180, "texture": "#2"},
				"down": {"uv": [6, 13, 7, 15], "texture": "#2"}
			}
		},
		{
			"name": "wheel_26",
			"from": [18, 3.5, -7],
			"to": [18.5, 4.5, -6],
			"rotation": {"angle": 0, "axis": "y", "origin": [3.5, 8, -8]},
			"faces": {
				"north": {"uv": [8, 14, 10, 15], "rotation": 270, "texture": "#2"},
				"east": {"uv": [8, 13, 10, 15], "rotation": 270, "texture": "#2"},
				"south": {"uv": [10, 13, 8, 14], "rotation": 90, "texture": "#2"},
				"west": {"uv": [8, 15, 10, 13], "rotation": 270, "texture": "#2"},
				"up": {"uv": [9, 13, 10, 15], "rotation": 180, "texture": "#2"},
				"down": {"uv": [8, 13, 9, 15], "texture": "#2"}
			}
		},
		{
			"name": "wheel_0",
			"from": [16.5, 2, -7],
			"to": [18, 5, 0],
			"rotation": {"angle": 0, "axis": "y", "origin": [3.5, 8, -8]},
			"faces": {
				"north": {"uv": [5, 14, 11, 15], "rotation": 270, "texture": "#2"},
				"east": {"uv": [5, 1, 11, 15], "rotation": 270, "texture": "#2"},
				"south": {"uv": [11, 1, 5, 2], "rotation": 90, "texture": "#2"},
				"west": {"uv": [5, 15, 11, 1], "rotation": 270, "texture": "#2"},
				"up": {"uv": [10, 1, 11, 15], "rotation": 180, "texture": "#2"},
				"down": {"uv": [5, 1, 6, 15], "texture": "#2"}
			}
		},
		{
			"name": "wheel_1",
			"from": [16.5, 1, -6.5],
			"to": [18, 2, -0.5],
			"rotation": {"angle": 0, "axis": "y", "origin": [3.5, 8, -8]},
			"faces": {
				"north": {"uv": [3, 13, 5, 14], "rotation": 270, "texture": "#2"},
				"east": {"uv": [3, 2, 5, 14], "rotation": 270, "texture": "#2"},
				"south": {"uv": [5, 2, 3, 3], "rotation": 90, "texture": "#2"},
				"west": {"uv": [3, 14, 5, 2], "rotation": 270, "texture": "#2"},
				"up": {"uv": [4, 2, 5, 14], "rotation": 180, "texture": "#2"},
				"down": {"uv": [3, 2, 4, 14], "texture": "#2"}
			}
		},
		{
			"name": "wheel_3",
			"from": [16.5, 0.5, -6],
			"to": [18, 1, -1],
			"rotation": {"angle": 0, "axis": "y", "origin": [3.5, 8, -8]},
			"faces": {
				"north": {"uv": [2, 12, 3, 13], "rotation": 270, "texture": "#2"},
				"east": {"uv": [2, 3, 3, 13], "rotation": 270, "texture": "#2"},
				"south": {"uv": [3, 3, 2, 4], "rotation": 90, "texture": "#2"},
				"west": {"uv": [2, 13, 3, 3], "rotation": 270, "texture": "#2"},
				"up": {"uv": [2, 3, 3, 13], "rotation": 180, "texture": "#2"},
				"down": {"uv": [2, 3, 3, 13], "texture": "#2"}
			}
		},
		{
			"name": "wheel_5",
			"from": [16.5, 0, -5],
			"to": [18, 0.5, -2],
			"rotation": {"angle": 0, "axis": "y", "origin": [3.5, 8, -8]},
			"faces": {
				"north": {"uv": [1, 10, 2, 11], "rotation": 270, "texture": "#2"},
				"east": {"uv": [1, 5, 2, 11], "rotation": 270, "texture": "#2"},
				"south": {"uv": [2, 5, 1, 6], "rotation": 90, "texture": "#2"},
				"west": {"uv": [1, 11, 2, 5], "rotation": 270, "texture": "#2"},
				"up": {"uv": [1, 5, 2, 11], "rotation": 180, "texture": "#2"},
				"down": {"uv": [1, 5, 2, 11], "texture": "#2"}
			}
		},
		{
			"from": [-4.5, 3, 1.5],
			"to": [19.5, 4, 8],
			"rotation": {"angle": 0, "axis": "y", "origin": [3.5, 8, -8]},
			"faces": {
				"north": {"uv": [1.25, 3.625, 1.5, 3.875], "texture": "#1"},
				"east": {"uv": [1.25, 3.625, 1.5, 3.875], "texture": "#1"},
				"south": {"uv": [1.25, 3.625, 1.5, 3.875], "texture": "#1"},
				"west": {"uv": [1.25, 3.625, 1.5, 3.875], "texture": "#1"},
				"up": {"uv": [1.25, 3.625, 1.5, 3.875], "texture": "#1"},
				"down": {"uv": [1.25, 3.625, 1.5, 3.875], "texture": "#1"}
			}
		},
		{
			"from": [-4.5, 17, 8],
			"to": [19.5, 18, 25],
			"rotation": {"angle": 0, "axis": "y", "origin": [3.5, 8, 16]},
			"faces": {
				"north": {"uv": [6, 0.125, 10.25, 0.375], "texture": "#1"},
				"east": {"uv": [6, 0.125, 10.25, 0.375], "texture": "#1"},
				"south": {"uv": [6.5, 4.25, 12.5, 4.375], "texture": "#1"},
				"west": {"uv": [6, 0.125, 10.25, 0.375], "texture": "#1"},
				"up": {"uv": [6.5, 9.75, 12.5, 14], "texture": "#1"},
				"down": {"uv": [6, 0.125, 10.25, 0.375], "texture": "#1"}
			}
		},
		{
			"from": [-4.5, 4, 25],
			"to": [19.5, 17.5, 26.5],
			"rotation": {"angle": 0, "axis": "y", "origin": [3.5, 8, 16]},
			"faces": {
				"north": {"uv": [10.25, 0.25, 10.625, 3.625], "texture": "#1"},
				"east": {"uv": [10.25, 0.25, 10.625, 3.625], "texture": "#1"},
				"south": {"uv": [6.5, 4.375, 12.5, 7.75], "texture": "#1"},
				"west": {"uv": [10.25, 0.25, 10.625, 3.625], "texture": "#1"},
				"up": {"uv": [6.5, 9.375, 12.5, 9.75], "texture": "#1"},
				"down": {"uv": [6, 3.625, 8.25, 4], "texture": "#1"}
			}
		},
		{
			"from": [-4.5, 4, 8],
			"to": [19.5, 11.5, 25],
			"rotation": {"angle": 0, "axis": "y", "origin": [3.5, 8, 16]},
			"faces": {
				"north": {"uv": [6, 0.125, 10.25, 0.375], "texture": "#1"},
				"east": {"uv": [10.25, 1.75, 6, 3.625], "texture": "#1"},
				"south": {"uv": [0, 0, 16, 16], "texture": "#1"},
				"west": {"uv": [6, 1.75, 10.25, 3.625], "texture": "#1"},
				"up": {"uv": [6, 1.75, 10.25, 1.875], "rotation": 90, "texture": "#1"},
				"down": {"uv": [6, 3.625, 8.25, 4], "texture": "#1"}
			}
		},
		{
			"from": [-4.5, 3, 31],
			"to": [19.5, 10, 32],
			"rotation": {"angle": 0, "axis": "y", "origin": [3.5, 8, 16]},
			"faces": {
				"north": {"uv": [0, 0, 16, 16], "texture": "#1"},
				"east": {"uv": [11.75, 2.125, 12, 3.875], "texture": "#1"},
				"south": {"uv": [6.5, 6, 12.5, 7.75], "texture": "#1"},
				"west": {"uv": [11.75, 2.125, 12, 3.875], "texture": "#1"},
				"up": {"uv": [6.5, 8, 12.5, 8.25], "texture": "#1"},
				"down": {"uv": [6, 3.625, 8.25, 4], "texture": "#1"}
			}
		},
		{
			"from": [-4.5, 3, 26.5],
			"to": [19.5, 11, 31],
			"rotation": {"angle": 0, "axis": "y", "origin": [3.5, 8, 16]},
			"faces": {
				"north": {"uv": [6, 3.625, 8.25, 4], "texture": "#1"},
				"east": {"uv": [10.625, 1.875, 11.75, 3.875], "texture": "#1"},
				"south": {"uv": [6.5, 5.75, 12.5, 6], "texture": "#1"},
				"west": {"uv": [10.625, 1.875, 11.75, 3.875], "texture": "#1"},
				"up": {"uv": [6.5, 8.25, 12.5, 9.375], "texture": "#1"},
				"down": {"uv": [6, 3.625, 8.25, 4], "texture": "#1"}
			}
		},
		{
			"from": [-4.5, 2.5, 8],
			"to": [19.5, 4, 13],
			"rotation": {"angle": 0, "axis": "y", "origin": [3.5, 8, 16]},
			"faces": {
				"north": {"uv": [6, 3.625, 8.25, 4], "texture": "#1"},
				"east": {"uv": [6, 3.625, 8.25, 4], "texture": "#1"},
				"south": {"uv": [6, 3.625, 8.25, 4], "texture": "#1"},
				"west": {"uv": [6, 3.625, 8.25, 4], "texture": "#1"},
				"up": {"uv": [0, 0, 16, 16], "texture": "#1"},
				"down": {"uv": [6, 3.625, 8.25, 4], "texture": "#1"}
			}
		},
		{
			"from": [-4.5, 3, 13],
			"to": [19.5, 4, 18],
			"rotation": {"angle": 0, "axis": "y", "origin": [3.5, 8, 16]},
			"faces": {
				"north": {"uv": [6, 3.625, 8.25, 4], "texture": "#1"},
				"east": {"uv": [6, 3.625, 8.25, 4], "texture": "#1"},
				"south": {"uv": [6, 3.625, 8.25, 4], "texture": "#1"},
				"west": {"uv": [6, 3.625, 8.25, 4], "texture": "#1"},
				"up": {"uv": [0, 0, 16, 16], "texture": "#1"},
				"down": {"uv": [6, 3.625, 8.25, 4], "texture": "#1"}
			}
		},
		{
			"from": [-4.5, 16, 24],
			"to": [19.5, 17, 25],
			"rotation": {"angle": 0, "axis": "y", "origin": [3.5, 8, 16]},
			"faces": {
				"north": {"uv": [10, 0.375, 10.25, 0.625], "texture": "#1"},
				"east": {"uv": [10, 0.375, 10.25, 0.625], "texture": "#1"},
				"south": {"uv": [0, 0, 16, 16], "texture": "#1"},
				"west": {"uv": [10, 0.375, 10.25, 0.625], "texture": "#1"},
				"up": {"uv": [0, 0, 16, 16], "texture": "#1"},
				"down": {"uv": [10, 0.375, 10.25, 0.625], "texture": "#1"}
			}
		},
		{
			"from": [-4.5, 11.5, 8],
			"to": [19.5, 17, 9],
			"rotation": {"angle": 0, "axis": "y", "origin": [3.5, 8, 16]},
			"faces": {
				"north": {"uv": [7, 0.375, 7.125, 1.75], "texture": "#1"},
				"east": {"uv": [7, 0.375, 7.25, 1.75], "texture": "#1"},
				"south": {"uv": [7.125, 0.375, 7.25, 1.75], "texture": "#1"},
				"west": {"uv": [7, 0.375, 7.25, 1.75], "texture": "#1"},
				"up": {"uv": [0, 0, 16, 16], "texture": "#1"},
				"down": {"uv": [0, 0, 16, 16], "texture": "#1"}
			}
		},
		{
			"from": [-4.5, 11.5, 17.5],
			"to": [19.5, 17, 18.5],
			"rotation": {"angle": 0, "axis": "y", "origin": [3.5, 8, 16]},
			"faces": {
				"north": {"uv": [7, 0.375, 7.125, 1.75], "texture": "#1"},
				"east": {"uv": [9.375, 0.375, 9.625, 1.75], "texture": "#1"},
				"south": {"uv": [7.125, 0.375, 7.25, 1.75], "texture": "#1"},
				"west": {"uv": [9.375, 0.375, 9.625, 1.75], "texture": "#1"},
				"up": {"uv": [0, 0, 16, 16], "texture": "#1"},
				"down": {"uv": [0, 0, 16, 16], "texture": "#1"}
			}
		},
		{
			"from": [-4, 11.5, 9],
			"to": [19, 17, 25],
			"rotation": {"angle": 0, "axis": "y", "origin": [3.5, 8, 16]},
			"faces": {
				"north": {"uv": [0, 0, 0, 11], "texture": "#1"},
				"east": {"uv": [12.625, 14.5, 8.625, 15.875], "texture": "#1"},
				"south": {"uv": [0, 0, 0, 11], "texture": "#1"},
				"west": {"uv": [8.625, 14.5, 12.625, 15.875], "texture": "#1"},
				"up": {"uv": [0, 0, 0, 16], "texture": "#1"},
				"down": {"uv": [0, 0, 0, 16], "texture": "#1"}
			}
		},
		{
			"name": "wheel_0",
			"from": [-3.5, 2, 19],
			"to": [-3, 5, 20],
			"rotation": {"angle": 0, "axis": "y", "origin": [3.5, 8, 16]},
			"faces": {
				"north": {"uv": [11, 1, 5, 2], "rotation": 90, "texture": "#2"},
				"east": {"uv": [5, 3, 11, 1], "rotation": 270, "texture": "#2"},
				"south": {"uv": [5, 2, 11, 3], "rotation": 270, "texture": "#2"},
				"west": {"uv": [5, 1, 11, 3], "rotation": 270, "texture": "#2"},
				"up": {"uv": [10, 1, 11, 3], "texture": "#2"},
				"down": {"uv": [5, 1, 6, 3], "rotation": 180, "texture": "#2"}
			}
		},
		{
			"name": "wheel_1",
			"from": [-3.5, 1, 19.5],
			"to": [-3, 2, 21],
			"rotation": {"angle": 0, "axis": "y", "origin": [3.5, 8, 16]},
			"faces": {
				"north": {"uv": [5, 2, 3, 3], "rotation": 90, "texture": "#2"},
				"east": {"uv": [3, 5, 5, 2], "rotation": 270, "texture": "#2"},
				"south": {"uv": [3, 4, 5, 5], "rotation": 270, "texture": "#2"},
				"west": {"uv": [3, 2, 5, 5], "rotation": 270, "texture": "#2"},
				"up": {"uv": [4, 2, 5, 5], "texture": "#2"},
				"down": {"uv": [3, 2, 4, 5], "rotation": 180, "texture": "#2"}
			}
		},
		{
			"name": "wheel_3",
			"from": [-3.5, 0.5, 20],
			"to": [-3, 1, 25],
			"rotation": {"angle": 0, "axis": "y", "origin": [3.5, 8, 16]},
			"faces": {
				"north": {"uv": [3, 3, 2, 4], "rotation": 90, "texture": "#2"},
				"east": {"uv": [2, 13, 3, 3], "rotation": 270, "texture": "#2"},
				"south": {"uv": [2, 12, 3, 13], "rotation": 270, "texture": "#2"},
				"west": {"uv": [2, 3, 3, 13], "rotation": 270, "texture": "#2"},
				"up": {"uv": [2, 3, 3, 13], "texture": "#2"},
				"down": {"uv": [2, 3, 3, 13], "rotation": 180, "texture": "#2"}
			}
		},
		{
			"name": "wheel_4",
			"from": [-3.5, 2, 20],
			"to": [-3, 2.5, 20.5],
			"rotation": {"angle": 0, "axis": "y", "origin": [3.5, 8, 16]},
			"faces": {
				"north": {"uv": [6, 3, 5, 4], "rotation": 90, "texture": "#2"},
				"east": {"uv": [5, 4, 6, 3], "rotation": 270, "texture": "#2"},
				"south": {"uv": [5, 3, 6, 4], "rotation": 270, "texture": "#2"},
				"west": {"uv": [5, 3, 6, 4], "rotation": 270, "texture": "#2"},
				"up": {"uv": [5, 3, 6, 4], "texture": "#2"},
				"down": {"uv": [5, 3, 6, 4], "rotation": 180, "texture": "#2"}
			}
		},
		{
			"name": "wheel_5",
			"from": [-3.5, 3.5, 20],
			"to": [-3, 4, 22],
			"rotation": {"angle": 0, "axis": "y", "origin": [3.5, 8, 16]},
			"faces": {
				"north": {"uv": [9, 3, 8, 4], "rotation": 90, "texture": "#2"},
				"east": {"uv": [8, 7, 9, 3], "rotation": 270, "texture": "#2"},
				"south": {"uv": [8, 6, 9, 7], "rotation": 270, "texture": "#2"},
				"west": {"uv": [8, 3, 9, 7], "rotation": 270, "texture": "#2"},
				"up": {"uv": [8, 3, 9, 7], "texture": "#2"},
				"down": {"uv": [8, 3, 9, 7], "rotation": 180, "texture": "#2"}
			}
		},
		{
			"name": "wheel_8",
			"from": [-3.5, 0, 21],
			"to": [-3, 0.5, 24],
			"rotation": {"angle": 0, "axis": "y", "origin": [3.5, 8, 16]},
			"faces": {
				"north": {"uv": [2, 5, 1, 6], "rotation": 90, "texture": "#2"},
				"east": {"uv": [1, 11, 2, 5], "rotation": 270, "texture": "#2"},
				"south": {"uv": [1, 10, 2, 11], "rotation": 270, "texture": "#2"},
				"west": {"uv": [1, 5, 2, 11], "rotation": 270, "texture": "#2"},
				"up": {"uv": [1, 5, 2, 11], "texture": "#2"},
				"down": {"uv": [1, 5, 2, 11], "rotation": 180, "texture": "#2"}
			}
		},
		{
			"name": "wheel_9",
			"from": [-3.5, 1, 21],
			"to": [-3, 1.5, 21.5],
			"rotation": {"angle": 0, "axis": "y", "origin": [3.5, 8, 16]},
			"faces": {
				"north": {"uv": [4, 5, 3, 6], "rotation": 90, "texture": "#2"},
				"east": {"uv": [3, 6, 4, 5], "rotation": 270, "texture": "#2"},
				"south": {"uv": [3, 5, 4, 6], "rotation": 270, "texture": "#2"},
				"west": {"uv": [3, 5, 4, 6], "rotation": 270, "texture": "#2"},
				"up": {"uv": [3, 5, 4, 6], "texture": "#2"},
				"down": {"uv": [3, 5, 4, 6], "rotation": 180, "texture": "#2"}
			}
		},
		{
			"name": "wheel_12",
			"from": [-3.5, 2.5, 21.5],
			"to": [-3, 3.5, 22],
			"rotation": {"angle": 0, "axis": "y", "origin": [3.5, 8, 16]},
			"faces": {
				"north": {"uv": [8, 6, 6, 7], "rotation": 90, "texture": "#2"},
				"east": {"uv": [6, 7, 8, 6], "rotation": 270, "texture": "#2"},
				"south": {"uv": [6, 6, 8, 7], "rotation": 270, "texture": "#2"},
				"west": {"uv": [6, 6, 8, 7], "rotation": 270, "texture": "#2"},
				"up": {"uv": [7, 6, 8, 7], "texture": "#2"},
				"down": {"uv": [6, 6, 7, 7], "rotation": 180, "texture": "#2"}
			}
		},
		{
			"name": "wheel_13",
			"from": [-3.5, 4, 21.5],
			"to": [-3, 4.5, 23.5],
			"rotation": {"angle": 0, "axis": "y", "origin": [3.5, 8, 16]},
			"faces": {
				"north": {"uv": [10, 6, 9, 7], "rotation": 90, "texture": "#2"},
				"east": {"uv": [9, 10, 10, 6], "rotation": 270, "texture": "#2"},
				"south": {"uv": [9, 9, 10, 10], "rotation": 270, "texture": "#2"},
				"west": {"uv": [9, 6, 10, 10], "rotation": 270, "texture": "#2"},
				"up": {"uv": [9, 6, 10, 10], "texture": "#2"},
				"down": {"uv": [9, 6, 10, 10], "rotation": 180, "texture": "#2"}
			}
		},
		{
			"name": "wheel_14",
			"from": [-3.5, 1, 22],
			"to": [-3, 3, 22.5],
			"rotation": {"angle": 0, "axis": "y", "origin": [3.5, 8, 16]},
			"faces": {
				"north": {"uv": [7, 7, 3, 8], "rotation": 90, "texture": "#2"},
				"east": {"uv": [3, 8, 7, 7], "rotation": 270, "texture": "#2"},
				"south": {"uv": [3, 7, 7, 8], "rotation": 270, "texture": "#2"},
				"west": {"uv": [3, 7, 7, 8], "rotation": 270, "texture": "#2"},
				"up": {"uv": [6, 7, 7, 8], "texture": "#2"},
				"down": {"uv": [3, 7, 4, 8], "rotation": 180, "texture": "#2"}
			}
		},
		{
			"name": "wheel_15",
			"from": [-3.5, 2.5, 22.5],
			"to": [-3, 3, 23.5],
			"rotation": {"angle": 0, "axis": "y", "origin": [3.5, 8, 16]},
			"faces": {
				"north": {"uv": [7, 8, 6, 9], "rotation": 90, "texture": "#2"},
				"east": {"uv": [6, 10, 7, 8], "rotation": 270, "texture": "#2"},
				"south": {"uv": [6, 9, 7, 10], "rotation": 270, "texture": "#2"},
				"west": {"uv": [6, 8, 7, 10], "rotation": 270, "texture": "#2"},
				"up": {"uv": [6, 8, 7, 10], "texture": "#2"},
				"down": {"uv": [6, 8, 7, 10], "rotation": 180, "texture": "#2"}
			}
		},
		{
			"name": "wheel_17",
			"from": [-3.5, 3, 23],
			"to": [-3, 4, 23.5],
			"rotation": {"angle": 0, "axis": "y", "origin": [3.5, 8, 16]},
			"faces": {
				"north": {"uv": [9, 9, 7, 10], "rotation": 90, "texture": "#2"},
				"east": {"uv": [7, 10, 9, 9], "rotation": 270, "texture": "#2"},
				"south": {"uv": [7, 9, 9, 10], "rotation": 270, "texture": "#2"},
				"west": {"uv": [7, 9, 9, 10], "rotation": 270, "texture": "#2"},
				"up": {"uv": [8, 9, 9, 10], "texture": "#2"},
				"down": {"uv": [7, 9, 8, 10], "rotation": 180, "texture": "#2"}
			}
		},
		{
			"name": "wheel_18",
			"from": [-3.5, 1, 23.5],
			"to": [-3, 1.5, 25.5],
			"rotation": {"angle": 0, "axis": "y", "origin": [3.5, 8, 16]},
			"faces": {
				"north": {"uv": [4, 10, 3, 11], "rotation": 90, "texture": "#2"},
				"east": {"uv": [3, 14, 4, 10], "rotation": 270, "texture": "#2"},
				"south": {"uv": [3, 13, 4, 14], "rotation": 270, "texture": "#2"},
				"west": {"uv": [3, 10, 4, 14], "rotation": 270, "texture": "#2"},
				"up": {"uv": [3, 10, 4, 14], "texture": "#2"},
				"down": {"uv": [3, 10, 4, 14], "rotation": 180, "texture": "#2"}
			}
		},
		{
			"name": "wheel_19",
			"from": [-3.5, 3, 23.5],
			"to": [-3, 3.5, 26],
			"rotation": {"angle": 0, "axis": "y", "origin": [3.5, 8, 16]},
			"faces": {
				"north": {"uv": [8, 10, 7, 11], "rotation": 90, "texture": "#2"},
				"east": {"uv": [7, 15, 8, 10], "rotation": 270, "texture": "#2"},
				"south": {"uv": [7, 14, 8, 15], "rotation": 270, "texture": "#2"},
				"west": {"uv": [7, 10, 8, 15], "rotation": 270, "texture": "#2"},
				"up": {"uv": [7, 10, 8, 15], "texture": "#2"},
				"down": {"uv": [7, 10, 8, 15], "rotation": 180, "texture": "#2"}
			}
		},
		{
			"name": "wheel_21",
			"from": [-3.5, 1.5, 24],
			"to": [-3, 2, 25.5],
			"rotation": {"angle": 0, "axis": "y", "origin": [3.5, 8, 16]},
			"faces": {
				"north": {"uv": [5, 11, 4, 12], "rotation": 90, "texture": "#2"},
				"east": {"uv": [4, 14, 5, 11], "rotation": 270, "texture": "#2"},
				"south": {"uv": [4, 13, 5, 14], "rotation": 270, "texture": "#2"},
				"west": {"uv": [4, 11, 5, 14], "rotation": 270, "texture": "#2"},
				"up": {"uv": [4, 11, 5, 14], "texture": "#2"},
				"down": {"uv": [4, 11, 5, 14], "rotation": 180, "texture": "#2"}
			}
		},
		{
			"name": "wheel_23",
			"from": [-3.5, 2, 24.5],
			"to": [-3, 2.5, 26],
			"rotation": {"angle": 0, "axis": "y", "origin": [3.5, 8, 16]},
			"faces": {
				"north": {"uv": [6, 12, 5, 13], "rotation": 90, "texture": "#2"},
				"east": {"uv": [5, 15, 6, 12], "rotation": 270, "texture": "#2"},
				"south": {"uv": [5, 14, 6, 15], "rotation": 270, "texture": "#2"},
				"west": {"uv": [5, 12, 6, 15], "rotation": 270, "texture": "#2"},
				"up": {"uv": [5, 12, 6, 15], "texture": "#2"},
				"down": {"uv": [5, 12, 6, 15], "rotation": 180, "texture": "#2"}
			}
		},
		{
			"name": "wheel_25",
			"from": [-3.5, 2.5, 25],
			"to": [-3, 3, 26],
			"rotation": {"angle": 0, "axis": "y", "origin": [3.5, 8, 16]},
			"faces": {
				"north": {"uv": [7, 13, 6, 14], "rotation": 90, "texture": "#2"},
				"east": {"uv": [6, 15, 7, 13], "rotation": 270, "texture": "#2"},
				"south": {"uv": [6, 14, 7, 15], "rotation": 270, "texture": "#2"},
				"west": {"uv": [6, 13, 7, 15], "rotation": 270, "texture": "#2"},
				"up": {"uv": [6, 13, 7, 15], "texture": "#2"},
				"down": {"uv": [6, 13, 7, 15], "rotation": 180, "texture": "#2"}
			}
		},
		{
			"name": "wheel_26",
			"from": [-3.5, 3.5, 25],
			"to": [-3, 4.5, 26],
			"rotation": {"angle": 0, "axis": "y", "origin": [3.5, 8, 16]},
			"faces": {
				"north": {"uv": [10, 13, 8, 14], "rotation": 90, "texture": "#2"},
				"east": {"uv": [8, 15, 10, 13], "rotation": 270, "texture": "#2"},
				"south": {"uv": [8, 14, 10, 15], "rotation": 270, "texture": "#2"},
				"west": {"uv": [8, 13, 10, 15], "rotation": 270, "texture": "#2"},
				"up": {"uv": [9, 13, 10, 15], "texture": "#2"},
				"down": {"uv": [8, 13, 9, 15], "rotation": 180, "texture": "#2"}
			}
		},
		{
			"name": "wheel_0",
			"from": [-3, 2, 19],
			"to": [-1.5, 5, 26],
			"rotation": {"angle": 0, "axis": "y", "origin": [3.5, 8, 16]},
			"faces": {
				"north": {"uv": [11, 1, 5, 2], "rotation": 90, "texture": "#2"},
				"east": {"uv": [5, 15, 11, 1], "rotation": 270, "texture": "#2"},
				"south": {"uv": [5, 14, 11, 15], "rotation": 270, "texture": "#2"},
				"west": {"uv": [5, 1, 11, 15], "rotation": 270, "texture": "#2"},
				"up": {"uv": [10, 1, 11, 15], "texture": "#2"},
				"down": {"uv": [5, 1, 6, 15], "rotation": 180, "texture": "#2"}
			}
		},
		{
			"name": "wheel_1",
			"from": [-3, 1, 19.5],
			"to": [-1.5, 2, 25.5],
			"rotation": {"angle": 0, "axis": "y", "origin": [3.5, 8, 16]},
			"faces": {
				"north": {"uv": [5, 2, 3, 3], "rotation": 90, "texture": "#2"},
				"east": {"uv": [3, 14, 5, 2], "rotation": 270, "texture": "#2"},
				"south": {"uv": [3, 13, 5, 14], "rotation": 270, "texture": "#2"},
				"west": {"uv": [3, 2, 5, 14], "rotation": 270, "texture": "#2"},
				"up": {"uv": [4, 2, 5, 14], "texture": "#2"},
				"down": {"uv": [3, 2, 4, 14], "rotation": 180, "texture": "#2"}
			}
		},
		{
			"name": "wheel_3",
			"from": [-3, 0.5, 20],
			"to": [-1.5, 1, 25],
			"rotation": {"angle": 0, "axis": "y", "origin": [3.5, 8, 16]},
			"faces": {
				"north": {"uv": [3, 3, 2, 4], "rotation": 90, "texture": "#2"},
				"east": {"uv": [2, 13, 3, 3], "rotation": 270, "texture": "#2"},
				"south": {"uv": [2, 12, 3, 13], "rotation": 270, "texture": "#2"},
				"west": {"uv": [2, 3, 3, 13], "rotation": 270, "texture": "#2"},
				"up": {"uv": [2, 3, 3, 13], "texture": "#2"},
				"down": {"uv": [2, 3, 3, 13], "rotation": 180, "texture": "#2"}
			}
		},
		{
			"name": "wheel_5",
			"from": [-3, 0, 21],
			"to": [-1.5, 0.5, 24],
			"rotation": {"angle": 0, "axis": "y", "origin": [3.5, 8, 16]},
			"faces": {
				"north": {"uv": [2, 5, 1, 6], "rotation": 90, "texture": "#2"},
				"east": {"uv": [1, 11, 2, 5], "rotation": 270, "texture": "#2"},
				"south": {"uv": [1, 10, 2, 11], "rotation": 270, "texture": "#2"},
				"west": {"uv": [1, 5, 2, 11], "rotation": 270, "texture": "#2"},
				"up": {"uv": [1, 5, 2, 11], "texture": "#2"},
				"down": {"uv": [1, 5, 2, 11], "rotation": 180, "texture": "#2"}
			}
		},
		{
			"name": "wheel_0",
			"from": [18, 2, 25],
			"to": [18.5, 5, 26],
			"rotation": {"angle": 0, "axis": "y", "origin": [3.5, 8, 16]},
			"faces": {
				"north": {"uv": [5, 2, 11, 3], "rotation": 270, "texture": "#2"},
				"east": {"uv": [5, 1, 11, 3], "rotation": 270, "texture": "#2"},
				"south": {"uv": [11, 1, 5, 2], "rotation": 90, "texture": "#2"},
				"west": {"uv": [5, 3, 11, 1], "rotation": 270, "texture": "#2"},
				"up": {"uv": [10, 1, 11, 3], "rotation": 180, "texture": "#2"},
				"down": {"uv": [5, 1, 6, 3], "texture": "#2"}
			}
		},
		{
			"name": "wheel_1",
			"from": [18, 1, 24],
			"to": [18.5, 2, 25.5],
			"rotation": {"angle": 0, "axis": "y", "origin": [3.5, 8, 16]},
			"faces": {
				"north": {"uv": [3, 4, 5, 5], "rotation": 270, "texture": "#2"},
				"east": {"uv": [3, 2, 5, 5], "rotation": 270, "texture": "#2"},
				"south": {"uv": [5, 2, 3, 3], "rotation": 90, "texture": "#2"},
				"west": {"uv": [3, 5, 5, 2], "rotation": 270, "texture": "#2"},
				"up": {"uv": [4, 2, 5, 5], "rotation": 180, "texture": "#2"},
				"down": {"uv": [3, 2, 4, 5], "texture": "#2"}
			}
		},
		{
			"name": "wheel_3",
			"from": [18, 0.5, 20],
			"to": [18.5, 1, 25],
			"rotation": {"angle": 0, "axis": "y", "origin": [3.5, 8, 16]},
			"faces": {
				"north": {"uv": [2, 12, 3, 13], "rotation": 270, "texture": "#2"},
				"east": {"uv": [2, 3, 3, 13], "rotation": 270, "texture": "#2"},
				"south": {"uv": [3, 3, 2, 4], "rotation": 90, "texture": "#2"},
				"west": {"uv": [2, 13, 3, 3], "rotation": 270, "texture": "#2"},
				"up": {"uv": [2, 3, 3, 13], "rotation": 180, "texture": "#2"},
				"down": {"uv": [2, 3, 3, 13], "texture": "#2"}
			}
		},
		{
			"name": "wheel_4",
			"from": [18, 2, 24.5],
			"to": [18.5, 2.5, 25],
			"rotation": {"angle": 0, "axis": "y", "origin": [3.5, 8, 16]},
			"faces": {
				"north": {"uv": [5, 3, 6, 4], "rotation": 270, "texture": "#2"},
				"east": {"uv": [5, 3, 6, 4], "rotation": 270, "texture": "#2"},
				"south": {"uv": [6, 3, 5, 4], "rotation": 90, "texture": "#2"},
				"west": {"uv": [5, 4, 6, 3], "rotation": 270, "texture": "#2"},
				"up": {"uv": [5, 3, 6, 4], "rotation": 180, "texture": "#2"},
				"down": {"uv": [5, 3, 6, 4], "texture": "#2"}
			}
		},
		{
			"name": "wheel_5",
			"from": [18, 3.5, 23],
			"to": [18.5, 4, 25],
			"rotation": {"angle": 0, "axis": "y", "origin": [3.5, 8, 16]},
			"faces": {
				"north": {"uv": [8, 6, 9, 7], "rotation": 270, "texture": "#2"},
				"east": {"uv": [8, 3, 9, 7], "rotation": 270, "texture": "#2"},
				"south": {"uv": [9, 3, 8, 4], "rotation": 90, "texture": "#2"},
				"west": {"uv": [8, 7, 9, 3], "rotation": 270, "texture": "#2"},
				"up": {"uv": [8, 3, 9, 7], "rotation": 180, "texture": "#2"},
				"down": {"uv": [8, 3, 9, 7], "texture": "#2"}
			}
		},
		{
			"name": "wheel_8",
			"from": [18, 0, 21],
			"to": [18.5, 0.5, 24],
			"rotation": {"angle": 0, "axis": "y", "origin": [3.5, 8, 16]},
			"faces": {
				"north": {"uv": [1, 10, 2, 11], "rotation": 270, "texture": "#2"},
				"east": {"uv": [1, 5, 2, 11], "rotation": 270, "texture": "#2"},
				"south": {"uv": [2, 5, 1, 6], "rotation": 90, "texture": "#2"},
				"west": {"uv": [1, 11, 2, 5], "rotation": 270, "texture": "#2"},
				"up": {"uv": [1, 5, 2, 11], "rotation": 180, "texture": "#2"},
				"down": {"uv": [1, 5, 2, 11], "texture": "#2"}
			}
		},
		{
			"name": "wheel_9",
			"from": [18, 1, 23.5],
			"to": [18.5, 1.5, 24],
			"rotation": {"angle": 0, "axis": "y", "origin": [3.5, 8, 16]},
			"faces": {
				"north": {"uv": [3, 5, 4, 6], "rotation": 270, "texture": "#2"},
				"east": {"uv": [3, 5, 4, 6], "rotation": 270, "texture": "#2"},
				"south": {"uv": [4, 5, 3, 6], "rotation": 90, "texture": "#2"},
				"west": {"uv": [3, 6, 4, 5], "rotation": 270, "texture": "#2"},
				"up": {"uv": [3, 5, 4, 6], "rotation": 180, "texture": "#2"},
				"down": {"uv": [3, 5, 4, 6], "texture": "#2"}
			}
		},
		{
			"name": "wheel_12",
			"from": [18, 2.5, 23],
			"to": [18.5, 3.5, 23.5],
			"rotation": {"angle": 0, "axis": "y", "origin": [3.5, 8, 16]},
			"faces": {
				"north": {"uv": [6, 6, 8, 7], "rotation": 270, "texture": "#2"},
				"east": {"uv": [6, 6, 8, 7], "rotation": 270, "texture": "#2"},
				"south": {"uv": [8, 6, 6, 7], "rotation": 90, "texture": "#2"},
				"west": {"uv": [6, 7, 8, 6], "rotation": 270, "texture": "#2"},
				"up": {"uv": [7, 6, 8, 7], "rotation": 180, "texture": "#2"},
				"down": {"uv": [6, 6, 7, 7], "texture": "#2"}
			}
		},
		{
			"name": "wheel_13",
			"from": [18, 4, 21.5],
			"to": [18.5, 4.5, 23.5],
			"rotation": {"angle": 0, "axis": "y", "origin": [3.5, 8, 16]},
			"faces": {
				"north": {"uv": [9, 9, 10, 10], "rotation": 270, "texture": "#2"},
				"east": {"uv": [9, 6, 10, 10], "rotation": 270, "texture": "#2"},
				"south": {"uv": [10, 6, 9, 7], "rotation": 90, "texture": "#2"},
				"west": {"uv": [9, 10, 10, 6], "rotation": 270, "texture": "#2"},
				"up": {"uv": [9, 6, 10, 10], "rotation": 180, "texture": "#2"},
				"down": {"uv": [9, 6, 10, 10], "texture": "#2"}
			}
		},
		{
			"name": "wheel_14",
			"from": [18, 1, 22.5],
			"to": [18.5, 3, 23],
			"rotation": {"angle": 0, "axis": "y", "origin": [3.5, 8, 16]},
			"faces": {
				"north": {"uv": [3, 7, 7, 8], "rotation": 270, "texture": "#2"},
				"east": {"uv": [3, 7, 7, 8], "rotation": 270, "texture": "#2"},
				"south": {"uv": [7, 7, 3, 8], "rotation": 90, "texture": "#2"},
				"west": {"uv": [3, 8, 7, 7], "rotation": 270, "texture": "#2"},
				"up": {"uv": [6, 7, 7, 8], "rotation": 180, "texture": "#2"},
				"down": {"uv": [3, 7, 4, 8], "texture": "#2"}
			}
		},
		{
			"name": "wheel_15",
			"from": [18, 2.5, 21.5],
			"to": [18.5, 3, 22.5],
			"rotation": {"angle": 0, "axis": "y", "origin": [3.5, 8, 16]},
			"faces": {
				"north": {"uv": [6, 9, 7, 10], "rotation": 270, "texture": "#2"},
				"east": {"uv": [6, 8, 7, 10], "rotation": 270, "texture": "#2"},
				"south": {"uv": [7, 8, 6, 9], "rotation": 90, "texture": "#2"},
				"west": {"uv": [6, 10, 7, 8], "rotation": 270, "texture": "#2"},
				"up": {"uv": [6, 8, 7, 10], "rotation": 180, "texture": "#2"},
				"down": {"uv": [6, 8, 7, 10], "texture": "#2"}
			}
		},
		{
			"name": "wheel_17",
			"from": [18, 3, 21.5],
			"to": [18.5, 4, 22],
			"rotation": {"angle": 0, "axis": "y", "origin": [3.5, 8, 16]},
			"faces": {
				"north": {"uv": [7, 9, 9, 10], "rotation": 270, "texture": "#2"},
				"east": {"uv": [7, 9, 9, 10], "rotation": 270, "texture": "#2"},
				"south": {"uv": [9, 9, 7, 10], "rotation": 90, "texture": "#2"},
				"west": {"uv": [7, 10, 9, 9], "rotation": 270, "texture": "#2"},
				"up": {"uv": [8, 9, 9, 10], "rotation": 180, "texture": "#2"},
				"down": {"uv": [7, 9, 8, 10], "texture": "#2"}
			}
		},
		{
			"name": "wheel_18",
			"from": [18, 1, 19.5],
			"to": [18.5, 1.5, 21.5],
			"rotation": {"angle": 0, "axis": "y", "origin": [3.5, 8, 16]},
			"faces": {
				"north": {"uv": [3, 13, 4, 14], "rotation": 270, "texture": "#2"},
				"east": {"uv": [3, 10, 4, 14], "rotation": 270, "texture": "#2"},
				"south": {"uv": [4, 10, 3, 11], "rotation": 90, "texture": "#2"},
				"west": {"uv": [3, 14, 4, 10], "rotation": 270, "texture": "#2"},
				"up": {"uv": [3, 10, 4, 14], "rotation": 180, "texture": "#2"},
				"down": {"uv": [3, 10, 4, 14], "texture": "#2"}
			}
		},
		{
			"name": "wheel_19",
			"from": [18, 3, 19],
			"to": [18.5, 3.5, 21.5],
			"rotation": {"angle": 0, "axis": "y", "origin": [3.5, 8, 16]},
			"faces": {
				"north": {"uv": [7, 14, 8, 15], "rotation": 270, "texture": "#2"},
				"east": {"uv": [7, 10, 8, 15], "rotation": 270, "texture": "#2"},
				"south": {"uv": [8, 10, 7, 11], "rotation": 90, "texture": "#2"},
				"west": {"uv": [7, 15, 8, 10], "rotation": 270, "texture": "#2"},
				"up": {"uv": [7, 10, 8, 15], "rotation": 180, "texture": "#2"},
				"down": {"uv": [7, 10, 8, 15], "texture": "#2"}
			}
		},
		{
			"name": "wheel_21",
			"from": [18, 1.5, 19.5],
			"to": [18.5, 2, 21],
			"rotation": {"angle": 0, "axis": "y", "origin": [3.5, 8, 16]},
			"faces": {
				"north": {"uv": [4, 13, 5, 14], "rotation": 270, "texture": "#2"},
				"east": {"uv": [4, 11, 5, 14], "rotation": 270, "texture": "#2"},
				"south": {"uv": [5, 11, 4, 12], "rotation": 90, "texture": "#2"},
				"west": {"uv": [4, 14, 5, 11], "rotation": 270, "texture": "#2"},
				"up": {"uv": [4, 11, 5, 14], "rotation": 180, "texture": "#2"},
				"down": {"uv": [4, 11, 5, 14], "texture": "#2"}
			}
		},
		{
			"name": "wheel_23",
			"from": [18, 2, 19],
			"to": [18.5, 2.5, 20.5],
			"rotation": {"angle": 0, "axis": "y", "origin": [3.5, 8, 16]},
			"faces": {
				"north": {"uv": [5, 14, 6, 15], "rotation": 270, "texture": "#2"},
				"east": {"uv": [5, 12, 6, 15], "rotation": 270, "texture": "#2"},
				"south": {"uv": [6, 12, 5, 13], "rotation": 90, "texture": "#2"},
				"west": {"uv": [5, 15, 6, 12], "rotation": 270, "texture": "#2"},
				"up": {"uv": [5, 12, 6, 15], "rotation": 180, "texture": "#2"},
				"down": {"uv": [5, 12, 6, 15], "texture": "#2"}
			}
		},
		{
			"name": "wheel_25",
			"from": [18, 2.5, 19],
			"to": [18.5, 3, 20],
			"rotation": {"angle": 0, "axis": "y", "origin": [3.5, 8, 16]},
			"faces": {
				"north": {"uv": [6, 14, 7, 15], "rotation": 270, "texture": "#2"},
				"east": {"uv": [6, 13, 7, 15], "rotation": 270, "texture": "#2"},
				"south": {"uv": [7, 13, 6, 14], "rotation": 90, "texture": "#2"},
				"west": {"uv": [6, 15, 7, 13], "rotation": 270, "texture": "#2"},
				"up": {"uv": [6, 13, 7, 15], "rotation": 180, "texture": "#2"},
				"down": {"uv": [6, 13, 7, 15], "texture": "#2"}
			}
		},
		{
			"name": "wheel_26",
			"from": [18, 3.5, 19],
			"to": [18.5, 4.5, 20],
			"rotation": {"angle": 0, "axis": "y", "origin": [3.5, 8, 16]},
			"faces": {
				"north": {"uv": [8, 14, 10, 15], "rotation": 270, "texture": "#2"},
				"east": {"uv": [8, 13, 10, 15], "rotation": 270, "texture": "#2"},
				"south": {"uv": [10, 13, 8, 14], "rotation": 90, "texture": "#2"},
				"west": {"uv": [8, 15, 10, 13], "rotation": 270, "texture": "#2"},
				"up": {"uv": [9, 13, 10, 15], "rotation": 180, "texture": "#2"},
				"down": {"uv": [8, 13, 9, 15], "texture": "#2"}
			}
		},
		{
			"name": "wheel_0",
			"from": [16.5, 2, 19],
			"to": [18, 5, 26],
			"rotation": {"angle": 0, "axis": "y", "origin": [3.5, 8, 16]},
			"faces": {
				"north": {"uv": [5, 14, 11, 15], "rotation": 270, "texture": "#2"},
				"east": {"uv": [5, 1, 11, 15], "rotation": 270, "texture": "#2"},
				"south": {"uv": [11, 1, 5, 2], "rotation": 90, "texture": "#2"},
				"west": {"uv": [5, 15, 11, 1], "rotation": 270, "texture": "#2"},
				"up": {"uv": [10, 1, 11, 15], "rotation": 180, "texture": "#2"},
				"down": {"uv": [5, 1, 6, 15], "texture": "#2"}
			}
		},
		{
			"name": "wheel_1",
			"from": [16.5, 1, 19.5],
			"to": [18, 2, 25.5],
			"rotation": {"angle": 0, "axis": "y", "origin": [3.5, 8, 16]},
			"faces": {
				"north": {"uv": [3, 13, 5, 14], "rotation": 270, "texture": "#2"},
				"east": {"uv": [3, 2, 5, 14], "rotation": 270, "texture": "#2"},
				"south": {"uv": [5, 2, 3, 3], "rotation": 90, "texture": "#2"},
				"west": {"uv": [3, 14, 5, 2], "rotation": 270, "texture": "#2"},
				"up": {"uv": [4, 2, 5, 14], "rotation": 180, "texture": "#2"},
				"down": {"uv": [3, 2, 4, 14], "texture": "#2"}
			}
		},
		{
			"name": "wheel_3",
			"from": [16.5, 0.5, 20],
			"to": [18, 1, 25],
			"rotation": {"angle": 0, "axis": "y", "origin": [3.5, 8, 16]},
			"faces": {
				"north": {"uv": [2, 12, 3, 13], "rotation": 270, "texture": "#2"},
				"east": {"uv": [2, 3, 3, 13], "rotation": 270, "texture": "#2"},
				"south": {"uv": [3, 3, 2, 4], "rotation": 90, "texture": "#2"},
				"west": {"uv": [2, 13, 3, 3], "rotation": 270, "texture": "#2"},
				"up": {"uv": [2, 3, 3, 13], "rotation": 180, "texture": "#2"},
				"down": {"uv": [2, 3, 3, 13], "texture": "#2"}
			}
		},
		{
			"name": "wheel_5",
			"from": [16.5, 0, 21],
			"to": [18, 0.5, 24],
			"rotation": {"angle": 0, "axis": "y", "origin": [3.5, 8, 16]},
			"faces": {
				"north": {"uv": [1, 10, 2, 11], "rotation": 270, "texture": "#2"},
				"east": {"uv": [1, 5, 2, 11], "rotation": 270, "texture": "#2"},
				"south": {"uv": [2, 5, 1, 6], "rotation": 90, "texture": "#2"},
				"west": {"uv": [1, 11, 2, 5], "rotation": 270, "texture": "#2"},
				"up": {"uv": [1, 5, 2, 11], "rotation": 180, "texture": "#2"},
				"down": {"uv": [1, 5, 2, 11], "texture": "#2"}
			}
		}
	],
	"display": {
		"thirdperson_righthand": {
			"rotation": [75, 45, 0],
			"translation": [0, 2.5, 0],
			"scale": [0.2, 0.2, 0.2]
		},
		"thirdperson_lefthand": {
			"rotation": [75, 45, 0],
			"translation": [0, 2.5, 0],
			"scale": [0.2, 0.2, 0.2]
		},
		"firstperson_righthand": {
			"rotation": [0, 45, 0],
			"scale": [0.2, 0.2, 0.2]
		},
		"firstperson_lefthand": {
			"rotation": [0, 45, 0],
			"scale": [0.2, 0.2, 0.2]
		},
		"ground": {
			"translation": [0, 3, 0],
			"scale": [0.25, 0.25, 0.25]
		},
		"gui": {
			"rotation": [30, -135, 0],
			"scale": [0.4, 0.4, 0.4]
		},
		"fixed": {
			"rotation": [-90, 0, 0],
			"translation": [0, 0, -23.75],
			"scale": [3, 3, 3]
		}
	},
	"groups": [
		{
			"name": "Part1",
			"origin": [23, 0, 8],
			"color": 0,
			"children": [
				0,
				1,
				2,
				3,
				4,
				5,
				6,
				7,
				8,
				9,
				10,
				11,
				12,
				13,
				{
					"name": "Wheel",
					"origin": [8, 8, 8],
					"color": 0,
					"children": [
						14,
						15,
						16,
						17,
						18,
						19,
						20,
						21,
						22,
						23,
						24,
						25,
						26,
						27,
						28,
						29,
						30,
						31,
						{
							"name": "wheel",
							"origin": [8, 8, 8],
							"color": 0,
							"children": [32, 33, 34, 35]
						},
						{
							"name": "Wheel",
							"origin": [8, 8, 8],
							"color": 0,
							"children": [
								36,
								37,
								38,
								39,
								40,
								41,
								42,
								43,
								44,
								45,
								46,
								47,
								48,
								49,
								50,
								51,
								52,
								53,
								{
									"name": "wheel",
									"origin": [8, 8, 8],
									"color": 0,
									"children": [54, 55, 56, 57]
								}
							]
						},
						58
					]
				}
			]
		},
		{
			"name": "Part2",
			"origin": [23, 0, 24],
			"color": 0,
			"children": [
				59,
				60,
				61,
				62,
				63,
				64,
				65,
				66,
				67,
				68,
				69,
				{
					"name": "Wheel",
					"origin": [8, 8, 8],
					"color": 0,
					"children": [
						70,
						71,
						72,
						73,
						74,
						75,
						76,
						77,
						78,
						79,
						80,
						81,
						82,
						83,
						84,
						85,
						86,
						87,
						{
							"name": "wheel",
							"origin": [8, 8, 8],
							"color": 0,
							"children": [88, 89, 90, 91]
						},
						{
							"name": "Wheel",
							"origin": [8, 8, 8],
							"color": 0,
							"children": [
								92,
								93,
								94,
								95,
								96,
								97,
								98,
								99,
								100,
								101,
								102,
								103,
								104,
								105,
								106,
								107,
								108,
								109,
								{
									"name": "wheel",
									"origin": [8, 8, 8],
									"color": 0,
									"children": [110, 111, 112, 113]
								}
							]
						}
					]
				}
			]
		}
	]
}