{
	"format_version": "1.21.6",
	"credit": "Yuushya",
	"ambientocclusion": false,
	"textures": {
		"0": "item/deco/porcelain_vase",
		"particle": "item/deco/porcelain_vase"
	},
	"elements": [
		{
			"from": [5, 0, 5],
			"to": [11, 2, 11],
			"faces": {
				"north": {"uv": [1, 13, 7, 15], "texture": "#0"},
				"east": {"uv": [1, 13, 7, 15], "texture": "#0"},
				"south": {"uv": [1, 13, 7, 15], "texture": "#0"},
				"west": {"uv": [1, 13, 7, 15], "texture": "#0"},
				"up": {"uv": [9, 1, 15, 7], "texture": "#0"},
				"down": {"uv": [9, 1, 15, 7], "texture": "#0"}
			}
		},
		{
			"from": [5, 9, 5],
			"to": [11, 10, 11],
			"faces": {
				"north": {"uv": [1, 15, 7, 16], "texture": "#0"},
				"east": {"uv": [2, 10, 8, 11], "texture": "#0"},
				"south": {"uv": [1, 15, 7, 16], "texture": "#0"},
				"west": {"uv": [1, 15, 7, 16], "texture": "#0"},
				"up": {"uv": [9, 1, 15, 7], "texture": "#0"},
				"down": {"uv": [9, 1, 15, 7], "texture": "#0"}
			}
		},
		{
			"from": [4, 2, 4],
			"to": [12, 9, 12],
			"faces": {
				"north": {"uv": [0, 4, 8, 11], "texture": "#0"},
				"east": {"uv": [0, 4, 8, 11], "texture": "#0"},
				"south": {"uv": [0, 4, 8, 11], "texture": "#0"},
				"west": {"uv": [0, 4, 8, 11], "texture": "#0"},
				"up": {"uv": [8, 0, 16, 8], "texture": "#0"},
				"down": {"uv": [8, 0, 16, 8], "texture": "#0"}
			}
		},
		{
			"from": [6, 10, 6],
			"to": [10, 13, 7],
			"faces": {
				"north": {"uv": [2, 10, 6, 13], "texture": "#0"},
				"east": {"uv": [2, 10, 3, 13], "texture": "#0"},
				"south": {"uv": [4, 9, 8, 12], "texture": "#0"},
				"west": {"uv": [2, 10, 3, 13], "texture": "#0"},
				"up": {"uv": [2, 6, 6, 7], "texture": "#0"},
				"down": {"uv": [2, 6, 6, 7], "texture": "#0"}
			}
		},
		{
			"from": [6, 10, 9],
			"to": [10, 13, 10],
			"faces": {
				"north": {"uv": [4, 9, 8, 12], "texture": "#0"},
				"east": {"uv": [2, 10, 3, 13], "texture": "#0"},
				"south": {"uv": [2, 10, 6, 13], "texture": "#0"},
				"west": {"uv": [2, 10, 3, 13], "texture": "#0"},
				"up": {"uv": [2, 6, 6, 7], "texture": "#0"},
				"down": {"uv": [2, 6, 6, 7], "texture": "#0"}
			}
		},
		{
			"from": [6, 10, 7],
			"to": [7, 13, 9],
			"faces": {
				"north": {"uv": [0, 0, 1, 3], "texture": "#missing"},
				"east": {"uv": [2, 10, 4, 13], "texture": "#0"},
				"south": {"uv": [0, 0, 1, 3], "texture": "#missing"},
				"west": {"uv": [2, 10, 4, 13], "texture": "#0"},
				"up": {"uv": [2, 10, 3, 12], "texture": "#0"},
				"down": {"uv": [0, 0, 1, 2], "texture": "#missing"}
			}
		},
		{
			"from": [9, 10, 7],
			"to": [10, 13, 9],
			"faces": {
				"north": {"uv": [0, 0, 1, 3], "texture": "#missing"},
				"east": {"uv": [2, 10, 4, 13], "texture": "#0"},
				"south": {"uv": [0, 0, 1, 3], "texture": "#missing"},
				"west": {"uv": [6, 9, 8, 12], "texture": "#0"},
				"up": {"uv": [1, 10, 2, 12], "texture": "#0"},
				"down": {"uv": [0, 0, 1, 2], "texture": "#missing"}
			}
		},
		{
			"from": [5, 12, 5],
			"to": [6, 13, 11],
			"faces": {
				"north": {"uv": [1, 6, 2, 7], "texture": "#0"},
				"east": {"uv": [2, 10, 8, 11], "texture": "#0"},
				"south": {"uv": [1, 6, 2, 7], "texture": "#0"},
				"west": {"uv": [1, 6, 7, 7], "texture": "#0"},
				"up": {"uv": [8, 1, 9, 7], "texture": "#0"},
				"down": {"uv": [8, 1, 9, 7], "texture": "#0"}
			}
		},
		{
			"from": [10, 12, 5],
			"to": [11, 13, 11],
			"faces": {
				"north": {"uv": [1, 6, 2, 7], "texture": "#0"},
				"east": {"uv": [2, 10, 8, 11], "texture": "#0"},
				"south": {"uv": [1, 6, 2, 7], "texture": "#0"},
				"west": {"uv": [1, 6, 7, 7], "texture": "#0"},
				"up": {"uv": [8, 1, 9, 7], "texture": "#0"},
				"down": {"uv": [8, 1, 9, 7], "texture": "#0"}
			}
		},
		{
			"from": [6, 12, 5],
			"to": [10, 13, 6],
			"faces": {
				"north": {"uv": [2, 6, 6, 7], "texture": "#0"},
				"east": {"uv": [2, 10, 3, 11], "texture": "#0"},
				"south": {"uv": [2, 6, 6, 7], "texture": "#0"},
				"west": {"uv": [2, 6, 3, 7], "texture": "#0"},
				"up": {"uv": [9, 1, 13, 2], "texture": "#0"},
				"down": {"uv": [2, 6, 6, 7], "texture": "#0"}
			}
		},
		{
			"from": [6, 12, 10],
			"to": [10, 13, 11],
			"faces": {
				"north": {"uv": [2, 6, 6, 7], "texture": "#0"},
				"east": {"uv": [2, 10, 3, 11], "texture": "#0"},
				"south": {"uv": [2, 6, 6, 7], "texture": "#0"},
				"west": {"uv": [2, 6, 3, 7], "texture": "#0"},
				"up": {"uv": [9, 1, 13, 2], "texture": "#0"},
				"down": {"uv": [2, 6, 6, 7], "texture": "#0"}
			}
		}
	],
	"display": {
		"thirdperson_righthand": {
			"rotation": [75, 45, 0],
			"translation": [0, 2.5, 0],
			"scale": [0.375, 0.375, 0.375]
		},
		"thirdperson_lefthand": {
			"rotation": [75, 45, 0],
			"translation": [0, 2.5, 0],
			"scale": [0.375, 0.375, 0.375]
		},
		"firstperson_righthand": {
			"rotation": [0, 45, 0],
			"scale": [0.4, 0.4, 0.4]
		},
		"firstperson_lefthand": {
			"rotation": [0, -135, 0],
			"scale": [0.4, 0.4, 0.4]
		},
		"ground": {
			"translation": [0, 3, 0],
			"scale": [0.25, 0.25, 0.25]
		},
		"gui": {
			"rotation": [30, -135, 0],
			"translation": [0, 1, 0],
			"scale": [0.9, 0.9, 0.9]
		},
		"fixed": {
			"rotation": [-90, -7.25, 0],
			"translation": [-3, 1.75, -16],
			"scale": [2, 2, 2]
		}
	},
	"groups": [
		{
			"name": "group",
			"origin": [8, 14.5, 7.1],
			"color": 0,
			"children": [0, 1, 2, 3, 4, 5, 6, 7, 8, 9, 10]
		}
	]
}