{
	"format_version": "1.21.6",
	"credit": "Yuushya",
	"ambientocclusion": false,
	"textures": {
		"1": "item/deco/fan1",
		"2": "item/deco/scrolldoor_2_",
		"4": "item/deco/ventilator",
		"particle": "item/deco/ventilator"
	},
	"elements": [
		{
			"name": "fan_leaves1",
			"from": [0.5, 0, 13.9],
			"to": [16.5, 16, 13.9],
			"rotation": {"angle": 45, "axis": "z", "origin": [8.5, 8, 13.9]},
			"faces": {
				"north": {"uv": [0, 0, 8, 8], "rotation": 90, "texture": "#1"},
				"east": {"uv": [0, 0, 0, 16], "rotation": 180, "texture": "#1"},
				"south": {"uv": [0, 0, 8, 8], "rotation": 90, "texture": "#1"},
				"west": {"uv": [0, 0, 0, 16], "texture": "#1"},
				"up": {"uv": [0, 0, 0, 16], "rotation": 90, "texture": "#1"},
				"down": {"uv": [0, 0, 0, 16], "rotation": 90, "texture": "#1"}
			}
		},
		{
			"name": "fan_leaves2",
			"from": [0.5, 0, 13.9],
			"to": [16.5, 16, 13.9],
			"rotation": {"angle": 22.5, "axis": "z", "origin": [8.5, 8, 13.9]},
			"faces": {
				"north": {"uv": [8, 0, 16, 8], "rotation": 90, "texture": "#1"},
				"east": {"uv": [0, 0, 0, 16], "rotation": 180, "texture": "#1"},
				"south": {"uv": [8, 0, 16, 8], "rotation": 90, "texture": "#1"},
				"west": {"uv": [0, 0, 0, 16], "texture": "#1"},
				"up": {"uv": [0, 0, 0, 16], "rotation": 90, "texture": "#1"},
				"down": {"uv": [0, 0, 0, 16], "rotation": 90, "texture": "#1"}
			}
		},
		{
			"name": "fan_leaves3",
			"from": [0.5, 0, 13.9],
			"to": [16.5, 16, 13.9],
			"faces": {
				"north": {"uv": [0, 8, 8, 16], "rotation": 90, "texture": "#1"},
				"east": {"uv": [0, 0, 0, 16], "rotation": 180, "texture": "#1"},
				"south": {"uv": [0, 8, 8, 16], "rotation": 90, "texture": "#1"},
				"west": {"uv": [0, 0, 0, 16], "texture": "#1"},
				"up": {"uv": [0, 0, 0, 16], "rotation": 90, "texture": "#1"},
				"down": {"uv": [0, 0, 0, 16], "rotation": 90, "texture": "#1"}
			}
		},
		{
			"name": "fan_leaves4",
			"from": [0.5, 0, 13.9],
			"to": [16.5, 16, 13.9],
			"rotation": {"angle": -22.5, "axis": "z", "origin": [8.5, 8, 13.9]},
			"faces": {
				"north": {"uv": [8, 8, 16, 16], "rotation": 90, "texture": "#1"},
				"east": {"uv": [0, 0, 0, 16], "rotation": 180, "texture": "#1"},
				"south": {"uv": [8, 8, 16, 16], "rotation": 90, "texture": "#1"},
				"west": {"uv": [0, 0, 0, 16], "texture": "#1"},
				"up": {"uv": [0, 0, 0, 16], "rotation": 90, "texture": "#1"},
				"down": {"uv": [0, 0, 0, 16], "rotation": 90, "texture": "#1"}
			}
		},
		{
			"from": [15.4, 1, 11.9],
			"to": [16.4, 15, 15.4],
			"faces": {
				"north": {"uv": [15, 1, 16, 15], "texture": "#4"},
				"east": {"uv": [0, 13, 14, 16], "rotation": 270, "texture": "#4"},
				"south": {"uv": [15, 1, 16, 15], "texture": "#4"},
				"west": {"uv": [0, 13, 16, 16], "rotation": 270, "texture": "#4"},
				"up": {"uv": [4, 17, 1, 16], "rotation": 90, "texture": "#4"},
				"down": {"uv": [7, 16, 4, 17], "rotation": 270, "texture": "#4"}
			}
		},
		{
			"from": [0.4, 0, 11.9],
			"to": [16.4, 1, 15.4],
			"faces": {
				"north": {"uv": [0, 15, 16, 16], "texture": "#4"},
				"east": {"uv": [0, 13, 1, 16], "rotation": 270, "texture": "#4"},
				"south": {"uv": [0, 15, 16, 16], "texture": "#4"},
				"west": {"uv": [0, 13, 1, 16], "rotation": 270, "texture": "#4"},
				"up": {"uv": [15, 16, 12, 0], "rotation": 90, "texture": "#4"},
				"down": {"uv": [19, 16, 16, 0], "rotation": 270, "texture": "#4"}
			}
		},
		{
			"from": [0.4, 15, 11.9],
			"to": [16.4, 16, 15.4],
			"faces": {
				"north": {"uv": [0, 0, 16, 1], "texture": "#4"},
				"east": {"uv": [15, 13, 16, 16], "rotation": 270, "texture": "#4"},
				"south": {"uv": [0, 0, 16, 1], "texture": "#4"},
				"west": {"uv": [15, 13, 16, 16], "rotation": 270, "texture": "#4"},
				"up": {"uv": [16, 10, 0, 13], "rotation": 180, "texture": "#4"},
				"down": {"uv": [19, 16, 16, 0], "rotation": 270, "texture": "#4"}
			}
		},
		{
			"from": [0.4, 1, 11.9],
			"to": [1.4, 15, 15.4],
			"faces": {
				"north": {"uv": [0, 1, 1, 15], "texture": "#4"},
				"east": {"uv": [0, 13, 16, 16], "rotation": 270, "texture": "#4"},
				"south": {"uv": [0, 1, 1, 15], "texture": "#4"},
				"west": {"uv": [0, 13, 16, 16], "rotation": 270, "texture": "#4"},
				"up": {"uv": [4, 17, 1, 16], "rotation": 90, "texture": "#4"},
				"down": {"uv": [7, 16, 4, 17], "rotation": 270, "texture": "#4"}
			}
		},
		{
			"name": "octagon",
			"from": [14.4, 5.10051, 12.15],
			"to": [15.4, 10.89949, 15.15],
			"rotation": {"angle": 45, "axis": "z", "origin": [8.4, 8, 13.65]},
			"faces": {
				"north": {"uv": [1, 14, 6, 15], "rotation": 90, "texture": "#4"},
				"east": {"uv": [12, 10, 15, 15], "texture": "#4"},
				"south": {"uv": [1, 14, 6, 15], "rotation": 90, "texture": "#4"},
				"west": {"uv": [12, 10, 15, 15], "texture": "#4"},
				"up": {"uv": [4, 1, 1, 0], "rotation": 90, "texture": "#4"},
				"down": {"uv": [7, 0, 4, 1], "rotation": 270, "texture": "#4"}
			}
		},
		{
			"name": "octagon",
			"from": [14.4, 5.10051, 12.1],
			"to": [15.4, 10.89949, 15.1],
			"faces": {
				"north": {"uv": [1, 14, 6, 15], "rotation": 90, "texture": "#4"},
				"east": {"uv": [1, 1, 4, 6], "texture": "#4"},
				"south": {"uv": [1, 14, 6, 15], "rotation": 90, "texture": "#4"},
				"west": {"uv": [12, 10, 15, 15], "texture": "#4"},
				"up": {"uv": [4, 1, 1, 0], "rotation": 90, "texture": "#4"},
				"down": {"uv": [7, 0, 4, 1], "rotation": 270, "texture": "#4"}
			}
		},
		{
			"name": "octagon",
			"from": [1.4, 5.10051, 12.15],
			"to": [2.4, 10.89949, 15.15],
			"rotation": {"angle": 45, "axis": "z", "origin": [8.4, 8, 13.65]},
			"faces": {
				"north": {"uv": [1, 14, 6, 15], "rotation": 90, "texture": "#4"},
				"east": {"uv": [12, 10, 15, 15], "texture": "#4"},
				"south": {"uv": [1, 14, 6, 15], "rotation": 90, "texture": "#4"},
				"west": {"uv": [12, 10, 15, 15], "texture": "#4"},
				"up": {"uv": [4, 1, 1, 0], "rotation": 90, "texture": "#4"},
				"down": {"uv": [7, 0, 4, 1], "rotation": 270, "texture": "#4"}
			}
		},
		{
			"name": "octagon",
			"from": [1.4, 5.10051, 12.1],
			"to": [2.4, 10.89949, 15.1],
			"faces": {
				"north": {"uv": [1, 14, 6, 15], "rotation": 90, "texture": "#4"},
				"east": {"uv": [12, 10, 15, 15], "texture": "#4"},
				"south": {"uv": [1, 14, 6, 15], "rotation": 90, "texture": "#4"},
				"west": {"uv": [5, 1, 8, 6], "texture": "#4"},
				"up": {"uv": [4, 1, 1, 0], "rotation": 90, "texture": "#4"},
				"down": {"uv": [7, 0, 4, 1], "rotation": 270, "texture": "#4"}
			}
		},
		{
			"name": "octagon",
			"from": [5.50051, 1, 12.15],
			"to": [11.29949, 2, 15.15],
			"rotation": {"angle": 45, "axis": "z", "origin": [8.4, 8, 13.65]},
			"faces": {
				"north": {"uv": [1, 14, 6, 15], "texture": "#4"},
				"east": {"uv": [5, 5, 8, 6], "texture": "#4"},
				"south": {"uv": [1, 14, 6, 15], "texture": "#4"},
				"west": {"uv": [13, 5, 16, 6], "texture": "#4"},
				"up": {"uv": [12, 10, 15, 15], "rotation": 90, "texture": "#4"},
				"down": {"uv": [12, 10, 15, 15], "rotation": 270, "texture": "#4"}
			}
		},
		{
			"name": "octagon",
			"from": [5.50051, 1, 12.1],
			"to": [11.29949, 2, 15.1],
			"faces": {
				"north": {"uv": [1, 14, 6, 15], "rotation": 180, "texture": "#4"},
				"east": {"uv": [5, 5, 8, 6], "texture": "#4"},
				"south": {"uv": [1, 14, 6, 15], "rotation": 180, "texture": "#4"},
				"west": {"uv": [13, 5, 16, 6], "texture": "#4"},
				"up": {"uv": [12, 10, 15, 15], "rotation": 90, "texture": "#4"},
				"down": {"uv": [11, 0, 8, 5], "rotation": 270, "texture": "#4"}
			}
		},
		{
			"name": "octagon",
			"from": [5.50051, 14, 12.15],
			"to": [11.29949, 15, 15.15],
			"rotation": {"angle": 45, "axis": "z", "origin": [8.4, 8, 13.65]},
			"faces": {
				"north": {"uv": [1, 14, 6, 15], "texture": "#4"},
				"east": {"uv": [5, 5, 8, 6], "texture": "#4"},
				"south": {"uv": [1, 14, 6, 15], "texture": "#4"},
				"west": {"uv": [13, 5, 16, 6], "texture": "#4"},
				"up": {"uv": [12, 10, 15, 15], "rotation": 90, "texture": "#4"},
				"down": {"uv": [12, 10, 15, 15], "rotation": 270, "texture": "#4"}
			}
		},
		{
			"name": "octagon",
			"from": [5.50051, 14, 12.1],
			"to": [11.29949, 15, 15.1],
			"faces": {
				"north": {"uv": [1, 14, 6, 15], "texture": "#4"},
				"east": {"uv": [5, 5, 8, 6], "texture": "#4"},
				"south": {"uv": [1, 14, 6, 15], "texture": "#4"},
				"west": {"uv": [13, 5, 16, 6], "texture": "#4"},
				"up": {"uv": [8, 5, 5, 0], "rotation": 90, "texture": "#4"},
				"down": {"uv": [12, 10, 15, 15], "rotation": 270, "texture": "#4"}
			}
		},
		{
			"from": [1.4, 14, 12.4],
			"to": [5.65, 15, 14.9],
			"faces": {
				"north": {"uv": [1, 1, 5, 2], "texture": "#4"},
				"east": {"uv": [4, 20, 6, 21], "texture": "#4"},
				"south": {"uv": [1, 1, 5, 2], "texture": "#4"},
				"west": {"uv": [10, 20, 12, 21], "texture": "#4"},
				"up": {"uv": [6, 20, 4, 16], "rotation": 90, "texture": "#4"},
				"down": {"uv": [8, 16, 6, 20], "rotation": 270, "texture": "#4"}
			}
		},
		{
			"from": [1.4, 13, 12.4],
			"to": [4.9, 14, 14.9],
			"faces": {
				"north": {"uv": [1, 2, 4, 3], "texture": "#4"},
				"east": {"uv": [3, 19, 5, 20], "texture": "#4"},
				"south": {"uv": [1, 2, 4, 3], "texture": "#4"},
				"west": {"uv": [8, 19, 10, 20], "texture": "#4"},
				"up": {"uv": [5, 19, 3, 16], "rotation": 90, "texture": "#4"},
				"down": {"uv": [7, 16, 5, 19], "rotation": 270, "texture": "#4"}
			}
		},
		{
			"from": [1.4, 12, 12.4],
			"to": [3.9, 13, 14.9],
			"faces": {
				"north": {"uv": [1, 3, 3, 4], "texture": "#4"},
				"east": {"uv": [2, 18, 4, 19], "texture": "#4"},
				"south": {"uv": [1, 3, 3, 4], "texture": "#4"},
				"west": {"uv": [6, 18, 8, 19], "texture": "#4"},
				"up": {"uv": [4, 18, 2, 16], "rotation": 90, "texture": "#4"},
				"down": {"uv": [6, 16, 4, 18], "rotation": 270, "texture": "#4"}
			}
		},
		{
			"from": [1.4, 10.75, 12.4],
			"to": [2.65, 12, 14.9],
			"faces": {
				"north": {"uv": [1, 4, 2, 5], "texture": "#4"},
				"east": {"uv": [1, 17, 3, 18], "texture": "#4"},
				"south": {"uv": [1, 4, 2, 5], "texture": "#4"},
				"west": {"uv": [4, 17, 6, 18], "texture": "#4"},
				"up": {"uv": [3, 17, 1, 16], "rotation": 90, "texture": "#4"},
				"down": {"uv": [5, 16, 3, 17], "rotation": 270, "texture": "#4"}
			}
		},
		{
			"from": [1.4, 1, 12.4],
			"to": [5.65, 2, 14.9],
			"faces": {
				"north": {"uv": [1, 2, 5, 1], "texture": "#4"},
				"east": {"uv": [4, 21, 6, 20], "texture": "#4"},
				"south": {"uv": [1, 2, 5, 1], "texture": "#4"},
				"west": {"uv": [10, 21, 12, 20], "texture": "#4"},
				"up": {"uv": [8, 20, 6, 16], "rotation": 90, "texture": "#4"},
				"down": {"uv": [6, 16, 4, 20], "rotation": 270, "texture": "#4"}
			}
		},
		{
			"from": [1.4, 2, 12.4],
			"to": [4.9, 3, 14.9],
			"faces": {
				"north": {"uv": [1, 3, 4, 2], "texture": "#4"},
				"east": {"uv": [3, 20, 5, 19], "texture": "#4"},
				"south": {"uv": [1, 3, 4, 2], "texture": "#4"},
				"west": {"uv": [8, 20, 10, 19], "texture": "#4"},
				"up": {"uv": [7, 19, 5, 16], "rotation": 90, "texture": "#4"},
				"down": {"uv": [5, 16, 3, 19], "rotation": 270, "texture": "#4"}
			}
		},
		{
			"from": [1.4, 3, 12.4],
			"to": [3.9, 4, 14.9],
			"faces": {
				"north": {"uv": [1, 4, 3, 3], "texture": "#4"},
				"east": {"uv": [2, 19, 4, 18], "texture": "#4"},
				"south": {"uv": [1, 4, 3, 3], "texture": "#4"},
				"west": {"uv": [6, 19, 8, 18], "texture": "#4"},
				"up": {"uv": [6, 18, 4, 16], "rotation": 90, "texture": "#4"},
				"down": {"uv": [4, 16, 2, 18], "rotation": 270, "texture": "#4"}
			}
		},
		{
			"from": [1.4, 4, 12.4],
			"to": [2.65, 5.25, 14.9],
			"faces": {
				"north": {"uv": [1, 5, 2, 4], "texture": "#4"},
				"east": {"uv": [1, 18, 3, 17], "texture": "#4"},
				"south": {"uv": [1, 5, 2, 4], "texture": "#4"},
				"west": {"uv": [4, 18, 6, 17], "texture": "#4"},
				"up": {"uv": [5, 17, 3, 16], "rotation": 90, "texture": "#4"},
				"down": {"uv": [3, 16, 1, 17], "rotation": 270, "texture": "#4"}
			}
		},
		{
			"from": [11.15, 1, 12.4],
			"to": [15.4, 2, 14.9],
			"faces": {
				"north": {"uv": [5, 2, 1, 1], "texture": "#4"},
				"east": {"uv": [12, 21, 10, 20], "texture": "#4"},
				"south": {"uv": [5, 2, 1, 1], "texture": "#4"},
				"west": {"uv": [6, 21, 4, 20], "texture": "#4"},
				"up": {"uv": [8, 16, 6, 20], "rotation": 90, "texture": "#4"},
				"down": {"uv": [6, 20, 4, 16], "rotation": 270, "texture": "#4"}
			}
		},
		{
			"from": [11.9, 2, 12.4],
			"to": [15.4, 3, 14.9],
			"faces": {
				"north": {"uv": [4, 3, 1, 2], "texture": "#4"},
				"east": {"uv": [10, 20, 8, 19], "texture": "#4"},
				"south": {"uv": [4, 3, 1, 2], "texture": "#4"},
				"west": {"uv": [5, 20, 3, 19], "texture": "#4"},
				"up": {"uv": [7, 16, 5, 19], "rotation": 90, "texture": "#4"},
				"down": {"uv": [5, 19, 3, 16], "rotation": 270, "texture": "#4"}
			}
		},
		{
			"from": [12.9, 3, 12.4],
			"to": [15.4, 4, 14.9],
			"faces": {
				"north": {"uv": [3, 4, 1, 3], "texture": "#4"},
				"east": {"uv": [8, 19, 6, 18], "texture": "#4"},
				"south": {"uv": [3, 4, 1, 3], "texture": "#4"},
				"west": {"uv": [4, 19, 2, 18], "texture": "#4"},
				"up": {"uv": [6, 16, 4, 18], "rotation": 90, "texture": "#4"},
				"down": {"uv": [4, 18, 2, 16], "rotation": 270, "texture": "#4"}
			}
		},
		{
			"from": [14.15, 4, 12.4],
			"to": [15.4, 5.25, 14.9],
			"faces": {
				"north": {"uv": [2, 5, 1, 4], "texture": "#4"},
				"east": {"uv": [6, 18, 4, 17], "texture": "#4"},
				"south": {"uv": [2, 5, 1, 4], "texture": "#4"},
				"west": {"uv": [3, 18, 1, 17], "texture": "#4"},
				"up": {"uv": [5, 16, 3, 17], "rotation": 90, "texture": "#4"},
				"down": {"uv": [3, 17, 1, 16], "rotation": 270, "texture": "#4"}
			}
		},
		{
			"from": [11.15, 14, 12.4],
			"to": [15.4, 15, 14.9],
			"faces": {
				"north": {"uv": [5, 1, 1, 2], "texture": "#4"},
				"east": {"uv": [12, 20, 10, 21], "texture": "#4"},
				"south": {"uv": [5, 1, 1, 2], "texture": "#4"},
				"west": {"uv": [6, 20, 4, 21], "texture": "#4"},
				"up": {"uv": [6, 16, 4, 20], "rotation": 90, "texture": "#4"},
				"down": {"uv": [8, 20, 6, 16], "rotation": 270, "texture": "#4"}
			}
		},
		{
			"from": [11.9, 13, 12.4],
			"to": [15.4, 14, 14.9],
			"faces": {
				"north": {"uv": [4, 2, 1, 3], "texture": "#4"},
				"east": {"uv": [10, 19, 8, 20], "texture": "#4"},
				"south": {"uv": [4, 2, 1, 3], "texture": "#4"},
				"west": {"uv": [5, 19, 3, 20], "texture": "#4"},
				"up": {"uv": [5, 16, 3, 19], "rotation": 90, "texture": "#4"},
				"down": {"uv": [7, 19, 5, 16], "rotation": 270, "texture": "#4"}
			}
		},
		{
			"from": [12.9, 12, 12.4],
			"to": [15.4, 13, 14.9],
			"faces": {
				"north": {"uv": [3, 3, 1, 4], "texture": "#4"},
				"east": {"uv": [8, 18, 6, 19], "texture": "#4"},
				"south": {"uv": [3, 3, 1, 4], "texture": "#4"},
				"west": {"uv": [4, 18, 2, 19], "texture": "#4"},
				"up": {"uv": [4, 16, 2, 18], "rotation": 90, "texture": "#4"},
				"down": {"uv": [6, 18, 4, 16], "rotation": 270, "texture": "#4"}
			}
		},
		{
			"from": [14.15, 10.75, 12.4],
			"to": [15.4, 12, 14.9],
			"faces": {
				"north": {"uv": [2, 4, 1, 5], "texture": "#4"},
				"east": {"uv": [6, 17, 4, 18], "texture": "#4"},
				"south": {"uv": [2, 4, 1, 5], "texture": "#4"},
				"west": {"uv": [3, 17, 1, 18], "texture": "#4"},
				"up": {"uv": [3, 16, 1, 17], "rotation": 90, "texture": "#4"},
				"down": {"uv": [5, 17, 3, 16], "rotation": 270, "texture": "#4"}
			}
		},
		{
			"from": [0.4, 13, 15.4],
			"to": [16.4, 16, 17.4],
			"faces": {
				"north": {"uv": [0, 0, 16, 3], "texture": "#4"},
				"east": {"uv": [0, 0, 2, 3], "texture": "#4"},
				"south": {"uv": [0, 0, 16, 3], "texture": "#4"},
				"west": {"uv": [14, 0, 16, 3], "texture": "#4"},
				"up": {"uv": [0, 2, 16, 4], "rotation": 180, "texture": "#4"},
				"down": {"uv": [0, 0, 16, 2], "texture": "#4"}
			}
		},
		{
			"from": [0.4, -3, 15.4],
			"to": [16.4, 1, 17.4],
			"faces": {
				"north": {"uv": [0, 0, 16, 4], "texture": "#4"},
				"east": {"uv": [14, 12, 16, 16], "texture": "#4"},
				"south": {"uv": [0, 12, 16, 16], "texture": "#4"},
				"west": {"uv": [14, 12, 16, 16], "texture": "#4"},
				"up": {"uv": [14, 0, 16, 16], "rotation": 90, "texture": "#4"},
				"down": {"uv": [0, 0, 16, 2], "texture": "#4"}
			}
		},
		{
			"from": [0.4, 2, 15.4],
			"to": [16.4, 3, 17.4],
			"faces": {
				"north": {"uv": [0, 0, 16, 1], "texture": "#4"},
				"east": {"uv": [14, 12, 16, 13], "texture": "#4"},
				"south": {"uv": [0, 12, 16, 13], "texture": "#4"},
				"west": {"uv": [14, 12, 16, 13], "texture": "#4"},
				"up": {"uv": [14, 0, 16, 16], "rotation": 90, "texture": "#4"},
				"down": {"uv": [0, 0, 16, 2], "texture": "#4"}
			}
		},
		{
			"from": [0.4, 1, 15.4],
			"to": [16.4, 2, 16.4],
			"faces": {
				"north": {"uv": [0, 0, 16, 1], "texture": "#2"},
				"east": {"uv": [0, 0, 1, 1], "texture": "#2"},
				"south": {"uv": [0, 0, 16, 1], "texture": "#2"},
				"west": {"uv": [0, 0, 1, 1], "texture": "#2"},
				"up": {"uv": [0, 0, 1, 16], "rotation": 90, "texture": "#2"},
				"down": {"uv": [0, 0, 16, 1], "texture": "#2"}
			}
		},
		{
			"from": [13.4, 3, 15.4],
			"to": [16.4, 13, 16.4],
			"faces": {
				"north": {"uv": [0, 3, 3, 13], "texture": "#4"},
				"east": {"uv": [0, 3, 1, 13], "texture": "#4"},
				"south": {"uv": [13, 3, 16, 13], "texture": "#4"},
				"west": {"uv": [15, 3, 16, 13], "texture": "#4"},
				"up": {"uv": [15, 13, 16, 16], "rotation": 90, "texture": "#4"},
				"down": {"uv": [15, 0, 16, 3], "rotation": 270, "texture": "#4"}
			}
		},
		{
			"from": [0.4, 3, 15.4],
			"to": [3.4, 13, 16.4],
			"faces": {
				"north": {"uv": [13, 3, 16, 13], "texture": "#4"},
				"east": {"uv": [0, 3, 1, 13], "texture": "#4"},
				"south": {"uv": [0, 3, 3, 13], "texture": "#4"},
				"west": {"uv": [15, 3, 16, 13], "texture": "#4"},
				"up": {"uv": [15, 13, 16, 16], "rotation": 90, "texture": "#4"},
				"down": {"uv": [15, 0, 16, 3], "rotation": 270, "texture": "#4"}
			}
		},
		{
			"from": [3.4, -2, 17.4],
			"to": [10.4, 0, 17.9],
			"faces": {
				"north": {"uv": [0, 0, 7, 2], "texture": "#4"},
				"east": {"uv": [0, 0, 0.5, 2], "texture": "#4"},
				"south": {"uv": [0, 7, 7, 9], "texture": "#4"},
				"west": {"uv": [0, 0, 0.5, 2], "texture": "#4"},
				"up": {"uv": [0, 0, 0.5, 7], "rotation": 90, "texture": "#4"},
				"down": {"uv": [0, 0, 0.5, 7], "rotation": 270, "texture": "#4"}
			}
		},
		{
			"from": [11.4, -2, 17.4],
			"to": [13.4, 0, 17.9],
			"faces": {
				"north": {"uv": [0, 0, 2, 2], "texture": "#4"},
				"east": {"uv": [0, 0, 0.5, 2], "texture": "#4"},
				"south": {"uv": [9, 8, 11, 10], "texture": "#4"},
				"west": {"uv": [0, 0, 0.5, 2], "texture": "#4"},
				"up": {"uv": [0, 0, 0.5, 2], "rotation": 90, "texture": "#4"},
				"down": {"uv": [0, 0, 0.5, 2], "rotation": 270, "texture": "#4"}
			}
		},
		{
			"from": [1.4, 12, 13.9],
			"to": [15.4, 12.25, 15.9],
			"rotation": {"angle": 45, "axis": "x", "origin": [8.4, 12, 14.9]},
			"faces": {
				"north": {"uv": [1, 2, 1.25, 16], "rotation": 270, "texture": "#2"},
				"east": {"uv": [13.5, 3.75, 13.75, 5.75], "rotation": 270, "texture": "#2"},
				"south": {"uv": [0, 8, 14, 8.25], "texture": "#2"},
				"west": {"uv": [0.5, 3.75, 0.75, 5.75], "rotation": 270, "texture": "#2"},
				"up": {"uv": [1, 1, 15, 3], "texture": "#2"},
				"down": {"uv": [0.5, 1, 14.5, 3], "rotation": 180, "texture": "#2"}
			}
		},
		{
			"from": [1.4, 10, 13.9],
			"to": [15.4, 10.25, 15.9],
			"rotation": {"angle": 45, "axis": "x", "origin": [8.4, 10, 14.9]},
			"faces": {
				"north": {"uv": [1, 2, 1.25, 16], "rotation": 270, "texture": "#2"},
				"east": {"uv": [13.5, 5.75, 13.75, 7.75], "rotation": 270, "texture": "#2"},
				"south": {"uv": [0, 8, 14, 8.25], "texture": "#2"},
				"west": {"uv": [0.5, 5.75, 0.75, 7.75], "rotation": 270, "texture": "#2"},
				"up": {"uv": [1, 3, 15, 5], "texture": "#2"},
				"down": {"uv": [0.5, 1, 14.5, 3], "rotation": 180, "texture": "#2"}
			}
		},
		{
			"from": [1.4, 8, 13.9],
			"to": [15.4, 8.25, 15.9],
			"rotation": {"angle": 45, "axis": "x", "origin": [8.4, 8, 14.9]},
			"faces": {
				"north": {"uv": [1, 2, 1.25, 16], "rotation": 270, "texture": "#2"},
				"east": {"uv": [13.5, 7.75, 13.75, 9.75], "rotation": 270, "texture": "#2"},
				"south": {"uv": [0, 8, 14, 8.25], "texture": "#2"},
				"west": {"uv": [0.5, 7.75, 0.75, 9.75], "rotation": 270, "texture": "#2"},
				"up": {"uv": [1, 5, 15, 7], "texture": "#2"},
				"down": {"uv": [0.5, 1, 14.5, 3], "rotation": 180, "texture": "#2"}
			}
		},
		{
			"from": [1.4, 6, 13.9],
			"to": [15.4, 6.25, 15.9],
			"rotation": {"angle": 45, "axis": "x", "origin": [8.4, 6, 14.9]},
			"faces": {
				"north": {"uv": [1, 2, 1.25, 16], "rotation": 270, "texture": "#2"},
				"east": {"uv": [13.5, 9.75, 13.75, 11.75], "rotation": 270, "texture": "#2"},
				"south": {"uv": [0, 8, 14, 8.25], "texture": "#2"},
				"west": {"uv": [0.5, 9.75, 0.75, 11.75], "rotation": 270, "texture": "#2"},
				"up": {"uv": [1, 7, 15, 9], "texture": "#2"},
				"down": {"uv": [0.5, 1, 14.5, 3], "rotation": 180, "texture": "#2"}
			}
		},
		{
			"from": [1.4, 4, 13.9],
			"to": [15.4, 4.25, 15.9],
			"rotation": {"angle": 45, "axis": "x", "origin": [8.4, 4, 14.9]},
			"faces": {
				"north": {"uv": [1, 2, 1.25, 16], "rotation": 270, "texture": "#2"},
				"east": {"uv": [13.5, 11.75, 13.75, 13.75], "rotation": 270, "texture": "#2"},
				"south": {"uv": [0, 8, 14, 8.25], "texture": "#2"},
				"west": {"uv": [0.5, 11.75, 0.75, 13.75], "rotation": 270, "texture": "#2"},
				"up": {"uv": [1, 9, 15, 11], "texture": "#2"},
				"down": {"uv": [0.5, 1, 14.5, 3], "rotation": 180, "texture": "#2"}
			}
		}
	],
	"gui_light": "front",
	"display": {
		"thirdperson_righthand": {
			"rotation": [75, 45, 0],
			"translation": [0, 2.5, 0],
			"scale": [0.375, 0.375, 0.375]
		},
		"thirdperson_lefthand": {
			"rotation": [75, 45, 0],
			"translation": [0, 2.5, 0],
			"scale": [0.375, 0.375, 0.375]
		},
		"firstperson_righthand": {
			"rotation": [0, 45, 0],
			"scale": [0.4, 0.4, 0.4]
		},
		"firstperson_lefthand": {
			"rotation": [0, -135, 0],
			"scale": [0.4, 0.4, 0.4]
		},
		"ground": {
			"translation": [0, 3, 0],
			"scale": [0.25, 0.25, 0.25]
		},
		"gui": {
			"rotation": [30, -135, 0],
			"translation": [0.25, 0, 0],
			"scale": [0.625, 0.625, 0.625]
		},
		"head": {
			"rotation": [0, -180, 0],
			"translation": [0, 13, 0.25]
		},
		"fixed": {
			"rotation": [180, 0, 180],
			"translation": [0.75, 0, 12],
			"scale": [2, 2, 2]
		}
	},
	"groups": [
		{
			"name": "VFan",
			"origin": [9.25, 19, 8],
			"color": 0,
			"children": [
				0,
				1,
				2,
				3,
				4,
				5,
				6,
				7,
				8,
				9,
				10,
				11,
				12,
				13,
				14,
				15,
				16,
				17,
				18,
				19,
				20,
				21,
				22,
				23,
				24,
				25,
				26,
				27,
				28,
				29,
				30,
				31,
				{
					"name": "Leaves",
					"origin": [5.5, 14, 8],
					"color": 0,
					"children": []
				}
			]
		},
		32,
		33,
		34,
		35,
		36,
		37,
		38,
		39,
		40,
		41,
		42,
		43,
		44
	]
}