{
	"format_version": "1.21.6",
	"credit": "Made with Blockbench",
	"texture_size": [32, 32],
	"textures": {
		"0": "block/veshalka",
		"particle": "block/veshalka"
	},
	"elements": [
		{
			"from": [0, 0, 7],
			"to": [16, 9, 9],
			"rotation": {"angle": 0, "axis": "y", "origin": [2, 0, 8]},
			"faces": {
				"north": {"uv": [0, 0, 8, 4.5], "texture": "#0"},
				"east": {"uv": [8, 1, 8.5, 5.5], "texture": "#0"},
				"south": {"uv": [0, 4.5, 8, 9], "texture": "#0"},
				"west": {"uv": [8, 5.5, 8.5, 10], "texture": "#0"},
				"up": {"uv": [16, 0.5, 8, 0], "texture": "#0"},
				"down": {"uv": [16, 0.5, 8, 1], "texture": "#0"}
			}
		},
		{
			"from": [2.4, 3, 6],
			"to": [3.4, 6, 7],
			"rotation": {"angle": 0, "axis": "y", "origin": [2.4, 3, 5]},
			"faces": {
				"north": {"uv": [8.5, 1, 9, 2.5], "texture": "#0"},
				"east": {"uv": [8.5, 2.5, 9, 4], "texture": "#0"},
				"south": {"uv": [8.5, 4, 9, 5.5], "texture": "#0"},
				"west": {"uv": [8.5, 5.5, 9, 7], "texture": "#0"},
				"up": {"uv": [4.5, 9.5, 4, 9], "texture": "#0"},
				"down": {"uv": [9.5, 4, 9, 4.5], "texture": "#0"}
			}
		},
		{
			"from": [12.7, 3, 6],
			"to": [13.7, 6, 7],
			"rotation": {"angle": 0, "axis": "y", "origin": [11.7, 3, 6]},
			"faces": {
				"north": {"uv": [8.5, 7, 9, 8.5], "texture": "#0"},
				"east": {"uv": [8.5, 8.5, 9, 10], "texture": "#0"},
				"south": {"uv": [0, 9, 0.5, 10.5], "texture": "#0"},
				"west": {"uv": [0.5, 9, 1, 10.5], "texture": "#0"},
				"up": {"uv": [5, 9.5, 4.5, 9], "texture": "#0"},
				"down": {"uv": [9.5, 4.5, 9, 5], "texture": "#0"}
			}
		},
		{
			"from": [5.8, 3, 6],
			"to": [6.8, 6, 7],
			"rotation": {"angle": 0, "axis": "y", "origin": [4.8, 3, 6]},
			"faces": {
				"north": {"uv": [1, 9, 1.5, 10.5], "texture": "#0"},
				"east": {"uv": [9, 1, 9.5, 2.5], "texture": "#0"},
				"south": {"uv": [1.5, 9, 2, 10.5], "texture": "#0"},
				"west": {"uv": [2, 9, 2.5, 10.5], "texture": "#0"},
				"up": {"uv": [5.5, 9.5, 5, 9], "texture": "#0"},
				"down": {"uv": [9.5, 5, 9, 5.5], "texture": "#0"}
			}
		},
		{
			"from": [9.4, 3, 6],
			"to": [10.4, 6, 7],
			"rotation": {"angle": 0, "axis": "y", "origin": [8.4, 3, 6]},
			"faces": {
				"north": {"uv": [2.5, 9, 3, 10.5], "texture": "#0"},
				"east": {"uv": [9, 2.5, 9.5, 4], "texture": "#0"},
				"south": {"uv": [3, 9, 3.5, 10.5], "texture": "#0"},
				"west": {"uv": [3.5, 9, 4, 10.5], "texture": "#0"},
				"up": {"uv": [6, 9.5, 5.5, 9], "texture": "#0"},
				"down": {"uv": [9.5, 5.5, 9, 6], "texture": "#0"}
			}
		},
		{
			"from": [9.4, 2, 5],
			"to": [10.4, 3, 6],
			"rotation": {"angle": 0, "axis": "y", "origin": [8.4, 2, 5]},
			"faces": {
				"north": {"uv": [6, 9, 6.5, 9.5], "texture": "#0"},
				"east": {"uv": [9, 6, 9.5, 6.5], "texture": "#0"},
				"south": {"uv": [6.5, 9, 7, 9.5], "texture": "#0"},
				"west": {"uv": [9, 6.5, 9.5, 7], "texture": "#0"},
				"up": {"uv": [7.5, 9.5, 7, 9], "texture": "#0"},
				"down": {"uv": [9.5, 7, 9, 7.5], "texture": "#0"}
			}
		},
		{
			"from": [12.7, 2, 5],
			"to": [13.7, 3, 6],
			"rotation": {"angle": 0, "axis": "y", "origin": [11.7, 2, 5]},
			"faces": {
				"north": {"uv": [7.5, 9, 8, 9.5], "texture": "#0"},
				"east": {"uv": [9, 7.5, 9.5, 8], "texture": "#0"},
				"south": {"uv": [9, 8, 9.5, 8.5], "texture": "#0"},
				"west": {"uv": [9, 8.5, 9.5, 9], "texture": "#0"},
				"up": {"uv": [9.5, 9.5, 9, 9], "texture": "#0"},
				"down": {"uv": [10, 1, 9.5, 1.5], "texture": "#0"}
			}
		},
		{
			"from": [2.4, 2, 5],
			"to": [3.4, 3, 6],
			"rotation": {"angle": 0, "axis": "y", "origin": [1.4, 2, 5]},
			"faces": {
				"north": {"uv": [9.5, 1.5, 10, 2], "texture": "#0"},
				"east": {"uv": [9.5, 2, 10, 2.5], "texture": "#0"},
				"south": {"uv": [9.5, 2.5, 10, 3], "texture": "#0"},
				"west": {"uv": [9.5, 3, 10, 3.5], "texture": "#0"},
				"up": {"uv": [10, 4, 9.5, 3.5], "texture": "#0"},
				"down": {"uv": [4.5, 9.5, 4, 10], "texture": "#0"}
			}
		},
		{
			"from": [9.4, 2.75, 4],
			"to": [10.4, 3.75, 5],
			"rotation": {"angle": 0, "axis": "y", "origin": [8.4, 2.75, 4]},
			"faces": {
				"north": {"uv": [9.5, 4, 10, 4.5], "texture": "#0"},
				"east": {"uv": [4.5, 9.5, 5, 10], "texture": "#0"},
				"south": {"uv": [9.5, 4.5, 10, 5], "texture": "#0"},
				"west": {"uv": [5, 9.5, 5.5, 10], "texture": "#0"},
				"up": {"uv": [10, 5.5, 9.5, 5], "texture": "#0"},
				"down": {"uv": [6, 9.5, 5.5, 10], "texture": "#0"}
			}
		},
		{
			"from": [12.7, 2.75, 4],
			"to": [13.7, 3.75, 5],
			"rotation": {"angle": 0, "axis": "y", "origin": [11.7, 2.75, 4]},
			"faces": {
				"north": {"uv": [9.5, 5.5, 10, 6], "texture": "#0"},
				"east": {"uv": [6, 9.5, 6.5, 10], "texture": "#0"},
				"south": {"uv": [9.5, 6, 10, 6.5], "texture": "#0"},
				"west": {"uv": [6.5, 9.5, 7, 10], "texture": "#0"},
				"up": {"uv": [10, 7, 9.5, 6.5], "texture": "#0"},
				"down": {"uv": [7.5, 9.5, 7, 10], "texture": "#0"}
			}
		},
		{
			"from": [2.4, 2.75, 4],
			"to": [3.4, 3.75, 5],
			"rotation": {"angle": 0, "axis": "y", "origin": [1.4, 2.75, 4]},
			"faces": {
				"north": {"uv": [9.5, 7, 10, 7.5], "texture": "#0"},
				"east": {"uv": [7.5, 9.5, 8, 10], "texture": "#0"},
				"south": {"uv": [9.5, 7.5, 10, 8], "texture": "#0"},
				"west": {"uv": [9.5, 8, 10, 8.5], "texture": "#0"},
				"up": {"uv": [10, 9, 9.5, 8.5], "texture": "#0"},
				"down": {"uv": [9.5, 9.5, 9, 10], "texture": "#0"}
			}
		},
		{
			"from": [5.8, 2, 5],
			"to": [6.8, 3, 6],
			"rotation": {"angle": 0, "axis": "y", "origin": [4.8, 2, 5]},
			"faces": {
				"north": {"uv": [9.5, 9, 10, 9.5], "texture": "#0"},
				"east": {"uv": [9.5, 9.5, 10, 10], "texture": "#0"},
				"south": {"uv": [10, 1, 10.5, 1.5], "texture": "#0"},
				"west": {"uv": [10, 1.5, 10.5, 2], "texture": "#0"},
				"up": {"uv": [10.5, 2.5, 10, 2], "texture": "#0"},
				"down": {"uv": [10.5, 2.5, 10, 3], "texture": "#0"}
			}
		},
		{
			"from": [5.8, 2.75, 4],
			"to": [6.8, 3.75, 5],
			"rotation": {"angle": 0, "axis": "y", "origin": [4.8, 2.75, 4]},
			"faces": {
				"north": {"uv": [10, 3, 10.5, 3.5], "texture": "#0"},
				"east": {"uv": [10, 3.5, 10.5, 4], "texture": "#0"},
				"south": {"uv": [4, 10, 4.5, 10.5], "texture": "#0"},
				"west": {"uv": [10, 4, 10.5, 4.5], "texture": "#0"},
				"up": {"uv": [5, 10.5, 4.5, 10], "texture": "#0"},
				"down": {"uv": [10.5, 4.5, 10, 5], "texture": "#0"}
			}
		}
	],
	"display": {
		"fixed": {
			"translation": [0, 7.75, -0.25],
			"scale": [1.5, 1.5, 1.5]
		}
	}
}