{
	"format_version": "1.21.6",
	"credit": "Made with Blockbench",
	"ambientocclusion": false,
	"textures": {
		"2": "item/flowers/blue",
		"3": "item/flowers/fern5",
		"5": "item/flowers/stone_material",
		"particle": "item/flowers/tulip_potted"
	},
	"elements": [
		{
			"from": [10, 5.8, 1],
			"to": [10, 12.8, 11],
			"rotation": {"angle": -22.5, "axis": "y", "origin": [10, 9.3, 6]},
			"faces": {
				"north": {"uv": [0, 0, 0, 7], "texture": "#2"},
				"east": {"uv": [10, 0, 0, 7], "texture": "#2"},
				"south": {"uv": [0, 0, 0, 7], "texture": "#2"},
				"west": {"uv": [0, 0, 10, 7], "texture": "#2"},
				"up": {"uv": [0, 0, 0, 10], "texture": "#2"},
				"down": {"uv": [0, 0, 0, 10], "texture": "#2"}
			}
		},
		{
			"from": [5, 5.8, 6],
			"to": [15, 12.8, 6],
			"rotation": {"angle": 22.5, "axis": "y", "origin": [10, 9.3, 6]},
			"faces": {
				"north": {"uv": [0, 0, 10, 7], "texture": "#2"},
				"east": {"uv": [0, 0, 0, 7], "texture": "#2"},
				"south": {"uv": [10, 0, 0, 7], "texture": "#2"},
				"west": {"uv": [0, 0, 0, 7], "texture": "#2"},
				"up": {"uv": [0, 0, 0, 10], "rotation": 90, "texture": "#2"},
				"down": {"uv": [0, 0, 0, 10], "rotation": 270, "texture": "#2"}
			}
		},
		{
			"from": [10, 9.8, 1],
			"to": [13, 9.8, 4],
			"rotation": {"angle": 22.5, "axis": "x", "origin": [11.5, 9.8, 2.5]},
			"faces": {
				"north": {"uv": [0, 0, 3, 0], "texture": "#2"},
				"east": {"uv": [0, 0, 3, 0], "texture": "#2"},
				"south": {"uv": [0, 0, 3, 0], "texture": "#2"},
				"west": {"uv": [3, 1, 6, 1], "texture": "#2"},
				"up": {"uv": [11, 0, 14, 3], "texture": "#2"},
				"down": {"uv": [11, 0, 14, 3], "texture": "#2"}
			}
		},
		{
			"from": [10, 6.3, 0.5],
			"to": [13, 9.3, 0.5],
			"rotation": {"angle": 22.5, "axis": "x", "origin": [11.5, 7.8, 0.5]},
			"faces": {
				"north": {"uv": [11, 0, 14, 3], "rotation": 180, "texture": "#2"},
				"east": {"uv": [0, 0, 3, 0], "rotation": 90, "texture": "#2"},
				"south": {"uv": [11, 0, 14, 3], "texture": "#2"},
				"west": {"uv": [3, 1, 6, 1], "rotation": 270, "texture": "#2"},
				"up": {"uv": [0, 0, 3, 0], "texture": "#2"},
				"down": {"uv": [0, 0, 3, 0], "rotation": 180, "texture": "#2"}
			}
		},
		{
			"from": [12, 10.6, 3],
			"to": [15, 10.6, 6],
			"rotation": {"angle": -22.5, "axis": "z", "origin": [11.5, 9.8, 2.5]},
			"faces": {
				"north": {"uv": [0, 0, 3, 0], "texture": "#2"},
				"east": {"uv": [0, 0, 3, 0], "texture": "#2"},
				"south": {"uv": [0, 0, 3, 0], "texture": "#2"},
				"west": {"uv": [3, 1, 6, 1], "texture": "#2"},
				"up": {"uv": [11, 0, 14, 3], "texture": "#2"},
				"down": {"uv": [11, 0, 14, 3], "texture": "#2"}
			}
		},
		{
			"from": [14.5, 5.3, 3],
			"to": [14.5, 8.3, 6],
			"rotation": {"angle": -22.5, "axis": "z", "origin": [13.7, 8.8, 2.5]},
			"faces": {
				"north": {"uv": [0, 0, 3, 0], "rotation": 270, "texture": "#2"},
				"east": {"uv": [11, 0, 14, 3], "rotation": 90, "texture": "#2"},
				"south": {"uv": [0, 0, 3, 0], "rotation": 90, "texture": "#2"},
				"west": {"uv": [11, 0, 14, 3], "rotation": 90, "texture": "#2"},
				"up": {"uv": [3, 1, 6, 1], "rotation": 90, "texture": "#2"},
				"down": {"uv": [0, 0, 3, 0], "rotation": 90, "texture": "#2"}
			}
		},
		{
			"from": [10, 11.8, 8],
			"to": [13, 11.8, 11],
			"rotation": {"angle": -22.5, "axis": "y", "origin": [11.5, 9.8, 2.5]},
			"faces": {
				"north": {"uv": [0, 0, 3, 0], "texture": "#2"},
				"east": {"uv": [0, 0, 3, 0], "texture": "#2"},
				"south": {"uv": [0, 0, 3, 0], "texture": "#2"},
				"west": {"uv": [3, 1, 6, 1], "texture": "#2"},
				"up": {"uv": [11, 0, 14, 3], "texture": "#2"},
				"down": {"uv": [11, 0, 14, 3], "texture": "#2"}
			}
		},
		{
			"from": [8.46927, 13, 4.69552],
			"to": [11.46927, 13, 7.69552],
			"rotation": {"angle": -45, "axis": "x", "origin": [9.96927, 12.8, 6.19552]},
			"faces": {
				"north": {"uv": [0, 0, 3, 0], "texture": "#2"},
				"east": {"uv": [0, 0, 3, 0], "texture": "#2"},
				"south": {"uv": [0, 0, 3, 0], "texture": "#2"},
				"west": {"uv": [3, 1, 6, 1], "texture": "#2"},
				"up": {"uv": [11, 0, 14, 3], "texture": "#2"},
				"down": {"uv": [11, 0, 14, 3], "texture": "#2"}
			}
		},
		{
			"from": [5, 9.3, 6],
			"to": [5, 12.3, 9],
			"rotation": {"angle": -22.5, "axis": "z", "origin": [5.5, 9.8, 8.5]},
			"faces": {
				"north": {"uv": [0, 0, 3, 0], "rotation": 90, "texture": "#2"},
				"east": {"uv": [11, 0, 14, 3], "rotation": 270, "texture": "#2"},
				"south": {"uv": [0, 0, 3, 0], "rotation": 270, "texture": "#2"},
				"west": {"uv": [11, 0, 14, 3], "rotation": 270, "texture": "#2"},
				"up": {"uv": [0, 0, 3, 0], "rotation": 270, "texture": "#2"},
				"down": {"uv": [3, 1, 6, 1], "rotation": 270, "texture": "#2"}
			}
		},
		{
			"from": [3, 6.3, 6],
			"to": [3, 9.3, 9],
			"rotation": {"angle": -22.5, "axis": "z", "origin": [3.5, 6.8, 8.5]},
			"faces": {
				"north": {"uv": [0, 0, 3, 0], "rotation": 90, "texture": "#2"},
				"east": {"uv": [11, 0, 14, 3], "rotation": 270, "texture": "#2"},
				"south": {"uv": [0, 0, 3, 0], "rotation": 270, "texture": "#2"},
				"west": {"uv": [11, 0, 14, 3], "rotation": 270, "texture": "#2"},
				"up": {"uv": [0, 0, 3, 0], "rotation": 270, "texture": "#2"},
				"down": {"uv": [3, 1, 6, 1], "rotation": 270, "texture": "#2"}
			}
		},
		{
			"from": [6.3, 7.9, 2.3],
			"to": [6.3, 10.9, 5.3],
			"rotation": {"angle": 22.5, "axis": "z", "origin": [6.8, 8.4, 4.8]},
			"faces": {
				"north": {"uv": [0, 0, 3, 0], "rotation": 90, "texture": "#2"},
				"east": {"uv": [11, 0, 14, 3], "rotation": 270, "texture": "#2"},
				"south": {"uv": [0, 0, 3, 0], "rotation": 270, "texture": "#2"},
				"west": {"uv": [11, 0, 14, 3], "rotation": 270, "texture": "#2"},
				"up": {"uv": [0, 0, 3, 0], "rotation": 270, "texture": "#2"},
				"down": {"uv": [3, 1, 6, 1], "rotation": 270, "texture": "#2"}
			}
		},
		{
			"from": [4, 11.8, 1],
			"to": [7, 11.8, 4],
			"rotation": {"angle": -22.5, "axis": "y", "origin": [5.5, 9.8, 8.5]},
			"faces": {
				"north": {"uv": [0, 0, 3, 0], "texture": "#2"},
				"east": {"uv": [0, 0, 3, 0], "texture": "#2"},
				"south": {"uv": [0, 0, 3, 0], "texture": "#2"},
				"west": {"uv": [3, 1, 6, 1], "texture": "#2"},
				"up": {"uv": [11, 0, 14, 3], "texture": "#2"},
				"down": {"uv": [11, 0, 14, 3], "texture": "#2"}
			}
		},
		{
			"from": [7, 9.8, 5],
			"to": [10, 9.8, 8],
			"faces": {
				"north": {"uv": [0, 0, 3, 0], "texture": "#2"},
				"east": {"uv": [0, 0, 3, 0], "texture": "#2"},
				"south": {"uv": [0, 0, 3, 0], "texture": "#2"},
				"west": {"uv": [3, 1, 6, 1], "texture": "#2"},
				"up": {"uv": [11, 0, 14, 3], "texture": "#2"},
				"down": {"uv": [11, 0, 14, 3], "texture": "#2"}
			}
		},
		{
			"from": [6, 5.8, -1],
			"to": [6, 12.8, 9],
			"rotation": {"angle": -22.5, "axis": "y", "origin": [6, 9.3, 4]},
			"faces": {
				"north": {"uv": [0, 0, 0, 7], "texture": "#2"},
				"east": {"uv": [10, 0, 0, 7], "texture": "#2"},
				"south": {"uv": [0, 0, 0, 7], "texture": "#2"},
				"west": {"uv": [0, 0, 10, 7], "texture": "#2"},
				"up": {"uv": [0, 0, 0, 10], "texture": "#2"},
				"down": {"uv": [0, 0, 0, 10], "texture": "#2"}
			}
		},
		{
			"from": [6, 9.8, -1],
			"to": [9, 9.8, 2],
			"rotation": {"angle": 22.5, "axis": "y", "origin": [7.5, 9.8, 0.5]},
			"faces": {
				"north": {"uv": [0, 0, 3, 0], "texture": "#2"},
				"east": {"uv": [0, 0, 3, 0], "texture": "#2"},
				"south": {"uv": [0, 0, 3, 0], "texture": "#2"},
				"west": {"uv": [3, 1, 6, 1], "texture": "#2"},
				"up": {"uv": [11, 0, 14, 3], "texture": "#2"},
				"down": {"uv": [11, 0, 14, 3], "texture": "#2"}
			}
		},
		{
			"from": [8, 10.6, 1],
			"to": [11, 10.6, 4],
			"rotation": {"angle": -22.5, "axis": "z", "origin": [7.5, 9.8, 0.5]},
			"faces": {
				"north": {"uv": [0, 0, 3, 0], "texture": "#2"},
				"east": {"uv": [0, 0, 3, 0], "texture": "#2"},
				"south": {"uv": [0, 0, 3, 0], "texture": "#2"},
				"west": {"uv": [3, 1, 6, 1], "texture": "#2"},
				"up": {"uv": [11, 0, 14, 3], "texture": "#2"},
				"down": {"uv": [11, 0, 14, 3], "texture": "#2"}
			}
		},
		{
			"from": [4.46927, 13, 2.69552],
			"to": [7.46927, 13, 5.69552],
			"rotation": {"angle": 22.5, "axis": "x", "origin": [5.96927, 12.8, 4.19552]},
			"faces": {
				"north": {"uv": [0, 0, 3, 0], "texture": "#2"},
				"east": {"uv": [0, 0, 3, 0], "texture": "#2"},
				"south": {"uv": [0, 0, 3, 0], "texture": "#2"},
				"west": {"uv": [3, 1, 6, 1], "texture": "#2"},
				"up": {"uv": [11, 0, 14, 3], "texture": "#2"},
				"down": {"uv": [11, 0, 14, 3], "texture": "#2"}
			}
		},
		{
			"from": [6.66927, 7.9, 10.39552],
			"to": [9.66927, 10.9, 10.39552],
			"rotation": {"angle": 22.5, "axis": "x", "origin": [8.16927, 9.4, 10.19552]},
			"faces": {
				"north": {"uv": [11, 0, 14, 3], "rotation": 180, "texture": "#2"},
				"east": {"uv": [0, 0, 3, 0], "rotation": 270, "texture": "#2"},
				"south": {"uv": [11, 0, 14, 3], "texture": "#2"},
				"west": {"uv": [3, 1, 6, 1], "rotation": 90, "texture": "#2"},
				"up": {"uv": [0, 0, 3, 0], "rotation": 180, "texture": "#2"},
				"down": {"uv": [0, 0, 3, 0], "texture": "#2"}
			}
		},
		{
			"from": [8, 7, -2],
			"to": [16, 7, 11],
			"rotation": {"angle": -22.5, "axis": "z", "origin": [12, 7, 4.5]},
			"faces": {
				"north": {"uv": [0, 0, 8, 0], "texture": "#3"},
				"east": {"uv": [0, 0, 13, 0], "texture": "#3"},
				"south": {"uv": [0, 0, 8, 0], "texture": "#3"},
				"west": {"uv": [0, 0, 13, 0], "texture": "#3"},
				"up": {"uv": [0, 0, 13, 8], "rotation": 270, "texture": "#3"},
				"down": {"uv": [0, 0, 8, 13], "texture": "#3"}
			}
		},
		{
			"from": [0, 7, -2],
			"to": [8, 7, 11],
			"rotation": {"angle": 22.5, "axis": "z", "origin": [4, 7, 4.5]},
			"faces": {
				"north": {"uv": [0, 0, 8, 0], "texture": "#3"},
				"east": {"uv": [0, 0, 13, 0], "texture": "#3"},
				"south": {"uv": [0, 0, 8, 0], "texture": "#3"},
				"west": {"uv": [0, 0, 13, 0], "texture": "#3"},
				"up": {"uv": [0, 0, 13, 8], "rotation": 90, "texture": "#3"},
				"down": {"uv": [0, 0, 8, 13], "texture": "#3"}
			}
		},
		{
			"from": [1.5, 8.53073, 4.19552],
			"to": [14.5, 8.53073, 12.19552],
			"rotation": {"angle": 22.5, "axis": "x", "origin": [8, 7, 4.5]},
			"faces": {
				"north": {"uv": [0, 0, 13, 0], "texture": "#3"},
				"east": {"uv": [0, 0, 8, 0], "texture": "#3"},
				"south": {"uv": [0, 0, 13, 0], "texture": "#3"},
				"west": {"uv": [0, 0, 8, 0], "texture": "#3"},
				"up": {"uv": [0, 0, 13, 8], "texture": "#3"},
				"down": {"uv": [0, 0, 8, 13], "rotation": 270, "texture": "#3"}
			}
		},
		{
			"from": [5, 0, 2],
			"to": [11, 4, 8],
			"faces": {
				"north": {"uv": [5, 12, 11, 16], "texture": "#5"},
				"east": {"uv": [8, 12, 14, 16], "texture": "#5"},
				"south": {"uv": [5, 12, 11, 16], "texture": "#5"},
				"west": {"uv": [2, 12, 8, 16], "texture": "#5"},
				"up": {"uv": [5, 2, 11, 8], "texture": "#5"},
				"down": {"uv": [5, 8, 11, 14], "texture": "#5"}
			}
		},
		{
			"from": [4, 3, 8],
			"to": [12, 7, 9],
			"faces": {
				"north": {"uv": [4, 9, 12, 13], "texture": "#5"},
				"east": {"uv": [7, 9, 8, 13], "texture": "#5"},
				"south": {"uv": [4, 9, 12, 13], "texture": "#5"},
				"west": {"uv": [8, 9, 9, 13], "texture": "#5"},
				"up": {"uv": [4, 8, 12, 9], "texture": "#5"},
				"down": {"uv": [4, 7, 12, 8], "texture": "#5"}
			}
		},
		{
			"from": [4, 3, 2],
			"to": [5, 7, 8],
			"faces": {
				"north": {"uv": [11, 9, 12, 13], "texture": "#5"},
				"east": {"uv": [8, 9, 14, 13], "texture": "#5"},
				"south": {"uv": [4, 9, 5, 13], "texture": "#5"},
				"west": {"uv": [2, 9, 8, 13], "texture": "#5"},
				"up": {"uv": [4, 2, 5, 8], "rotation": 90, "texture": "#5"},
				"down": {"uv": [4, 8, 5, 14], "rotation": 90, "texture": "#5"}
			}
		},
		{
			"from": [5, 4, 2],
			"to": [11, 6, 8],
			"faces": {
				"north": {"uv": [5, 10, 11, 12], "texture": "#5"},
				"east": {"uv": [8, 10, 14, 12], "texture": "#5"},
				"south": {"uv": [5, 10, 11, 12], "texture": "#5"},
				"west": {"uv": [2, 10, 8, 12], "texture": "#5"},
				"up": {"uv": [5, 2, 11, 8], "texture": "#5"},
				"down": {"uv": [5, 8, 11, 14], "texture": "#5"}
			}
		},
		{
			"from": [4, 3, 1],
			"to": [12, 7, 2],
			"faces": {
				"north": {"uv": [4, 9, 12, 13], "texture": "#5"},
				"east": {"uv": [14, 9, 15, 13], "texture": "#5"},
				"south": {"uv": [4, 9, 12, 13], "texture": "#5"},
				"west": {"uv": [1, 9, 2, 13], "texture": "#5"},
				"up": {"uv": [4, 1, 12, 2], "texture": "#5"},
				"down": {"uv": [4, 14, 12, 15], "texture": "#5"}
			}
		},
		{
			"from": [11, 3, 2],
			"to": [12, 7, 8],
			"faces": {
				"north": {"uv": [4, 9, 5, 13], "texture": "#5"},
				"east": {"uv": [8, 9, 14, 13], "texture": "#5"},
				"south": {"uv": [11, 9, 12, 13], "texture": "#5"},
				"west": {"uv": [2, 9, 8, 13], "texture": "#5"},
				"up": {"uv": [11, 2, 12, 8], "rotation": 90, "texture": "#5"},
				"down": {"uv": [11, 8, 12, 14], "rotation": 90, "texture": "#5"}
			}
		}
	],
	"display": {
		"thirdperson_righthand": {
			"rotation": [30, 45, 0],
			"translation": [1.5, 0, 0],
			"scale": [0.8, 0.8, 0.8]
		},
		"thirdperson_lefthand": {
			"rotation": [75, 45, 0],
			"translation": [0, 2.5, 0],
			"scale": [0.375, 0.375, 0.375]
		},
		"firstperson_righthand": {
			"rotation": [0, 45, 0],
			"scale": [0.4, 0.4, 0.4]
		},
		"firstperson_lefthand": {
			"rotation": [0, -135, 0],
			"scale": [0.4, 0.4, 0.4]
		},
		"ground": {
			"translation": [0, 3, 0],
			"scale": [0.25, 0.25, 0.25]
		},
		"gui": {
			"rotation": [30, 45, 0],
			"translation": [1.5, 0, 0],
			"scale": [0.8, 0.8, 0.8]
		},
		"fixed": {
			"rotation": [-90, 0, 0],
			"translation": [0, 5.75, -13],
			"scale": [1.6, 1.6, 1.6]
		}
	},
	"groups": [
		{
			"name": "group",
			"origin": [3.5, 4, 10.5],
			"color": 0,
			"children": [
				0,
				1,
				2,
				3,
				4,
				5,
				6,
				7,
				8,
				9,
				10,
				11,
				{
					"name": "group",
					"origin": [3.5, 4, 10.5],
					"color": 0,
					"children": [12, 13, 14, 15, 16, 17]
				}
			]
		},
		18,
		19,
		20,
		{
			"name": "group",
			"origin": [19, 11, 13],
			"color": 0,
			"children": [21, 22, 23, 24, 25, 26]
		}
	]
}