{
	"textures": {
		"0": "animated_java:blueprint/pomidor/korob",
		"particle": "minecraft:item/pufferfish"
	},
	"display": {
		"head": {
			"rotation": [0, 180, 0]
		}
	},
	"elements": [
		{
			"from": [-0.019, -1.51663, 10.98207],
			"to": [16.019, 15.01663, 12.0095],
			"rotation": {
				"angle": 0,
				"axis": "y",
				"origin": [8, 8, 8]
			},
			"faces": {
				"north": {
					"uv": [0, 0, 4, 3.5],
					"texture": "#0"
				},
				"east": {
					"uv": [6, 11.25, 6.25, 14.75],
					"texture": "#0"
				},
				"south": {
					"uv": [0, 3.5, 4, 7],
					"texture": "#0"
				},
				"west": {
					"uv": [6.25, 11.25, 6.5, 14.75],
					"texture": "#0"
				},
				"up": {
					"uv": [14.5, 11.25, 10.5, 11],
					"texture": "#0"
				},
				"down": {
					"uv": [4, 11.25, 0, 11.5],
					"texture": "#0"
				}
			}
		},
		{
			"from": [-0.019, -1.51663, 3.01318],
			"to": [0.98337, 15.01663, 11.03218],
			"rotation": {
				"angle": 0,
				"axis": "y",
				"origin": [8, 0.98337, 7.02268]
			},
			"faces": {
				"north": {
					"uv": [6.5, 11.25, 6.75, 14.75],
					"texture": "#0"
				},
				"east": {
					"uv": [0, 7, 2, 10.5],
					"texture": "#0"
				},
				"south": {
					"uv": [6.75, 11.25, 7, 14.75],
					"texture": "#0"
				},
				"west": {
					"uv": [2, 7, 4, 10.5],
					"texture": "#0"
				},
				"up": {
					"uv": [3.75, 13.5, 3.5, 11.5],
					"texture": "#0"
				},
				"down": {
					"uv": [4, 11.5, 3.75, 13.5],
					"texture": "#0"
				}
			}
		},
		{
			"from": [0.00606, -2.519, -2.02375],
			"to": [0.95832, 14.01425, 5.99525],
			"rotation": {
				"angle": -22.5,
				"axis": "x",
				"origin": [8, 6.99762, 1.98575]
			},
			"faces": {
				"north": {
					"uv": [7, 11.25, 7.25, 14.75],
					"texture": "#0"
				},
				"east": {
					"uv": [4, 7, 6, 10.5],
					"texture": "#0"
				},
				"south": {
					"uv": [7.25, 11.25, 7.5, 14.75],
					"texture": "#0"
				},
				"west": {
					"uv": [6, 7, 8, 10.5],
					"texture": "#0"
				},
				"up": {
					"uv": [10.75, 13.5, 10.5, 11.5],
					"texture": "#0"
				},
				"down": {
					"uv": [11, 11.5, 10.75, 13.5],
					"texture": "#0"
				}
			}
		},
		{
			"from": [0.98337, -2.519, -2.02375],
			"to": [15.01663, 14.01425, -1.04643],
			"rotation": {
				"angle": -22.5,
				"axis": "x",
				"origin": [8, 6.99762, 1.98575]
			},
			"faces": {
				"north": {
					"uv": [4, 0, 7.5, 3.5],
					"texture": "#0"
				},
				"east": {
					"uv": [7.5, 11.25, 7.75, 14.75],
					"texture": "#0"
				},
				"south": {
					"uv": [4, 3.5, 7.5, 7],
					"texture": "#0"
				},
				"west": {
					"uv": [7.75, 11.25, 8, 14.75],
					"texture": "#0"
				},
				"up": {
					"uv": [14, 11.5, 10.5, 11.25],
					"texture": "#0"
				},
				"down": {
					"uv": [3.5, 11.5, 0, 11.75],
					"texture": "#0"
				}
			}
		},
		{
			"from": [0.98337, -1.51663, 7.02268],
			"to": [15.01663, 4.74228, 11.03218],
			"rotation": {
				"angle": 0,
				"axis": "y",
				"origin": [8, 0.98337, 7.02268]
			},
			"faces": {
				"north": {
					"uv": [10, 7, 13.5, 8],
					"texture": "#0"
				},
				"east": {
					"uv": [4, 11.25, 5, 12.25],
					"texture": "#0"
				},
				"south": {
					"uv": [10, 8, 13.5, 9],
					"texture": "#0"
				},
				"west": {
					"uv": [5, 11.25, 6, 12.25],
					"texture": "#0"
				},
				"up": {
					"uv": [13.5, 10, 10, 9],
					"texture": "#0"
				},
				"down": {
					"uv": [13.5, 10, 10, 11],
					"texture": "#0"
				}
			}
		},
		{
			"from": [15.04168, -2.519, -2.02375],
			"to": [15.99394, 14.01425, 5.99525],
			"rotation": {
				"angle": -22.5,
				"axis": "x",
				"origin": [8, 6.99762, 1.98575]
			},
			"faces": {
				"north": {
					"uv": [8, 11.25, 8.25, 14.75],
					"texture": "#0"
				},
				"east": {
					"uv": [7.5, 0, 9.5, 3.5],
					"texture": "#0"
				},
				"south": {
					"uv": [8.25, 11.25, 8.5, 14.75],
					"texture": "#0"
				},
				"west": {
					"uv": [7.5, 3.5, 9.5, 7],
					"texture": "#0"
				},
				"up": {
					"uv": [11.25, 13.5, 11, 11.5],
					"texture": "#0"
				},
				"down": {
					"uv": [11.5, 11.5, 11.25, 13.5],
					"texture": "#0"
				}
			}
		},
		{
			"from": [15.01663, -1.51663, 3.01318],
			"to": [16.019, 15.01663, 11.03218],
			"rotation": {
				"angle": 0,
				"axis": "y",
				"origin": [8, 0.98337, 7.02268]
			},
			"faces": {
				"north": {
					"uv": [8.5, 11.25, 8.75, 14.75],
					"texture": "#0"
				},
				"east": {
					"uv": [8, 7, 10, 10.5],
					"texture": "#0"
				},
				"south": {
					"uv": [11.5, 0, 11.75, 3.5],
					"texture": "#0"
				},
				"west": {
					"uv": [9.5, 0, 11.5, 3.5],
					"texture": "#0"
				},
				"up": {
					"uv": [11.75, 13.5, 11.5, 11.5],
					"texture": "#0"
				},
				"down": {
					"uv": [0.25, 11.75, 0, 13.75],
					"texture": "#0"
				}
			}
		},
		{
			"from": [0.98337, -2.519, -1.04643],
			"to": [15.01663, 2.98813, 5.99525],
			"rotation": {
				"angle": -22.5,
				"axis": "x",
				"origin": [8, 6.99762, 1.98575]
			},
			"faces": {
				"north": {
					"uv": [0, 10.5, 3.5, 11.25],
					"texture": "#0"
				},
				"east": {
					"uv": [7, 10.5, 8.75, 11.25],
					"texture": "#0"
				},
				"south": {
					"uv": [3.5, 10.5, 7, 11.25],
					"texture": "#0"
				},
				"west": {
					"uv": [8.75, 11, 10.5, 11.75],
					"texture": "#0"
				},
				"up": {
					"uv": [13, 5.25, 9.5, 3.5],
					"texture": "#0"
				},
				"down": {
					"uv": [13, 5.25, 9.5, 7],
					"texture": "#0"
				}
			}
		}
	]
}