{
	"textures": {
		"1": "animated_java:blueprint/pomidor/pomidor",
		"particle": "minecraft:item/pufferfish"
	},
	"display": {
		"head": {
			"rotation": [0, 180, 0]
		}
	},
	"elements": [
		{
			"from": [-0.75, 8, 0.65625],
			"to": [16.75, 10.75, 9.25],
			"rotation": {
				"angle": 0,
				"axis": "y",
				"origin": [8, 8, 8]
			},
			"faces": {
				"north": {
					"uv": [0, 9.125, 14, 16],
					"texture": "#1"
				},
				"east": {
					"uv": [0, 9.125, 14, 16],
					"texture": "#1"
				},
				"south": {
					"uv": [0, 9.125, 14, 16],
					"texture": "#1"
				},
				"west": {
					"uv": [0, 9.125, 14, 16],
					"texture": "#1"
				},
				"up": {
					"uv": [0, 9.125, 14, 16],
					"texture": "#1"
				},
				"down": {
					"uv": [0, 9.125, 14, 16],
					"texture": "#1"
				}
			}
		},
		{
			"from": [-0.75, 6.46875, -8.425],
			"to": [16.75, 8.96875, 1.75],
			"rotation": {
				"angle": -22.5,
				"axis": "x",
				"origin": [8, 7.71875, -3.25]
			},
			"faces": {
				"north": {
					"uv": [0, 8, 14, 16],
					"texture": "#1"
				},
				"east": {
					"uv": [0, 8, 14, 16],
					"texture": "#1"
				},
				"south": {
					"uv": [0, 8, 14, 16],
					"texture": "#1"
				},
				"west": {
					"uv": [0, 8, 14, 16],
					"texture": "#1"
				},
				"up": {
					"uv": [0, 8, 14, 16],
					"texture": "#1"
				},
				"down": {
					"uv": [0, 8, 14, 16],
					"texture": "#1"
				}
			}
		}
	]
}