{
	"textures": {
		"1": "animated_java:blueprint/pomidor/pomidor",
		"particle": "minecraft:item/pufferfish"
	},
	"display": {
		"head": {
			"rotation": [0, 180, 0]
		}
	},
	"elements": [
		{
			"from": [5.8272, 5.72795, 11.02456],
			"to": [8.83433, 7.7327, 14.03168],
			"rotation": {
				"angle": 0,
				"axis": "y",
				"origin": [7.33077, 5.72795, 12.52812]
			},
			"faces": {
				"north": {
					"uv": [4, 6, 7, 8],
					"texture": "#1"
				},
				"east": {
					"uv": [7, 0, 10, 2],
					"texture": "#1"
				},
				"south": {
					"uv": [7, 2, 10, 4],
					"texture": "#1"
				},
				"west": {
					"uv": [7, 4, 10, 6],
					"texture": "#1"
				},
				"up": {
					"uv": [3, 3, 0, 0],
					"texture": "#1"
				},
				"down": {
					"uv": [3, 3, 0, 6],
					"texture": "#1"
				}
			}
		},
		{
			"from": [4.95013, 7.63247, 8.34321],
			"to": [8.95963, 9.63722, 8.34321],
			"rotation": {
				"angle": -22.5,
				"axis": "y",
				"origin": [6.95488, 8.63484, 9.34558]
			},
			"faces": {
				"north": {
					"uv": [3, 4, 7, 6],
					"texture": "#1"
				},
				"east": {
					"uv": [0, 0, 0, 2],
					"texture": "#1"
				},
				"south": {
					"uv": [0, 6, 4, 8],
					"texture": "#1"
				},
				"west": {
					"uv": [0, 0, 0, 2],
					"texture": "#1"
				},
				"up": {
					"uv": [4, 0, 0, 0],
					"texture": "#1"
				},
				"down": {
					"uv": [4, 0, 0, 0],
					"texture": "#1"
				}
			}
		},
		{
			"from": [6.95488, 7.63247, 6.33846],
			"to": [6.95488, 9.63722, 10.34796],
			"rotation": {
				"angle": -22.5,
				"axis": "y",
				"origin": [7.95725, 7.63247, 8.34321]
			},
			"faces": {
				"north": {
					"uv": [0, 0, 0, 2],
					"texture": "#1"
				},
				"east": {
					"uv": [3, 0, 7, 2],
					"texture": "#1"
				},
				"south": {
					"uv": [0, 0, 0, 2],
					"texture": "#1"
				},
				"west": {
					"uv": [3, 2, 7, 4],
					"texture": "#1"
				},
				"up": {
					"uv": [0, 4, 0, 0],
					"texture": "#1"
				},
				"down": {
					"uv": [0, 0, 0, 4],
					"texture": "#1"
				}
			}
		},
		{
			"from": [5.45131, 5.72795, 6.83964],
			"to": [8.45844, 7.7327, 9.84677],
			"rotation": {
				"angle": -22.5,
				"axis": "y",
				"origin": [6.95488, 5.72795, 8.34321]
			},
			"faces": {
				"north": {
					"uv": [4, 6, 7, 8],
					"texture": "#1"
				},
				"east": {
					"uv": [7, 0, 10, 2],
					"texture": "#1"
				},
				"south": {
					"uv": [7, 2, 10, 4],
					"texture": "#1"
				},
				"west": {
					"uv": [7, 4, 10, 6],
					"texture": "#1"
				},
				"up": {
					"uv": [3, 3, 0, 0],
					"texture": "#1"
				},
				"down": {
					"uv": [3, 3, 0, 6],
					"texture": "#1"
				}
			}
		},
		{
			"from": [12.01687, 7.63247, 6.88976],
			"to": [16.02637, 9.63722, 6.88976],
			"rotation": {
				"angle": 0,
				"axis": "y",
				"origin": [14.02162, 8.63484, 7.89214]
			},
			"faces": {
				"north": {
					"uv": [3, 4, 7, 6],
					"texture": "#1"
				},
				"east": {
					"uv": [0, 0, 0, 2],
					"texture": "#1"
				},
				"south": {
					"uv": [0, 6, 4, 8],
					"texture": "#1"
				},
				"west": {
					"uv": [0, 0, 0, 2],
					"texture": "#1"
				},
				"up": {
					"uv": [4, 0, 0, 0],
					"texture": "#1"
				},
				"down": {
					"uv": [4, 0, 0, 0],
					"texture": "#1"
				}
			}
		},
		{
			"from": [14.02162, 7.63247, 4.88501],
			"to": [14.02162, 9.63722, 8.89451],
			"rotation": {
				"angle": 0,
				"axis": "y",
				"origin": [15.02399, 7.63247, 6.88976]
			},
			"faces": {
				"north": {
					"uv": [0, 0, 0, 2],
					"texture": "#1"
				},
				"east": {
					"uv": [3, 0, 7, 2],
					"texture": "#1"
				},
				"south": {
					"uv": [0, 0, 0, 2],
					"texture": "#1"
				},
				"west": {
					"uv": [3, 2, 7, 4],
					"texture": "#1"
				},
				"up": {
					"uv": [0, 4, 0, 0],
					"texture": "#1"
				},
				"down": {
					"uv": [0, 0, 0, 4],
					"texture": "#1"
				}
			}
		},
		{
			"from": [12.51806, 5.72795, 5.3862],
			"to": [15.52518, 7.7327, 8.39332],
			"rotation": {
				"angle": 0,
				"axis": "y",
				"origin": [14.02162, 5.72795, 6.88976]
			},
			"faces": {
				"north": {
					"uv": [4, 6, 7, 8],
					"texture": "#1"
				},
				"east": {
					"uv": [7, 0, 10, 2],
					"texture": "#1"
				},
				"south": {
					"uv": [7, 2, 10, 4],
					"texture": "#1"
				},
				"west": {
					"uv": [7, 4, 10, 6],
					"texture": "#1"
				},
				"up": {
					"uv": [3, 3, 0, 0],
					"texture": "#1"
				},
				"down": {
					"uv": [3, 3, 0, 6],
					"texture": "#1"
				}
			}
		},
		{
			"from": [10.01212, 7.63247, 1.87789],
			"to": [10.01212, 9.63722, 5.88739],
			"rotation": {
				"angle": 0,
				"axis": "y",
				"origin": [11.01449, 7.63247, 3.88264]
			},
			"faces": {
				"north": {
					"uv": [0, 0, 0, 2],
					"texture": "#1"
				},
				"east": {
					"uv": [3, 0, 7, 2],
					"texture": "#1"
				},
				"south": {
					"uv": [0, 0, 0, 2],
					"texture": "#1"
				},
				"west": {
					"uv": [3, 2, 7, 4],
					"texture": "#1"
				},
				"up": {
					"uv": [0, 4, 0, 0],
					"texture": "#1"
				},
				"down": {
					"uv": [0, 0, 0, 4],
					"texture": "#1"
				}
			}
		},
		{
			"from": [8.00737, 7.63247, 3.88264],
			"to": [12.01687, 9.63722, 3.88264],
			"rotation": {
				"angle": 0,
				"axis": "y",
				"origin": [10.01212, 8.63484, 4.88501]
			},
			"faces": {
				"north": {
					"uv": [3, 4, 7, 6],
					"texture": "#1"
				},
				"east": {
					"uv": [0, 0, 0, 2],
					"texture": "#1"
				},
				"south": {
					"uv": [0, 6, 4, 8],
					"texture": "#1"
				},
				"west": {
					"uv": [0, 0, 0, 2],
					"texture": "#1"
				},
				"up": {
					"uv": [4, 0, 0, 0],
					"texture": "#1"
				},
				"down": {
					"uv": [4, 0, 0, 0],
					"texture": "#1"
				}
			}
		},
		{
			"from": [8.50856, 5.72795, 2.37907],
			"to": [11.51568, 7.7327, 5.3862],
			"rotation": {
				"angle": 0,
				"axis": "y",
				"origin": [10.01212, 5.72795, 3.88264]
			},
			"faces": {
				"north": {
					"uv": [4, 6, 7, 8],
					"texture": "#1"
				},
				"east": {
					"uv": [7, 0, 10, 2],
					"texture": "#1"
				},
				"south": {
					"uv": [7, 2, 10, 4],
					"texture": "#1"
				},
				"west": {
					"uv": [7, 4, 10, 6],
					"texture": "#1"
				},
				"up": {
					"uv": [3, 3, 0, 0],
					"texture": "#1"
				},
				"down": {
					"uv": [3, 3, 0, 6],
					"texture": "#1"
				}
			}
		},
		{
			"from": [7.33077, 7.63247, 10.52337],
			"to": [7.33077, 9.63722, 14.53287],
			"rotation": {
				"angle": 0,
				"axis": "y",
				"origin": [8.33314, 7.63247, 12.52812]
			},
			"faces": {
				"north": {
					"uv": [0, 0, 0, 2],
					"texture": "#1"
				},
				"east": {
					"uv": [3, 0, 7, 2],
					"texture": "#1"
				},
				"south": {
					"uv": [0, 0, 0, 2],
					"texture": "#1"
				},
				"west": {
					"uv": [3, 2, 7, 4],
					"texture": "#1"
				},
				"up": {
					"uv": [0, 4, 0, 0],
					"texture": "#1"
				},
				"down": {
					"uv": [0, 0, 0, 4],
					"texture": "#1"
				}
			}
		},
		{
			"from": [5.32602, 7.63247, 12.52812],
			"to": [9.33552, 9.63722, 12.52812],
			"rotation": {
				"angle": 0,
				"axis": "y",
				"origin": [7.33077, 8.63484, 13.5305]
			},
			"faces": {
				"north": {
					"uv": [3, 4, 7, 6],
					"texture": "#1"
				},
				"east": {
					"uv": [0, 0, 0, 2],
					"texture": "#1"
				},
				"south": {
					"uv": [0, 6, 4, 8],
					"texture": "#1"
				},
				"west": {
					"uv": [0, 0, 0, 2],
					"texture": "#1"
				},
				"up": {
					"uv": [4, 0, 0, 0],
					"texture": "#1"
				},
				"down": {
					"uv": [4, 0, 0, 0],
					"texture": "#1"
				}
			}
		}
	]
}