{
	"textures": {
		"1": "animated_java:blueprint/pomidor/pomidor",
		"particle": "minecraft:item/pufferfish"
	},
	"display": {
		"head": {
			"rotation": [0, 180, 0]
		}
	},
	"elements": [
		{
			"from": [6.125, 8, 6.125],
			"to": [9.875, 10.5, 9.875],
			"rotation": {
				"angle": 0,
				"axis": "y",
				"origin": [8, 8, 8]
			},
			"faces": {
				"north": {
					"uv": [4, 6, 7, 8],
					"texture": "#1"
				},
				"east": {
					"uv": [7, 0, 10, 2],
					"texture": "#1"
				},
				"south": {
					"uv": [7, 2, 10, 4],
					"texture": "#1"
				},
				"west": {
					"uv": [7, 4, 10, 6],
					"texture": "#1"
				},
				"up": {
					"uv": [3, 3, 0, 0],
					"texture": "#1"
				},
				"down": {
					"uv": [3, 3, 0, 6],
					"texture": "#1"
				}
			}
		},
		{
			"from": [8, 10.375, 5.5],
			"to": [8, 12.875, 10.5],
			"rotation": {
				"angle": 0,
				"axis": "y",
				"origin": [9.25, 10.375, 8]
			},
			"faces": {
				"north": {
					"uv": [0, 0, 0, 2],
					"texture": "#1"
				},
				"east": {
					"uv": [3, 0, 7, 2],
					"texture": "#1"
				},
				"south": {
					"uv": [0, 0, 0, 2],
					"texture": "#1"
				},
				"west": {
					"uv": [3, 2, 7, 4],
					"texture": "#1"
				},
				"up": {
					"uv": [0, 4, 0, 0],
					"texture": "#1"
				},
				"down": {
					"uv": [0, 0, 0, 4],
					"texture": "#1"
				}
			}
		},
		{
			"from": [5.5, 10.375, 8],
			"to": [10.5, 12.875, 8],
			"rotation": {
				"angle": 0,
				"axis": "y",
				"origin": [8, 11.625, 9.25]
			},
			"faces": {
				"north": {
					"uv": [3, 4, 7, 6],
					"texture": "#1"
				},
				"east": {
					"uv": [0, 0, 0, 2],
					"texture": "#1"
				},
				"south": {
					"uv": [0, 6, 4, 8],
					"texture": "#1"
				},
				"west": {
					"uv": [0, 0, 0, 2],
					"texture": "#1"
				},
				"up": {
					"uv": [4, 0, 0, 0],
					"texture": "#1"
				},
				"down": {
					"uv": [4, 0, 0, 0],
					"texture": "#1"
				}
			}
		}
	]
}