{
	"textures": {
		"1": "animated_java:blueprint/pomidor/pomidor",
		"particle": "minecraft:item/pufferfish"
	},
	"display": {
		"head": {
			"rotation": [0, 180, 0]
		}
	},
	"elements": [
		{
			"from": [-2.5625, 8, 1.125],
			"to": [1.1875, 10.5, 4.875],
			"rotation": {
				"angle": 0,
				"axis": "y",
				"origin": [-0.6875, 8, 3]
			},
			"faces": {
				"north": {
					"uv": [4, 6, 7, 8],
					"texture": "#1"
				},
				"east": {
					"uv": [7, 0, 10, 2],
					"texture": "#1"
				},
				"south": {
					"uv": [7, 2, 10, 4],
					"texture": "#1"
				},
				"west": {
					"uv": [7, 4, 10, 6],
					"texture": "#1"
				},
				"up": {
					"uv": [3, 3, 0, 0],
					"texture": "#1"
				},
				"down": {
					"uv": [3, 3, 0, 6],
					"texture": "#1"
				}
			}
		},
		{
			"from": [1.28125, 10.375, 3.71875],
			"to": [6.28125, 12.875, 3.71875],
			"rotation": {
				"angle": -22.5,
				"axis": "y",
				"origin": [3.78125, 11.625, 4.96875]
			},
			"faces": {
				"north": {
					"uv": [3, 4, 7, 6],
					"texture": "#1"
				},
				"east": {
					"uv": [0, 0, 0, 2],
					"texture": "#1"
				},
				"south": {
					"uv": [0, 6, 4, 8],
					"texture": "#1"
				},
				"west": {
					"uv": [0, 0, 0, 2],
					"texture": "#1"
				},
				"up": {
					"uv": [4, 0, 0, 0],
					"texture": "#1"
				},
				"down": {
					"uv": [4, 0, 0, 0],
					"texture": "#1"
				}
			}
		},
		{
			"from": [3.78125, 10.375, 1.21875],
			"to": [3.78125, 12.875, 6.21875],
			"rotation": {
				"angle": -22.5,
				"axis": "y",
				"origin": [5.03125, 10.375, 3.71875]
			},
			"faces": {
				"north": {
					"uv": [0, 0, 0, 2],
					"texture": "#1"
				},
				"east": {
					"uv": [3, 0, 7, 2],
					"texture": "#1"
				},
				"south": {
					"uv": [0, 0, 0, 2],
					"texture": "#1"
				},
				"west": {
					"uv": [3, 2, 7, 4],
					"texture": "#1"
				},
				"up": {
					"uv": [0, 4, 0, 0],
					"texture": "#1"
				},
				"down": {
					"uv": [0, 0, 0, 4],
					"texture": "#1"
				}
			}
		},
		{
			"from": [1.90625, 8, 1.84375],
			"to": [5.65625, 10.5, 5.59375],
			"rotation": {
				"angle": -22.5,
				"axis": "y",
				"origin": [3.78125, 8, 3.71875]
			},
			"faces": {
				"north": {
					"uv": [4, 6, 7, 8],
					"texture": "#1"
				},
				"east": {
					"uv": [7, 0, 10, 2],
					"texture": "#1"
				},
				"south": {
					"uv": [7, 2, 10, 4],
					"texture": "#1"
				},
				"west": {
					"uv": [7, 4, 10, 6],
					"texture": "#1"
				},
				"up": {
					"uv": [3, 3, 0, 0],
					"texture": "#1"
				},
				"down": {
					"uv": [3, 3, 0, 6],
					"texture": "#1"
				}
			}
		},
		{
			"from": [9.46875, 10.375, 3.28125],
			"to": [14.46875, 12.875, 3.28125],
			"rotation": {
				"angle": 0,
				"axis": "y",
				"origin": [11.96875, 11.625, 4.53125]
			},
			"faces": {
				"north": {
					"uv": [3, 4, 7, 6],
					"texture": "#1"
				},
				"east": {
					"uv": [0, 0, 0, 2],
					"texture": "#1"
				},
				"south": {
					"uv": [0, 6, 4, 8],
					"texture": "#1"
				},
				"west": {
					"uv": [0, 0, 0, 2],
					"texture": "#1"
				},
				"up": {
					"uv": [4, 0, 0, 0],
					"texture": "#1"
				},
				"down": {
					"uv": [4, 0, 0, 0],
					"texture": "#1"
				}
			}
		},
		{
			"from": [11.96875, 10.375, 0.78125],
			"to": [11.96875, 12.875, 5.78125],
			"rotation": {
				"angle": 0,
				"axis": "y",
				"origin": [13.21875, 10.375, 3.28125]
			},
			"faces": {
				"north": {
					"uv": [0, 0, 0, 2],
					"texture": "#1"
				},
				"east": {
					"uv": [3, 0, 7, 2],
					"texture": "#1"
				},
				"south": {
					"uv": [0, 0, 0, 2],
					"texture": "#1"
				},
				"west": {
					"uv": [3, 2, 7, 4],
					"texture": "#1"
				},
				"up": {
					"uv": [0, 4, 0, 0],
					"texture": "#1"
				},
				"down": {
					"uv": [0, 0, 0, 4],
					"texture": "#1"
				}
			}
		},
		{
			"from": [10.09375, 8, 1.40625],
			"to": [13.84375, 10.5, 5.15625],
			"rotation": {
				"angle": 0,
				"axis": "y",
				"origin": [11.96875, 8, 3.28125]
			},
			"faces": {
				"north": {
					"uv": [4, 6, 7, 8],
					"texture": "#1"
				},
				"east": {
					"uv": [7, 0, 10, 2],
					"texture": "#1"
				},
				"south": {
					"uv": [7, 2, 10, 4],
					"texture": "#1"
				},
				"west": {
					"uv": [7, 4, 10, 6],
					"texture": "#1"
				},
				"up": {
					"uv": [3, 3, 0, 0],
					"texture": "#1"
				},
				"down": {
					"uv": [3, 3, 0, 6],
					"texture": "#1"
				}
			}
		},
		{
			"from": [-0.6875, 10.375, 0.5],
			"to": [-0.6875, 12.875, 5.5],
			"rotation": {
				"angle": 0,
				"axis": "y",
				"origin": [0.5625, 10.375, 3]
			},
			"faces": {
				"north": {
					"uv": [0, 0, 0, 2],
					"texture": "#1"
				},
				"east": {
					"uv": [3, 0, 7, 2],
					"texture": "#1"
				},
				"south": {
					"uv": [0, 0, 0, 2],
					"texture": "#1"
				},
				"west": {
					"uv": [3, 2, 7, 4],
					"texture": "#1"
				},
				"up": {
					"uv": [0, 4, 0, 0],
					"texture": "#1"
				},
				"down": {
					"uv": [0, 0, 0, 4],
					"texture": "#1"
				}
			}
		},
		{
			"from": [-3.1875, 10.375, 3],
			"to": [1.8125, 12.875, 3],
			"rotation": {
				"angle": 0,
				"axis": "y",
				"origin": [-0.6875, 11.625, 4.25]
			},
			"faces": {
				"north": {
					"uv": [3, 4, 7, 6],
					"texture": "#1"
				},
				"east": {
					"uv": [0, 0, 0, 2],
					"texture": "#1"
				},
				"south": {
					"uv": [0, 6, 4, 8],
					"texture": "#1"
				},
				"west": {
					"uv": [0, 0, 0, 2],
					"texture": "#1"
				},
				"up": {
					"uv": [4, 0, 0, 0],
					"texture": "#1"
				},
				"down": {
					"uv": [4, 0, 0, 0],
					"texture": "#1"
				}
			}
		}
	]
}