{
	"textures": {
		"1": "animated_java:blueprint/pomidor/pomidor",
		"particle": "minecraft:item/pufferfish"
	},
	"display": {
		"head": {
			"rotation": [0, 180, 0]
		}
	},
	"elements": [
		{
			"from": [-0.47007, 8, 2.48694],
			"to": [2.53706, 10.00475, 5.49406],
			"rotation": {
				"angle": 0,
				"axis": "y",
				"origin": [1.03349, 8, 3.9905]
			},
			"faces": {
				"north": {
					"uv": [4, 6, 7, 8],
					"texture": "#1"
				},
				"east": {
					"uv": [7, 0, 10, 2],
					"texture": "#1"
				},
				"south": {
					"uv": [7, 2, 10, 4],
					"texture": "#1"
				},
				"west": {
					"uv": [7, 4, 10, 6],
					"texture": "#1"
				},
				"up": {
					"uv": [3, 3, 0, 0],
					"texture": "#1"
				},
				"down": {
					"uv": [3, 3, 0, 6],
					"texture": "#1"
				}
			}
		},
		{
			"from": [2.61223, 9.90451, 4.56687],
			"to": [6.62173, 11.90926, 4.56687],
			"rotation": {
				"angle": -22.5,
				"axis": "y",
				"origin": [4.61698, 10.90689, 5.56924]
			},
			"faces": {
				"north": {
					"uv": [3, 4, 7, 6],
					"texture": "#1"
				},
				"east": {
					"uv": [0, 0, 0, 2],
					"texture": "#1"
				},
				"south": {
					"uv": [0, 6, 4, 8],
					"texture": "#1"
				},
				"west": {
					"uv": [0, 0, 0, 2],
					"texture": "#1"
				},
				"up": {
					"uv": [4, 0, 0, 0],
					"texture": "#1"
				},
				"down": {
					"uv": [4, 0, 0, 0],
					"texture": "#1"
				}
			}
		},
		{
			"from": [4.61698, 9.90451, 2.56212],
			"to": [4.61698, 11.90926, 6.57162],
			"rotation": {
				"angle": -22.5,
				"axis": "y",
				"origin": [5.61936, 9.90451, 4.56687]
			},
			"faces": {
				"north": {
					"uv": [0, 0, 0, 2],
					"texture": "#1"
				},
				"east": {
					"uv": [3, 0, 7, 2],
					"texture": "#1"
				},
				"south": {
					"uv": [0, 0, 0, 2],
					"texture": "#1"
				},
				"west": {
					"uv": [3, 2, 7, 4],
					"texture": "#1"
				},
				"up": {
					"uv": [0, 4, 0, 0],
					"texture": "#1"
				},
				"down": {
					"uv": [0, 0, 0, 4],
					"texture": "#1"
				}
			}
		},
		{
			"from": [3.11342, 8, 3.0633],
			"to": [6.12055, 10.00475, 6.07043],
			"rotation": {
				"angle": -22.5,
				"axis": "y",
				"origin": [4.61698, 8, 4.56687]
			},
			"faces": {
				"north": {
					"uv": [4, 6, 7, 8],
					"texture": "#1"
				},
				"east": {
					"uv": [7, 0, 10, 2],
					"texture": "#1"
				},
				"south": {
					"uv": [7, 2, 10, 4],
					"texture": "#1"
				},
				"west": {
					"uv": [7, 4, 10, 6],
					"texture": "#1"
				},
				"up": {
					"uv": [3, 3, 0, 0],
					"texture": "#1"
				},
				"down": {
					"uv": [3, 3, 0, 6],
					"texture": "#1"
				}
			}
		},
		{
			"from": [9.17779, 9.90451, 4.21603],
			"to": [13.18729, 11.90926, 4.21603],
			"rotation": {
				"angle": 0,
				"axis": "y",
				"origin": [11.18254, 10.90689, 5.21841]
			},
			"faces": {
				"north": {
					"uv": [3, 4, 7, 6],
					"texture": "#1"
				},
				"east": {
					"uv": [0, 0, 0, 2],
					"texture": "#1"
				},
				"south": {
					"uv": [0, 6, 4, 8],
					"texture": "#1"
				},
				"west": {
					"uv": [0, 0, 0, 2],
					"texture": "#1"
				},
				"up": {
					"uv": [4, 0, 0, 0],
					"texture": "#1"
				},
				"down": {
					"uv": [4, 0, 0, 0],
					"texture": "#1"
				}
			}
		},
		{
			"from": [11.18254, 9.90451, 2.21128],
			"to": [11.18254, 11.90926, 6.22078],
			"rotation": {
				"angle": 0,
				"axis": "y",
				"origin": [12.18492, 9.90451, 4.21603]
			},
			"faces": {
				"north": {
					"uv": [0, 0, 0, 2],
					"texture": "#1"
				},
				"east": {
					"uv": [3, 0, 7, 2],
					"texture": "#1"
				},
				"south": {
					"uv": [0, 0, 0, 2],
					"texture": "#1"
				},
				"west": {
					"uv": [3, 2, 7, 4],
					"texture": "#1"
				},
				"up": {
					"uv": [0, 4, 0, 0],
					"texture": "#1"
				},
				"down": {
					"uv": [0, 0, 0, 4],
					"texture": "#1"
				}
			}
		},
		{
			"from": [9.67898, 8, 2.71247],
			"to": [12.6861, 10.00475, 5.7196],
			"rotation": {
				"angle": 0,
				"axis": "y",
				"origin": [11.18254, 8, 4.21603]
			},
			"faces": {
				"north": {
					"uv": [4, 6, 7, 8],
					"texture": "#1"
				},
				"east": {
					"uv": [7, 0, 10, 2],
					"texture": "#1"
				},
				"south": {
					"uv": [7, 2, 10, 4],
					"texture": "#1"
				},
				"west": {
					"uv": [7, 4, 10, 6],
					"texture": "#1"
				},
				"up": {
					"uv": [3, 3, 0, 0],
					"texture": "#1"
				},
				"down": {
					"uv": [3, 3, 0, 6],
					"texture": "#1"
				}
			}
		},
		{
			"from": [1.03349, 9.90451, 1.98575],
			"to": [1.03349, 11.90926, 5.99525],
			"rotation": {
				"angle": 0,
				"axis": "y",
				"origin": [2.03587, 9.90451, 3.9905]
			},
			"faces": {
				"north": {
					"uv": [0, 0, 0, 2],
					"texture": "#1"
				},
				"east": {
					"uv": [3, 0, 7, 2],
					"texture": "#1"
				},
				"south": {
					"uv": [0, 0, 0, 2],
					"texture": "#1"
				},
				"west": {
					"uv": [3, 2, 7, 4],
					"texture": "#1"
				},
				"up": {
					"uv": [0, 4, 0, 0],
					"texture": "#1"
				},
				"down": {
					"uv": [0, 0, 0, 4],
					"texture": "#1"
				}
			}
		},
		{
			"from": [-0.97126, 9.90451, 3.9905],
			"to": [3.03824, 11.90926, 3.9905],
			"rotation": {
				"angle": 0,
				"axis": "y",
				"origin": [1.03349, 10.90689, 4.99288]
			},
			"faces": {
				"north": {
					"uv": [3, 4, 7, 6],
					"texture": "#1"
				},
				"east": {
					"uv": [0, 0, 0, 2],
					"texture": "#1"
				},
				"south": {
					"uv": [0, 6, 4, 8],
					"texture": "#1"
				},
				"west": {
					"uv": [0, 0, 0, 2],
					"texture": "#1"
				},
				"up": {
					"uv": [4, 0, 0, 0],
					"texture": "#1"
				},
				"down": {
					"uv": [4, 0, 0, 0],
					"texture": "#1"
				}
			}
		}
	]
}