{
	"textures": {
		"0": "minecraft:block/table",
		"particle": "minecraft:item/pufferfish"
	},
	"display": {
		"head": {
			"rotation": [0, 180, 0]
		}
	},
	"elements": [
		{
			"from": [19.275, 24.45, 15.775],
			"to": [19.875, 25.05, 20.275],
			"rotation": {
				"angle": -22.5,
				"axis": "y",
				"origin": [19.275, 24.45, 15.775]
			},
			"faces": {
				"north": {
					"uv": [10, 2.5, 10.0625, 2.5625],
					"texture": "#0"
				},
				"east": {
					"uv": [9.875, 5.625, 10.4375, 5.6875],
					"texture": "#0"
				},
				"south": {
					"uv": [10, 2.625, 10.0625, 2.6875],
					"texture": "#0"
				},
				"west": {
					"uv": [9.875, 5.75, 10.4375, 5.8125],
					"texture": "#0"
				},
				"up": {
					"uv": [9.8125, 10.4375, 9.75, 9.875],
					"texture": "#0"
				},
				"down": {
					"uv": [9.9375, 9.875, 9.875, 10.4375],
					"texture": "#0"
				}
			}
		}
	]
}