{
	"textures": {
		"0": "minecraft:block/table",
		"particle": "minecraft:item/pufferfish"
	},
	"display": {
		"head": {
			"rotation": [0, 180, 0]
		}
	},
	"elements": [
		{
			"from": [8, 8, 8],
			"to": [8.6, 8.6, 12.5],
			"rotation": {
				"angle": 0,
				"axis": "y",
				"origin": [8, 8, 8]
			},
			"faces": {
				"north": {
					"uv": [0.625, 10, 0.6875, 10.0625],
					"texture": "#0"
				},
				"east": {
					"uv": [9.75, 3.375, 10.3125, 3.4375],
					"texture": "#0"
				},
				"south": {
					"uv": [0.75, 10, 0.8125, 10.0625],
					"texture": "#0"
				},
				"west": {
					"uv": [9.75, 4.875, 10.3125, 4.9375],
					"texture": "#0"
				},
				"up": {
					"uv": [1.6875, 9.0625, 1.625, 8.5],
					"texture": "#0"
				},
				"down": {
					"uv": [6.1875, 9.625, 6.125, 10.1875],
					"texture": "#0"
				}
			}
		},
		{
			"from": [7.225, 8, 8],
			"to": [7.825, 8.6, 12.5],
			"rotation": {
				"angle": 0,
				"axis": "y",
				"origin": [7.225, 8, 8]
			},
			"faces": {
				"north": {
					"uv": [10, 2, 10.0625, 2.0625],
					"texture": "#0"
				},
				"east": {
					"uv": [9.75, 7.25, 10.3125, 7.3125],
					"texture": "#0"
				},
				"south": {
					"uv": [10, 2.125, 10.0625, 2.1875],
					"texture": "#0"
				},
				"west": {
					"uv": [9.75, 9.75, 10.3125, 9.8125],
					"texture": "#0"
				},
				"up": {
					"uv": [0.0625, 10.4375, 0, 9.875],
					"texture": "#0"
				},
				"down": {
					"uv": [0.1875, 9.875, 0.125, 10.4375],
					"texture": "#0"
				}
			}
		},
		{
			"from": [7.6, 8.575, 8],
			"to": [8.2, 9.175, 12.5],
			"rotation": {
				"angle": 0,
				"axis": "y",
				"origin": [7.6, 8.575, 8]
			},
			"faces": {
				"north": {
					"uv": [10, 2.25, 10.0625, 2.3125],
					"texture": "#0"
				},
				"east": {
					"uv": [0.25, 9.875, 0.8125, 9.9375],
					"texture": "#0"
				},
				"south": {
					"uv": [10, 2.375, 10.0625, 2.4375],
					"texture": "#0"
				},
				"west": {
					"uv": [9.875, 5.5, 10.4375, 5.5625],
					"texture": "#0"
				},
				"up": {
					"uv": [9.5625, 10.4375, 9.5, 9.875],
					"texture": "#0"
				},
				"down": {
					"uv": [9.6875, 9.875, 9.625, 10.4375],
					"texture": "#0"
				}
			}
		}
	]
}