{
	"textures": {
		"0": "minecraft:block/table",
		"particle": "minecraft:item/pufferfish"
	},
	"display": {
		"head": {
			"rotation": [0, 180, 0]
		}
	},
	"elements": [
		{
			"from": [-3.79559, 19.25942, 4.76962],
			"to": [-0.39095, 19.94303, 9.66211],
			"rotation": {
				"angle": 0,
				"axis": "y",
				"origin": [-1.65094, 19.25942, 2.15582]
			},
			"faces": {
				"north": {
					"uv": [9.5, 5, 10.3125, 5.1875],
					"texture": "#0"
				},
				"east": {
					"uv": [5.875, 3.75, 7, 3.9375],
					"texture": "#0"
				},
				"south": {
					"uv": [0, 9.625, 0.8125, 9.8125],
					"texture": "#0"
				},
				"west": {
					"uv": [9.5, 3.875, 10.625, 4.0625],
					"texture": "#0"
				},
				"up": {
					"uv": [5.5625, 9.375, 4.75, 8.25],
					"texture": "#0"
				},
				"down": {
					"uv": [6.4375, 8.25, 5.625, 9.375],
					"texture": "#0"
				}
			}
		},
		{
			"from": [-3.91622, 12.54398, 5.81514],
			"to": [-0.51159, 14.568, 10.70762],
			"rotation": {
				"angle": 0,
				"axis": "y",
				"origin": [-1.77157, 12.54398, 3.20134]
			},
			"faces": {
				"north": {
					"uv": [8.875, 3, 9.6875, 3.5],
					"texture": "#0"
				},
				"east": {
					"uv": [8.875, 2, 10, 2.5],
					"texture": "#0"
				},
				"south": {
					"uv": [9, 5.5, 9.8125, 6],
					"texture": "#0"
				},
				"west": {
					"uv": [8.875, 2.5, 10, 3],
					"texture": "#0"
				},
				"up": {
					"uv": [9.0625, 8.75, 8.25, 7.625],
					"texture": "#0"
				},
				"down": {
					"uv": [0.8125, 8.5, 0, 9.625],
					"texture": "#0"
				}
			}
		},
		{
			"from": [-3.32645, 15.45267, 7.31639],
			"to": [-2.65624, 16.68584, 8.05362],
			"rotation": {
				"angle": 0,
				"axis": "y",
				"origin": [-3.5007, 15.45267, 6.98129]
			},
			"faces": {
				"north": {
					"uv": [5.875, 9.625, 6.0625, 9.9375],
					"texture": "#0"
				},
				"east": {
					"uv": [9.75, 4.125, 9.9375, 4.4375],
					"texture": "#0"
				},
				"south": {
					"uv": [9.75, 4.5, 9.9375, 4.8125],
					"texture": "#0"
				},
				"west": {
					"uv": [4.625, 9.75, 4.8125, 10.0625],
					"texture": "#0"
				},
				"up": {
					"uv": [9.9375, 9.4375, 9.75, 9.25],
					"texture": "#0"
				},
				"down": {
					"uv": [9.9375, 9.5, 9.75, 9.6875],
					"texture": "#0"
				}
			}
		},
		{
			"from": [-3.179, 16.60542, 7.53086],
			"to": [-2.8439, 17.51689, 7.83915],
			"rotation": {
				"angle": 0,
				"axis": "y",
				"origin": [-3.52751, 16.60542, 6.94108]
			},
			"faces": {
				"north": {
					"uv": [8.125, 3.5, 8.1875, 3.6875],
					"texture": "#0"
				},
				"east": {
					"uv": [4.625, 9.125, 4.6875, 9.3125],
					"texture": "#0"
				},
				"south": {
					"uv": [0.25, 10, 0.3125, 10.1875],
					"texture": "#0"
				},
				"west": {
					"uv": [0.375, 10, 0.4375, 10.1875],
					"texture": "#0"
				},
				"up": {
					"uv": [9.9375, 5.9375, 9.875, 5.875],
					"texture": "#0"
				},
				"down": {
					"uv": [0.5625, 10, 0.5, 10.0625],
					"texture": "#0"
				}
			}
		},
		{
			"from": [1.00307, 12.57079, 5.15834],
			"to": [4.75621, 12.57079, 10.51997],
			"rotation": {
				"angle": -22.5,
				"axis": "y",
				"origin": [2.87964, 12.57079, 7.83915]
			},
			"faces": {
				"north": {
					"uv": [0, 0, 0.875, 0],
					"texture": "#0"
				},
				"east": {
					"uv": [0, 0, 1.25, 0],
					"texture": "#0"
				},
				"south": {
					"uv": [0, 0, 0.875, 0],
					"texture": "#0"
				},
				"west": {
					"uv": [0, 0, 1.25, 0],
					"texture": "#0"
				},
				"up": {
					"uv": [7.375, 8.625, 6.5, 7.375],
					"texture": "#0"
				},
				"down": {
					"uv": [8.25, 7.375, 7.375, 8.625],
					"texture": "#0"
				}
			}
		},
		{
			"from": [14.72214, 12.57079, -2.64954],
			"to": [20.08378, 12.57079, 1.1036],
			"rotation": {
				"angle": 22.5,
				"axis": "y",
				"origin": [16.65233, 12.6177, 0.26585]
			},
			"faces": {
				"north": {
					"uv": [0, 0, 1.25, 0],
					"texture": "#0"
				},
				"east": {
					"uv": [0, 0, 0.875, 0],
					"texture": "#0"
				},
				"south": {
					"uv": [0, 0, 1.25, 0],
					"texture": "#0"
				},
				"west": {
					"uv": [0, 0, 0.875, 0],
					"texture": "#0"
				},
				"up": {
					"uv": [8.875, 2.625, 7.625, 1.75],
					"texture": "#0"
				},
				"down": {
					"uv": [8.875, 2.625, 7.625, 3.5],
					"texture": "#0"
				}
			}
		},
		{
			"from": [13.67556, 12.66462, -0.36373],
			"to": [19.03719, 12.66462, 3.38941],
			"rotation": {
				"angle": 0,
				"axis": "y",
				"origin": [16.65233, 12.6177, 0.26585]
			},
			"faces": {
				"north": {
					"uv": [0, 0, 1.25, 0],
					"texture": "#0"
				},
				"east": {
					"uv": [0, 0, 0.875, 0],
					"texture": "#0"
				},
				"south": {
					"uv": [0, 0, 1.25, 0],
					"texture": "#0"
				},
				"west": {
					"uv": [0, 0, 0.875, 0],
					"texture": "#0"
				},
				"up": {
					"uv": [9.5, 4.375, 8.25, 3.5],
					"texture": "#0"
				},
				"down": {
					"uv": [9.5, 4.375, 8.25, 5.25],
					"texture": "#0"
				}
			}
		}
	]
}