{
	"textures": {
		"0": "minecraft:block/table",
		"particle": "minecraft:item/pufferfish"
	},
	"display": {
		"head": {
			"rotation": [0, 180, 0]
		}
	},
	"elements": [
		{
			"from": [8.25059, 0.98356, 8.25059],
			"to": [9.00235, 8.50117, 9.00235],
			"rotation": {
				"angle": 0,
				"axis": "y",
				"origin": [8, 0.98356, 8]
			},
			"faces": {
				"north": {
					"uv": [3.625, 9.125, 3.8125, 11],
					"texture": "#0"
				},
				"east": {
					"uv": [3.875, 9.125, 4.0625, 11],
					"texture": "#0"
				},
				"south": {
					"uv": [4.125, 9.125, 4.3125, 11],
					"texture": "#0"
				},
				"west": {
					"uv": [4.375, 9.125, 4.5625, 11],
					"texture": "#0"
				},
				"up": {
					"uv": [7.1875, 3.9375, 7, 3.75],
					"texture": "#0"
				},
				"down": {
					"uv": [7.8125, 3.5, 7.625, 3.6875],
					"texture": "#0"
				}
			}
		},
		{
			"from": [30.80345, 0.98356, 15.01644],
			"to": [31.55521, 8.50117, 15.76821],
			"rotation": {
				"angle": 0,
				"axis": "y",
				"origin": [30.55286, 0.98356, 15.01644]
			},
			"faces": {
				"north": {
					"uv": [7.5, 9.25, 7.6875, 11.125],
					"texture": "#0"
				},
				"east": {
					"uv": [7.75, 9.25, 7.9375, 11.125],
					"texture": "#0"
				},
				"south": {
					"uv": [8, 9.25, 8.1875, 11.125],
					"texture": "#0"
				},
				"west": {
					"uv": [8.25, 9.25, 8.4375, 11.125],
					"texture": "#0"
				},
				"up": {
					"uv": [8.0625, 3.6875, 7.875, 3.5],
					"texture": "#0"
				},
				"down": {
					"uv": [5.0625, 9.75, 4.875, 9.9375],
					"texture": "#0"
				}
			}
		},
		{
			"from": [30.80345, 0.98356, 0.23179],
			"to": [31.55521, 8.50117, 0.98356],
			"rotation": {
				"angle": 0,
				"axis": "y",
				"origin": [30.55286, 0.98356, -0.01879]
			},
			"faces": {
				"north": {
					"uv": [8.5, 9.25, 8.6875, 11.125],
					"texture": "#0"
				},
				"east": {
					"uv": [8.75, 9.25, 8.9375, 11.125],
					"texture": "#0"
				},
				"south": {
					"uv": [9, 9.25, 9.1875, 11.125],
					"texture": "#0"
				},
				"west": {
					"uv": [9.25, 9.25, 9.4375, 11.125],
					"texture": "#0"
				},
				"up": {
					"uv": [5.3125, 9.9375, 5.125, 9.75],
					"texture": "#0"
				},
				"down": {
					"uv": [5.5625, 9.75, 5.375, 9.9375],
					"texture": "#0"
				}
			}
		},
		{
			"from": [24.78935, 0.98356, 0.23179],
			"to": [25.54111, 8.50117, 0.98356],
			"rotation": {
				"angle": 0,
				"axis": "y",
				"origin": [24.53876, 0.98356, -0.01879]
			},
			"faces": {
				"north": {
					"uv": [1.625, 9.375, 1.8125, 11.25],
					"texture": "#0"
				},
				"east": {
					"uv": [1.875, 9.375, 2.0625, 11.25],
					"texture": "#0"
				},
				"south": {
					"uv": [2.125, 9.375, 2.3125, 11.25],
					"texture": "#0"
				},
				"west": {
					"uv": [2.375, 9.375, 2.5625, 11.25],
					"texture": "#0"
				},
				"up": {
					"uv": [9.9375, 6.6875, 9.75, 6.5],
					"texture": "#0"
				},
				"down": {
					"uv": [9.9375, 6.75, 9.75, 6.9375],
					"texture": "#0"
				}
			}
		},
		{
			"from": [8.25059, 0.98356, 15.01644],
			"to": [9.00235, 8.50117, 15.76821],
			"rotation": {
				"angle": 0,
				"axis": "y",
				"origin": [8, 0.98356, 15.01644]
			},
			"faces": {
				"north": {
					"uv": [2.625, 9.375, 2.8125, 11.25],
					"texture": "#0"
				},
				"east": {
					"uv": [2.875, 9.375, 3.0625, 11.25],
					"texture": "#0"
				},
				"south": {
					"uv": [3.125, 9.375, 3.3125, 11.25],
					"texture": "#0"
				},
				"west": {
					"uv": [3.375, 9.375, 3.5625, 11.25],
					"texture": "#0"
				},
				"up": {
					"uv": [9.9375, 7.1875, 9.75, 7],
					"texture": "#0"
				},
				"down": {
					"uv": [9.9375, 9, 9.75, 9.1875],
					"texture": "#0"
				}
			}
		},
		{
			"from": [8.50117, 14.97886, 8.60141],
			"to": [12.51057, 15.48003, 15.36727],
			"rotation": {
				"angle": 0,
				"axis": "y",
				"origin": [11.50822, 14.97886, 8.35082]
			},
			"faces": {
				"north": {
					"uv": [4.625, 9.625, 5.625, 9.75],
					"texture": "#0"
				},
				"east": {
					"uv": [7.25, 6.375, 8.9375, 6.5],
					"texture": "#0"
				},
				"south": {
					"uv": [9.75, 3, 10.75, 3.125],
					"texture": "#0"
				},
				"west": {
					"uv": [6.5, 8.625, 8.1875, 8.75],
					"texture": "#0"
				},
				"up": {
					"uv": [8.25, 5.4375, 7.25, 3.75],
					"texture": "#0"
				},
				"down": {
					"uv": [3.75, 7.3125, 2.75, 9],
					"texture": "#0"
				}
			}
		},
		{
			"from": [8.50117, 11.47063, 8.60141],
			"to": [12.51057, 11.97181, 15.36727],
			"rotation": {
				"angle": 0,
				"axis": "y",
				"origin": [11.50822, 11.47063, 8.35082]
			},
			"faces": {
				"north": {
					"uv": [9.75, 3.125, 10.75, 3.25],
					"texture": "#0"
				},
				"east": {
					"uv": [9.125, 8.625, 10.8125, 8.75],
					"texture": "#0"
				},
				"south": {
					"uv": [9.75, 3.25, 10.75, 3.375],
					"texture": "#0"
				},
				"west": {
					"uv": [9.5, 3.75, 11.1875, 3.875],
					"texture": "#0"
				},
				"up": {
					"uv": [3.75, 9.0625, 2.75, 7.375],
					"texture": "#0"
				},
				"down": {
					"uv": [3.625, 7.375, 2.625, 9.0625],
					"texture": "#0"
				}
			}
		},
		{
			"from": [8.13782, 8.50117, 8],
			"to": [31.55521, 9.25294, 15.90603],
			"rotation": {
				"angle": 0,
				"axis": "y",
				"origin": [20.02819, 8.87706, 12.0094]
			},
			"faces": {
				"north": {
					"uv": [8.25, 5.25, 14.0625, 5.4375],
					"texture": "#0"
				},
				"east": {
					"uv": [9, 6, 11, 6.1875],
					"texture": "#0"
				},
				"south": {
					"uv": [8.25, 7.375, 14.0625, 7.5625],
					"texture": "#0"
				},
				"west": {
					"uv": [9, 6.25, 11, 6.4375],
					"texture": "#0"
				},
				"up": {
					"uv": [5.8125, 2, 0, 0],
					"texture": "#0"
				},
				"down": {
					"uv": [0, 6.25, 5.8125, 4.25],
					"texture": "#0"
				}
			}
		},
		{
			"from": [24.67659, 8.50117, 0.21926],
			"to": [31.55521, 9.25294, 8],
			"rotation": {
				"angle": 0,
				"axis": "y",
				"origin": [20.02819, 8.87706, 4.10337]
			},
			"faces": {
				"north": {
					"uv": [9.125, 8.125, 10.8125, 8.3125],
					"texture": "#0"
				},
				"east": {
					"uv": [7.5, 9, 9.4375, 9.1875],
					"texture": "#0"
				},
				"south": {
					"uv": [9.125, 8.375, 10.8125, 8.5625],
					"texture": "#0"
				},
				"west": {
					"uv": [1.625, 9.125, 3.5625, 9.3125],
					"texture": "#0"
				},
				"up": {
					"uv": [7.5625, 3.6875, 5.875, 1.75],
					"texture": "#0"
				},
				"down": {
					"uv": [1.6875, 5.9375, 0, 4],
					"texture": "#0"
				}
			}
		},
		{
			"from": [8, 7.23571, 8],
			"to": [8.639, 17.02114, 16.01879],
			"rotation": {
				"angle": 0,
				"axis": "y",
				"origin": [16.01879, 0.98356, 8]
			},
			"faces": {
				"north": {
					"uv": [1.125, 8.5, 1.3125, 10.9375],
					"texture": "#0"
				},
				"east": {
					"uv": [0, 4, 2, 6.4375],
					"texture": "#0"
				},
				"south": {
					"uv": [1.375, 8.5, 1.5625, 10.9375],
					"texture": "#0"
				},
				"west": {
					"uv": [2, 4, 4, 6.4375],
					"texture": "#0"
				},
				"up": {
					"uv": [7.1875, 11, 7, 9],
					"texture": "#0"
				},
				"down": {
					"uv": [6.1875, 4.3125, 6, 6.3125],
					"texture": "#0"
				}
			}
		},
		{
			"from": [31.51135, 7.23571, -0.01879],
			"to": [32, 10.50587, 15.41112],
			"rotation": {
				"angle": 0,
				"axis": "y",
				"origin": [31.18559, 13.13078, 15.70556]
			},
			"faces": {
				"north": {
					"uv": [5.625, 9.625, 5.75, 10.4375],
					"texture": "#0"
				},
				"east": {
					"uv": [1.75, 6.5, 5.625, 7.3125],
					"texture": "#0"
				},
				"south": {
					"uv": [5.75, 9.625, 5.875, 10.4375],
					"texture": "#0"
				},
				"west": {
					"uv": [1.6875, 6.5, 5.5625, 7.3125],
					"texture": "#0"
				},
				"up": {
					"uv": [1, 12.375, 0.875, 8.5],
					"texture": "#0"
				},
				"down": {
					"uv": [1.125, 8.5, 1, 12.375],
					"texture": "#0"
				}
			}
		},
		{
			"from": [14.92874, 7.23571, 15.38606],
			"to": [31.99374, 10.50587, 16.02506],
			"rotation": {
				"angle": 0,
				"axis": "y",
				"origin": [12.57948, 13.13078, 15.70556]
			},
			"faces": {
				"north": {
					"uv": [0.625, 4.375, 4.88125, 5.19063],
					"texture": "#0"
				},
				"east": {
					"uv": [6.25, 9.375, 6.4375, 10.1875],
					"texture": "#0"
				},
				"south": {
					"uv": [5.875, 0.875, 10.125, 1.6875],
					"texture": "#0"
				},
				"west": {
					"uv": [9.5, 4.125, 9.6875, 4.9375],
					"texture": "#0"
				},
				"up": {
					"uv": [10.75, 8.9375, 6.5, 8.75],
					"texture": "#0"
				},
				"down": {
					"uv": [8, 5.75, 3.75, 5.9375],
					"texture": "#0"
				}
			}
		},
		{
			"from": [24.66406, 7.23571, -0.01879],
			"to": [31.55521, 10.55599, 0.61394],
			"rotation": {
				"angle": 0,
				"axis": "y",
				"origin": [12.64213, 13.13078, 0.67032]
			},
			"faces": {
				"north": {
					"uv": [7.25, 5.5, 9, 6.3125],
					"texture": "#0"
				},
				"east": {
					"uv": [9.5, 6.5, 9.6875, 7.3125],
					"texture": "#0"
				},
				"south": {
					"uv": [4.125, 6.5, 5.875, 7.3125],
					"texture": "#0"
				},
				"west": {
					"uv": [9.5, 9, 9.6875, 9.8125],
					"texture": "#0"
				},
				"up": {
					"uv": [10.875, 7.8125, 9.125, 7.625],
					"texture": "#0"
				},
				"down": {
					"uv": [10.875, 7.875, 9.125, 8.0625],
					"texture": "#0"
				}
			}
		},
		{
			"from": [8.55129, 7.23571, 15.38606],
			"to": [15.01644, 17.02114, 16.02506],
			"rotation": {
				"angle": 0,
				"axis": "y",
				"origin": [12.64213, 19.64605, 15.70556]
			},
			"faces": {
				"north": {
					"uv": [4, 4, 5.625, 6.4375],
					"texture": "#0"
				},
				"east": {
					"uv": [6.5, 9, 6.6875, 11.4375],
					"texture": "#0"
				},
				"south": {
					"uv": [5.625, 4, 7.25, 6.4375],
					"texture": "#0"
				},
				"west": {
					"uv": [6.75, 9, 6.9375, 11.4375],
					"texture": "#0"
				},
				"up": {
					"uv": [6.25, 9.5625, 4.625, 9.375],
					"texture": "#0"
				},
				"down": {
					"uv": [3.425, 5, 1.8125, 5.15938],
					"texture": "#0"
				}
			}
		}
	]
}