{
	"textures": {
		"1": "animated_java:blueprint/polka/products",
		"particle": "minecraft:item/pufferfish"
	},
	"display": {
		"head": {
			"rotation": [0, 180, 0]
		}
	},
	"elements": [
		{
			"from": [-11.75, 2.5, 7.5],
			"to": [-10.75, 4.75, 8.5],
			"rotation": {
				"angle": 0,
				"axis": "y",
				"origin": [-11.25, 0, 8]
			},
			"faces": {
				"north": {
					"uv": [16, 10, 15, 12.25],
					"texture": "#1"
				},
				"east": {
					"uv": [16, 10, 15, 12.25],
					"texture": "#1"
				},
				"south": {
					"uv": [16, 10, 15, 12.25],
					"texture": "#1"
				},
				"west": {
					"uv": [16, 10, 15, 12.25],
					"texture": "#1"
				},
				"up": {
					"uv": [15, 11, 16, 10],
					"texture": "#1"
				},
				"down": {
					"uv": [15, 11, 16, 10],
					"texture": "#1"
				}
			}
		},
		{
			"from": [-12.25, -1, 7],
			"to": [-10.25, 3, 9],
			"rotation": {
				"angle": 0,
				"axis": "y",
				"origin": [-11.25, -1, 8]
			},
			"faces": {
				"north": {
					"uv": [16, 12, 14, 16],
					"texture": "#1"
				},
				"east": {
					"uv": [16, 12, 14, 16],
					"texture": "#1"
				},
				"south": {
					"uv": [16, 12, 14, 16],
					"texture": "#1"
				},
				"west": {
					"uv": [16, 12, 14, 16],
					"texture": "#1"
				},
				"up": {
					"uv": [14, 14, 16, 12],
					"texture": "#1"
				},
				"down": {
					"uv": [14, 16, 16, 14],
					"texture": "#1"
				}
			}
		}
	]
}