{
	"textures": {
		"1": "animated_java:blueprint/polka/products",
		"particle": "minecraft:item/pufferfish"
	},
	"display": {
		"head": {
			"rotation": [0, 180, 0]
		}
	},
	"elements": [
		{
			"from": [10.5, 25.1875, 7.5],
			"to": [11.5, 27.4375, 8.5],
			"rotation": {
				"angle": 0,
				"axis": "y",
				"origin": [11, 22.6875, 8]
			},
			"faces": {
				"north": {
					"uv": [16, 10, 15, 12.25],
					"texture": "#1"
				},
				"east": {
					"uv": [16, 10, 15, 12.25],
					"texture": "#1"
				},
				"south": {
					"uv": [16, 10, 15, 12.25],
					"texture": "#1"
				},
				"west": {
					"uv": [16, 10, 15, 12.25],
					"texture": "#1"
				},
				"up": {
					"uv": [15, 11, 16, 10],
					"texture": "#1"
				},
				"down": {
					"uv": [15, 11, 16, 10],
					"texture": "#1"
				}
			}
		},
		{
			"from": [10, 21.6875, 7],
			"to": [12, 25.6875, 9],
			"rotation": {
				"angle": 0,
				"axis": "y",
				"origin": [11, 21.6875, 8]
			},
			"faces": {
				"north": {
					"uv": [16, 12, 14, 16],
					"texture": "#1"
				},
				"east": {
					"uv": [16, 12, 14, 16],
					"texture": "#1"
				},
				"south": {
					"uv": [16, 12, 14, 16],
					"texture": "#1"
				},
				"west": {
					"uv": [16, 12, 14, 16],
					"texture": "#1"
				},
				"up": {
					"uv": [14, 14, 16, 12],
					"texture": "#1"
				},
				"down": {
					"uv": [14, 16, 16, 14],
					"texture": "#1"
				}
			}
		}
	]
}