{
	"textures": {
		"1": "animated_java:blueprint/polka/products",
		"particle": "minecraft:item/pufferfish"
	},
	"display": {
		"head": {
			"rotation": [0, 180, 0]
		}
	},
	"elements": [
		{
			"from": [7.5, 10.5, 7.5],
			"to": [8.5, 12.75, 8.5],
			"rotation": {
				"angle": 0,
				"axis": "y",
				"origin": [8, 8, 8]
			},
			"faces": {
				"north": {
					"uv": [15, 10, 16, 12.25],
					"texture": "#1"
				},
				"east": {
					"uv": [15, 10, 16, 12.25],
					"texture": "#1"
				},
				"south": {
					"uv": [15, 10, 16, 12.25],
					"texture": "#1"
				},
				"west": {
					"uv": [15, 10, 16, 12.25],
					"texture": "#1"
				},
				"up": {
					"uv": [15, 10, 16, 11],
					"texture": "#1"
				},
				"down": {
					"uv": [15, 10, 16, 11],
					"texture": "#1"
				}
			}
		},
		{
			"from": [7, 7, 7],
			"to": [9, 11, 9],
			"rotation": {
				"angle": 0,
				"axis": "y",
				"origin": [8, 7, 8]
			},
			"faces": {
				"north": {
					"uv": [14, 12, 16, 16],
					"texture": "#1"
				},
				"east": {
					"uv": [14, 12, 16, 16],
					"texture": "#1"
				},
				"south": {
					"uv": [14, 12, 16, 16],
					"texture": "#1"
				},
				"west": {
					"uv": [14, 12, 16, 16],
					"texture": "#1"
				},
				"up": {
					"uv": [14, 12, 16, 14],
					"texture": "#1"
				},
				"down": {
					"uv": [14, 14, 16, 16],
					"texture": "#1"
				}
			}
		}
	]
}