{
	"textures": {
		"1": "animated_java:blueprint/polka2/products",
		"particle": "minecraft:item/pufferfish"
	},
	"display": {
		"head": {
			"rotation": [0, 180, 0]
		}
	},
	"elements": [
		{
			"from": [6.90411, 8, 5.26027],
			"to": [8.54795, 11.28767, 8.54795],
			"rotation": {
				"angle": -22.5,
				"axis": "y",
				"origin": [8, 8, 8]
			},
			"faces": {
				"north": {
					"uv": [4.5, 6, 6, 9],
					"texture": "#1"
				},
				"east": {
					"uv": [3, 0, 6, 3],
					"texture": "#1"
				},
				"south": {
					"uv": [6, 4.5, 7.5, 7.5],
					"texture": "#1"
				},
				"west": {
					"uv": [3, 3, 6, 6],
					"texture": "#1"
				},
				"up": {
					"uv": [9, 3, 7.5, 0],
					"texture": "#1"
				},
				"down": {
					"uv": [3, 7.5, 1.5, 10.5],
					"texture": "#1"
				}
			}
		},
		{
			"from": [1.53425, 8.21918, 5.26027],
			"to": [3.17808, 11.50685, 8.54795],
			"rotation": {
				"angle": -22.5,
				"axis": "z",
				"origin": [2.63014, 8.21918, 8]
			},
			"faces": {
				"north": {
					"uv": [4.5, 6, 6, 9],
					"texture": "#1"
				},
				"east": {
					"uv": [3, 0, 6, 3],
					"texture": "#1"
				},
				"south": {
					"uv": [6, 4.5, 7.5, 7.5],
					"texture": "#1"
				},
				"west": {
					"uv": [3, 3, 6, 6],
					"texture": "#1"
				},
				"up": {
					"uv": [9, 3, 7.5, 0],
					"texture": "#1"
				},
				"down": {
					"uv": [3, 7.5, 1.5, 10.5],
					"texture": "#1"
				}
			}
		},
		{
			"from": [4.35616, 8, 5.26027],
			"to": [6, 11.28767, 8.54795],
			"rotation": {
				"angle": 0,
				"axis": "y",
				"origin": [5.45205, 8, 8]
			},
			"faces": {
				"north": {
					"uv": [4.5, 6, 6, 9],
					"texture": "#1"
				},
				"east": {
					"uv": [3, 0, 6, 3],
					"texture": "#1"
				},
				"south": {
					"uv": [6, 4.5, 7.5, 7.5],
					"texture": "#1"
				},
				"west": {
					"uv": [3, 3, 6, 6],
					"texture": "#1"
				},
				"up": {
					"uv": [9, 3, 7.5, 0],
					"texture": "#1"
				},
				"down": {
					"uv": [3, 7.5, 1.5, 10.5],
					"texture": "#1"
				}
			}
		},
		{
			"from": [12.32877, 8, 5.26027],
			"to": [13.9726, 11.28767, 8.54795],
			"rotation": {
				"angle": 0,
				"axis": "y",
				"origin": [13.42466, 8, 8]
			},
			"faces": {
				"north": {
					"uv": [4.5, 6, 6, 9],
					"texture": "#1"
				},
				"east": {
					"uv": [3, 0, 6, 3],
					"texture": "#1"
				},
				"south": {
					"uv": [6, 4.5, 7.5, 7.5],
					"texture": "#1"
				},
				"west": {
					"uv": [3, 3, 6, 6],
					"texture": "#1"
				},
				"up": {
					"uv": [9, 3, 7.5, 0],
					"texture": "#1"
				},
				"down": {
					"uv": [3, 7.5, 1.5, 10.5],
					"texture": "#1"
				}
			}
		},
		{
			"from": [9.91781, 8, 5.26027],
			"to": [11.56164, 11.28767, 8.54795],
			"rotation": {
				"angle": 0,
				"axis": "y",
				"origin": [11.0137, 8, 8]
			},
			"faces": {
				"north": {
					"uv": [4.5, 6, 6, 9],
					"texture": "#1"
				},
				"east": {
					"uv": [3, 0, 6, 3],
					"texture": "#1"
				},
				"south": {
					"uv": [6, 4.5, 7.5, 7.5],
					"texture": "#1"
				},
				"west": {
					"uv": [3, 3, 6, 6],
					"texture": "#1"
				},
				"up": {
					"uv": [9, 3, 7.5, 0],
					"texture": "#1"
				},
				"down": {
					"uv": [3, 7.5, 1.5, 10.5],
					"texture": "#1"
				}
			}
		},
		{
			"from": [-0.54795, 12.38356, 5.53425],
			"to": [2.73973, 15.67123, 7.17808],
			"rotation": {
				"angle": 0,
				"axis": "y",
				"origin": [0, 12.38356, 6.63014]
			},
			"faces": {
				"north": {
					"uv": [3, 3, 6, 6],
					"texture": "#1"
				},
				"east": {
					"uv": [4.5, 6, 6, 9],
					"texture": "#1"
				},
				"south": {
					"uv": [3, 0, 6, 3],
					"texture": "#1"
				},
				"west": {
					"uv": [6, 4.5, 7.5, 7.5],
					"texture": "#1"
				},
				"up": {
					"uv": [9, 3, 7.5, 0],
					"rotation": 90,
					"texture": "#1"
				},
				"down": {
					"uv": [3, 7.5, 1.5, 10.5],
					"rotation": 270,
					"texture": "#1"
				}
			}
		},
		{
			"from": [3.45205, 12.38356, 5.9726],
			"to": [6.73973, 15.67123, 7.61644],
			"rotation": {
				"angle": 22.5,
				"axis": "y",
				"origin": [4, 12.38356, 7.06849]
			},
			"faces": {
				"north": {
					"uv": [3, 3, 6, 6],
					"texture": "#1"
				},
				"east": {
					"uv": [4.5, 6, 6, 9],
					"texture": "#1"
				},
				"south": {
					"uv": [3, 0, 6, 3],
					"texture": "#1"
				},
				"west": {
					"uv": [6, 4.5, 7.5, 7.5],
					"texture": "#1"
				},
				"up": {
					"uv": [9, 3, 7.5, 0],
					"rotation": 90,
					"texture": "#1"
				},
				"down": {
					"uv": [3, 7.5, 1.5, 10.5],
					"rotation": 270,
					"texture": "#1"
				}
			}
		},
		{
			"from": [7.28767, 12.38356, 5.64384],
			"to": [10.57534, 15.67123, 7.28767],
			"rotation": {
				"angle": 0,
				"axis": "y",
				"origin": [7.83562, 12.38356, 6.73973]
			},
			"faces": {
				"north": {
					"uv": [3, 3, 6, 6],
					"texture": "#1"
				},
				"east": {
					"uv": [4.5, 6, 6, 9],
					"texture": "#1"
				},
				"south": {
					"uv": [3, 0, 6, 3],
					"texture": "#1"
				},
				"west": {
					"uv": [6, 4.5, 7.5, 7.5],
					"texture": "#1"
				},
				"up": {
					"uv": [9, 3, 7.5, 0],
					"rotation": 90,
					"texture": "#1"
				},
				"down": {
					"uv": [3, 7.5, 1.5, 10.5],
					"rotation": 270,
					"texture": "#1"
				}
			}
		},
		{
			"from": [11.23288, 12.38356, 6.35616],
			"to": [14.52055, 15.67123, 8],
			"rotation": {
				"angle": 0,
				"axis": "y",
				"origin": [11.78082, 12.38356, 7.45205]
			},
			"faces": {
				"north": {
					"uv": [3, 3, 6, 6],
					"texture": "#1"
				},
				"east": {
					"uv": [4.5, 6, 6, 9],
					"texture": "#1"
				},
				"south": {
					"uv": [3, 0, 6, 3],
					"texture": "#1"
				},
				"west": {
					"uv": [6, 4.5, 7.5, 7.5],
					"texture": "#1"
				},
				"up": {
					"uv": [9, 3, 7.5, 0],
					"rotation": 90,
					"texture": "#1"
				},
				"down": {
					"uv": [3, 7.5, 1.5, 10.5],
					"rotation": 270,
					"texture": "#1"
				}
			}
		},
		{
			"from": [-8.87671, 12.38356, 6.41096],
			"to": [-5.58904, 15.67123, 8.05479],
			"rotation": {
				"angle": 0,
				"axis": "y",
				"origin": [-8.32877, 12.38356, 7.50685]
			},
			"faces": {
				"north": {
					"uv": [3, 3, 6, 6],
					"texture": "#1"
				},
				"east": {
					"uv": [4.5, 6, 6, 9],
					"texture": "#1"
				},
				"south": {
					"uv": [3, 0, 6, 3],
					"texture": "#1"
				},
				"west": {
					"uv": [6, 4.5, 7.5, 7.5],
					"texture": "#1"
				},
				"up": {
					"uv": [9, 3, 7.5, 0],
					"rotation": 90,
					"texture": "#1"
				},
				"down": {
					"uv": [3, 7.5, 1.5, 10.5],
					"rotation": 270,
					"texture": "#1"
				}
			}
		},
		{
			"from": [-3.28767, 12.38356, 12.65753],
			"to": [0, 15.67123, 14.30137],
			"rotation": {
				"angle": 0,
				"axis": "y",
				"origin": [-0.54795, 12.38356, 13.20548]
			},
			"faces": {
				"north": {
					"uv": [3, 0, 6, 3],
					"texture": "#1"
				},
				"east": {
					"uv": [6, 4.5, 7.5, 7.5],
					"texture": "#1"
				},
				"south": {
					"uv": [3, 3, 6, 6],
					"texture": "#1"
				},
				"west": {
					"uv": [4.5, 6, 6, 9],
					"texture": "#1"
				},
				"up": {
					"uv": [9, 3, 7.5, 0],
					"rotation": 270,
					"texture": "#1"
				},
				"down": {
					"uv": [3, 7.5, 1.5, 10.5],
					"rotation": 90,
					"texture": "#1"
				}
			}
		},
		{
			"from": [0.71233, 12.38356, 12.54795],
			"to": [4, 15.67123, 14.19178],
			"rotation": {
				"angle": 0,
				"axis": "y",
				"origin": [3.45205, 12.38356, 13.09589]
			},
			"faces": {
				"north": {
					"uv": [3, 0, 6, 3],
					"texture": "#1"
				},
				"east": {
					"uv": [6, 4.5, 7.5, 7.5],
					"texture": "#1"
				},
				"south": {
					"uv": [3, 3, 6, 6],
					"texture": "#1"
				},
				"west": {
					"uv": [4.5, 6, 6, 9],
					"texture": "#1"
				},
				"up": {
					"uv": [9, 3, 7.5, 0],
					"rotation": 270,
					"texture": "#1"
				},
				"down": {
					"uv": [3, 7.5, 1.5, 10.5],
					"rotation": 90,
					"texture": "#1"
				}
			}
		},
		{
			"from": [5.86301, 12.38356, 13.15068],
			"to": [9.15068, 15.67123, 14.79452],
			"rotation": {
				"angle": -22.5,
				"axis": "y",
				"origin": [8.60274, 12.38356, 13.69863]
			},
			"faces": {
				"north": {
					"uv": [3, 0, 6, 3],
					"texture": "#1"
				},
				"east": {
					"uv": [6, 4.5, 7.5, 7.5],
					"texture": "#1"
				},
				"south": {
					"uv": [3, 3, 6, 6],
					"texture": "#1"
				},
				"west": {
					"uv": [4.5, 6, 6, 9],
					"texture": "#1"
				},
				"up": {
					"uv": [9, 3, 7.5, 0],
					"rotation": 270,
					"texture": "#1"
				},
				"down": {
					"uv": [3, 7.5, 1.5, 10.5],
					"rotation": 90,
					"texture": "#1"
				}
			}
		},
		{
			"from": [10.41096, 12.38356, 13.09589],
			"to": [13.69863, 15.67123, 14.73973],
			"rotation": {
				"angle": 0,
				"axis": "y",
				"origin": [13.15068, 12.38356, 13.64384]
			},
			"faces": {
				"north": {
					"uv": [3, 0, 6, 3],
					"texture": "#1"
				},
				"east": {
					"uv": [6, 4.5, 7.5, 7.5],
					"texture": "#1"
				},
				"south": {
					"uv": [3, 3, 6, 6],
					"texture": "#1"
				},
				"west": {
					"uv": [4.5, 6, 6, 9],
					"texture": "#1"
				},
				"up": {
					"uv": [9, 3, 7.5, 0],
					"rotation": 270,
					"texture": "#1"
				},
				"down": {
					"uv": [3, 7.5, 1.5, 10.5],
					"rotation": 90,
					"texture": "#1"
				}
			}
		},
		{
			"from": [-7.39726, 12.38356, 13.53425],
			"to": [-4.10959, 15.67123, 15.17808],
			"rotation": {
				"angle": 0,
				"axis": "y",
				"origin": [-4.65753, 12.38356, 14.08219]
			},
			"faces": {
				"north": {
					"uv": [3, 0, 6, 3],
					"texture": "#1"
				},
				"east": {
					"uv": [6, 4.5, 7.5, 7.5],
					"texture": "#1"
				},
				"south": {
					"uv": [3, 3, 6, 6],
					"texture": "#1"
				},
				"west": {
					"uv": [4.5, 6, 6, 9],
					"texture": "#1"
				},
				"up": {
					"uv": [9, 3, 7.5, 0],
					"rotation": 270,
					"texture": "#1"
				},
				"down": {
					"uv": [3, 7.5, 1.5, 10.5],
					"rotation": 90,
					"texture": "#1"
				}
			}
		},
		{
			"from": [-6.45205, 3.61644, 11.67123],
			"to": [-5.35616, 4.16438, 16.05479],
			"rotation": {
				"angle": 0,
				"axis": "y",
				"origin": [-5.90411, 3.61644, 15.50685]
			},
			"faces": {
				"north": {
					"uv": [6, 7.5, 7, 8],
					"texture": "#1"
				},
				"east": {
					"uv": [8.5, 4.5, 12.5, 5],
					"texture": "#1"
				},
				"south": {
					"uv": [6, 8, 7, 8.5],
					"texture": "#1"
				},
				"west": {
					"uv": [8.5, 5, 12.5, 5.5],
					"texture": "#1"
				},
				"up": {
					"uv": [4, 11.5, 3, 7.5],
					"texture": "#1"
				},
				"down": {
					"uv": [8.5, 4.5, 7.5, 8.5],
					"texture": "#1"
				}
			}
		},
		{
			"from": [-5.13699, 3.61644, 11.67123],
			"to": [-4.0411, 4.16438, 16.05479],
			"rotation": {
				"angle": 0,
				"axis": "y",
				"origin": [-4.58904, 3.61644, 15.50685]
			},
			"faces": {
				"north": {
					"uv": [6, 7.5, 7, 8],
					"texture": "#1"
				},
				"east": {
					"uv": [8.5, 4.5, 12.5, 5],
					"texture": "#1"
				},
				"south": {
					"uv": [6, 8, 7, 8.5],
					"texture": "#1"
				},
				"west": {
					"uv": [8.5, 5, 12.5, 5.5],
					"texture": "#1"
				},
				"up": {
					"uv": [4, 11.5, 3, 7.5],
					"texture": "#1"
				},
				"down": {
					"uv": [8.5, 4.5, 7.5, 8.5],
					"texture": "#1"
				}
			}
		},
		{
			"from": [-8.76712, 4.16438, 11.67123],
			"to": [-7.67123, 4.71233, 16.05479],
			"rotation": {
				"angle": 0,
				"axis": "y",
				"origin": [-8.21918, 4.16438, 15.50685]
			},
			"faces": {
				"north": {
					"uv": [6, 7.5, 7, 8],
					"texture": "#1"
				},
				"east": {
					"uv": [8.5, 4.5, 12.5, 5],
					"texture": "#1"
				},
				"south": {
					"uv": [6, 8, 7, 8.5],
					"texture": "#1"
				},
				"west": {
					"uv": [8.5, 5, 12.5, 5.5],
					"texture": "#1"
				},
				"up": {
					"uv": [4, 11.5, 3, 7.5],
					"texture": "#1"
				},
				"down": {
					"uv": [8.5, 4.5, 7.5, 8.5],
					"texture": "#1"
				}
			}
		},
		{
			"from": [-2.35616, 3.61644, 11.67123],
			"to": [-1.26027, 4.16438, 16.05479],
			"rotation": {
				"angle": 0,
				"axis": "y",
				"origin": [-1.80822, 3.61644, 15.50685]
			},
			"faces": {
				"north": {
					"uv": [6, 7.5, 7, 8],
					"texture": "#1"
				},
				"east": {
					"uv": [8.5, 4.5, 12.5, 5],
					"texture": "#1"
				},
				"south": {
					"uv": [6, 8, 7, 8.5],
					"texture": "#1"
				},
				"west": {
					"uv": [8.5, 5, 12.5, 5.5],
					"texture": "#1"
				},
				"up": {
					"uv": [4, 11.5, 3, 7.5],
					"texture": "#1"
				},
				"down": {
					"uv": [8.5, 4.5, 7.5, 8.5],
					"texture": "#1"
				}
			}
		},
		{
			"from": [-8.0411, 3.61644, 11.67123],
			"to": [-6.94521, 4.16438, 16.05479],
			"rotation": {
				"angle": 0,
				"axis": "y",
				"origin": [-7.49315, 3.61644, 15.50685]
			},
			"faces": {
				"north": {
					"uv": [6, 7.5, 7, 8],
					"texture": "#1"
				},
				"east": {
					"uv": [8.5, 4.5, 12.5, 5],
					"texture": "#1"
				},
				"south": {
					"uv": [6, 8, 7, 8.5],
					"texture": "#1"
				},
				"west": {
					"uv": [8.5, 5, 12.5, 5.5],
					"texture": "#1"
				},
				"up": {
					"uv": [4, 11.5, 3, 7.5],
					"texture": "#1"
				},
				"down": {
					"uv": [8.5, 4.5, 7.5, 8.5],
					"texture": "#1"
				}
			}
		},
		{
			"from": [1.73973, 3.61644, 11.67123],
			"to": [2.83562, 4.16438, 16.05479],
			"rotation": {
				"angle": 0,
				"axis": "y",
				"origin": [2.28767, 3.61644, 15.50685]
			},
			"faces": {
				"north": {
					"uv": [6, 7.5, 7, 8],
					"texture": "#1"
				},
				"east": {
					"uv": [8.5, 4.5, 12.5, 5],
					"texture": "#1"
				},
				"south": {
					"uv": [6, 8, 7, 8.5],
					"texture": "#1"
				},
				"west": {
					"uv": [8.5, 5, 12.5, 5.5],
					"texture": "#1"
				},
				"up": {
					"uv": [4, 11.5, 3, 7.5],
					"texture": "#1"
				},
				"down": {
					"uv": [8.5, 4.5, 7.5, 8.5],
					"texture": "#1"
				}
			}
		},
		{
			"from": [-9.47945, 3.61644, 11.67123],
			"to": [-8.38356, 4.16438, 16.05479],
			"rotation": {
				"angle": 0,
				"axis": "y",
				"origin": [-8.93151, 3.61644, 15.50685]
			},
			"faces": {
				"north": {
					"uv": [6, 7.5, 7, 8],
					"texture": "#1"
				},
				"east": {
					"uv": [8.5, 4.5, 12.5, 5],
					"texture": "#1"
				},
				"south": {
					"uv": [6, 8, 7, 8.5],
					"texture": "#1"
				},
				"west": {
					"uv": [8.5, 5, 12.5, 5.5],
					"texture": "#1"
				},
				"up": {
					"uv": [4, 11.5, 3, 7.5],
					"texture": "#1"
				},
				"down": {
					"uv": [8.5, 4.5, 7.5, 8.5],
					"texture": "#1"
				}
			}
		},
		{
			"from": [0.43836, 3.56164, 11.67123],
			"to": [0.9863, 4.65753, 16.05479],
			"rotation": {
				"angle": 22.5,
				"axis": "z",
				"origin": [0.43836, 4.10959, 15.50685]
			},
			"faces": {
				"north": {
					"uv": [6, 7.5, 7, 8],
					"rotation": 270,
					"texture": "#1"
				},
				"east": {
					"uv": [4, 11.5, 3, 7.5],
					"rotation": 90,
					"texture": "#1"
				},
				"south": {
					"uv": [6, 8, 7, 8.5],
					"rotation": 90,
					"texture": "#1"
				},
				"west": {
					"uv": [8.5, 4.5, 7.5, 8.5],
					"rotation": 90,
					"texture": "#1"
				},
				"up": {
					"uv": [8.5, 5, 12.5, 5.5],
					"rotation": 90,
					"texture": "#1"
				},
				"down": {
					"uv": [8.5, 4.5, 12.5, 5],
					"rotation": 90,
					"texture": "#1"
				}
			}
		},
		{
			"from": [-0.61644, 3.61644, 11.67123],
			"to": [0.47945, 4.16438, 16.05479],
			"rotation": {
				"angle": 0,
				"axis": "y",
				"origin": [-0.06849, 3.61644, 15.50685]
			},
			"faces": {
				"north": {
					"uv": [6, 7.5, 7, 8],
					"texture": "#1"
				},
				"east": {
					"uv": [8.5, 4.5, 12.5, 5],
					"texture": "#1"
				},
				"south": {
					"uv": [6, 8, 7, 8.5],
					"texture": "#1"
				},
				"west": {
					"uv": [8.5, 5, 12.5, 5.5],
					"texture": "#1"
				},
				"up": {
					"uv": [4, 11.5, 3, 7.5],
					"texture": "#1"
				},
				"down": {
					"uv": [8.5, 4.5, 7.5, 8.5],
					"texture": "#1"
				}
			}
		},
		{
			"from": [-3.56164, 3.61644, 11.67123],
			"to": [-2.46575, 4.16438, 16.05479],
			"rotation": {
				"angle": 0,
				"axis": "y",
				"origin": [-3.0137, 3.61644, 15.50685]
			},
			"faces": {
				"north": {
					"uv": [6, 7.5, 7, 8],
					"texture": "#1"
				},
				"east": {
					"uv": [8.5, 4.5, 12.5, 5],
					"texture": "#1"
				},
				"south": {
					"uv": [6, 8, 7, 8.5],
					"texture": "#1"
				},
				"west": {
					"uv": [8.5, 5, 12.5, 5.5],
					"texture": "#1"
				},
				"up": {
					"uv": [4, 11.5, 3, 7.5],
					"texture": "#1"
				},
				"down": {
					"uv": [8.5, 4.5, 7.5, 8.5],
					"texture": "#1"
				}
			}
		},
		{
			"from": [-4.38356, 4.16438, 11.67123],
			"to": [-3.28767, 4.71233, 16.05479],
			"rotation": {
				"angle": 22.5,
				"axis": "y",
				"origin": [-3.83562, 4.16438, 15.50685]
			},
			"faces": {
				"north": {
					"uv": [6, 7.5, 7, 8],
					"texture": "#1"
				},
				"east": {
					"uv": [8.5, 4.5, 12.5, 5],
					"texture": "#1"
				},
				"south": {
					"uv": [6, 8, 7, 8.5],
					"texture": "#1"
				},
				"west": {
					"uv": [8.5, 5, 12.5, 5.5],
					"texture": "#1"
				},
				"up": {
					"uv": [4, 11.5, 3, 7.5],
					"texture": "#1"
				},
				"down": {
					"uv": [8.5, 4.5, 7.5, 8.5],
					"texture": "#1"
				}
			}
		},
		{
			"from": [4.32877, 3.61644, 13.15068],
			"to": [7.61644, 6.90411, 14.79452],
			"rotation": {
				"angle": 22.5,
				"axis": "y",
				"origin": [7.06849, 3.61644, 13.69863]
			},
			"faces": {
				"north": {
					"uv": [3, 0, 6, 3],
					"texture": "#1"
				},
				"east": {
					"uv": [6, 4.5, 7.5, 7.5],
					"texture": "#1"
				},
				"south": {
					"uv": [3, 3, 6, 6],
					"texture": "#1"
				},
				"west": {
					"uv": [4.5, 6, 6, 9],
					"texture": "#1"
				},
				"up": {
					"uv": [9, 3, 7.5, 0],
					"rotation": 270,
					"texture": "#1"
				},
				"down": {
					"uv": [3, 7.5, 1.5, 10.5],
					"rotation": 90,
					"texture": "#1"
				}
			}
		},
		{
			"from": [9.69863, 3.61644, 13.15068],
			"to": [12.9863, 6.90411, 14.79452],
			"rotation": {
				"angle": 0,
				"axis": "y",
				"origin": [12.43836, 3.61644, 13.69863]
			},
			"faces": {
				"north": {
					"uv": [3, 0, 6, 3],
					"texture": "#1"
				},
				"east": {
					"uv": [6, 4.5, 7.5, 7.5],
					"texture": "#1"
				},
				"south": {
					"uv": [3, 3, 6, 6],
					"texture": "#1"
				},
				"west": {
					"uv": [4.5, 6, 6, 9],
					"texture": "#1"
				},
				"up": {
					"uv": [9, 3, 7.5, 0],
					"rotation": 270,
					"texture": "#1"
				},
				"down": {
					"uv": [3, 7.5, 1.5, 10.5],
					"rotation": 90,
					"texture": "#1"
				}
			}
		}
	]
}