{
	"textures": {
		"1": "animated_java:blueprint/polka2/products",
		"particle": "minecraft:item/pufferfish"
	},
	"display": {
		"head": {
			"rotation": [0, 180, 0]
		}
	},
	"elements": [
		{
			"from": [-0.95358, 17.90258, 2.33352],
			"to": [0.1467, 18.45272, 6.73467],
			"rotation": {
				"angle": 0,
				"axis": "y",
				"origin": [-0.40344, 17.90258, 6.18453]
			},
			"faces": {
				"north": {
					"uv": [6, 7.5, 7, 8],
					"texture": "#1"
				},
				"east": {
					"uv": [8.5, 4.5, 12.5, 5],
					"texture": "#1"
				},
				"south": {
					"uv": [6, 8, 7, 8.5],
					"texture": "#1"
				},
				"west": {
					"uv": [8.5, 5, 12.5, 5.5],
					"texture": "#1"
				},
				"up": {
					"uv": [4, 11.5, 3, 7.5],
					"texture": "#1"
				},
				"down": {
					"uv": [8.5, 4.5, 7.5, 8.5],
					"texture": "#1"
				}
			}
		},
		{
			"from": [0.36676, 17.90258, 2.33352],
			"to": [1.46705, 18.45272, 6.73467],
			"rotation": {
				"angle": 0,
				"axis": "y",
				"origin": [0.91691, 17.90258, 6.18453]
			},
			"faces": {
				"north": {
					"uv": [6, 7.5, 7, 8],
					"texture": "#1"
				},
				"east": {
					"uv": [8.5, 4.5, 12.5, 5],
					"texture": "#1"
				},
				"south": {
					"uv": [6, 8, 7, 8.5],
					"texture": "#1"
				},
				"west": {
					"uv": [8.5, 5, 12.5, 5.5],
					"texture": "#1"
				},
				"up": {
					"uv": [4, 11.5, 3, 7.5],
					"texture": "#1"
				},
				"down": {
					"uv": [8.5, 4.5, 7.5, 8.5],
					"texture": "#1"
				}
			}
		},
		{
			"from": [3.15874, 17.90258, 2.33352],
			"to": [4.25903, 18.45272, 6.73467],
			"rotation": {
				"angle": 0,
				"axis": "y",
				"origin": [3.70888, 17.90258, 6.18453]
			},
			"faces": {
				"north": {
					"uv": [6, 7.5, 7, 8],
					"texture": "#1"
				},
				"east": {
					"uv": [8.5, 4.5, 12.5, 5],
					"texture": "#1"
				},
				"south": {
					"uv": [6, 8, 7, 8.5],
					"texture": "#1"
				},
				"west": {
					"uv": [8.5, 5, 12.5, 5.5],
					"texture": "#1"
				},
				"up": {
					"uv": [4, 11.5, 3, 7.5],
					"texture": "#1"
				},
				"down": {
					"uv": [8.5, 4.5, 7.5, 8.5],
					"texture": "#1"
				}
			}
		},
		{
			"from": [-1.75129, 18.45272, 2.33352],
			"to": [-0.651, 19.00287, 6.73467],
			"rotation": {
				"angle": 0,
				"axis": "y",
				"origin": [-1.20115, 18.45272, 6.18453]
			},
			"faces": {
				"north": {
					"uv": [6, 7.5, 7, 8],
					"texture": "#1"
				},
				"east": {
					"uv": [8.5, 4.5, 12.5, 5],
					"texture": "#1"
				},
				"south": {
					"uv": [6, 8, 7, 8.5],
					"texture": "#1"
				},
				"west": {
					"uv": [8.5, 5, 12.5, 5.5],
					"texture": "#1"
				},
				"up": {
					"uv": [4, 11.5, 3, 7.5],
					"texture": "#1"
				},
				"down": {
					"uv": [8.5, 4.5, 7.5, 8.5],
					"texture": "#1"
				}
			}
		},
		{
			"from": [-3.99312, 17.90258, 2.33352],
			"to": [-2.89284, 18.45272, 6.73467],
			"rotation": {
				"angle": 0,
				"axis": "y",
				"origin": [-3.44298, 17.90258, 6.18453]
			},
			"faces": {
				"north": {
					"uv": [6, 7.5, 7, 8],
					"texture": "#1"
				},
				"east": {
					"uv": [8.5, 4.5, 12.5, 5],
					"texture": "#1"
				},
				"south": {
					"uv": [6, 8, 7, 8.5],
					"texture": "#1"
				},
				"west": {
					"uv": [8.5, 5, 12.5, 5.5],
					"texture": "#1"
				},
				"up": {
					"uv": [4, 11.5, 3, 7.5],
					"texture": "#1"
				},
				"down": {
					"uv": [8.5, 4.5, 7.5, 8.5],
					"texture": "#1"
				}
			}
		},
		{
			"from": [-0.63725, 18.39771, 2.33352],
			"to": [-0.08711, 19.49799, 6.73467],
			"rotation": {
				"angle": 22.5,
				"axis": "z",
				"origin": [-0.63725, 18.94785, 6.18453]
			},
			"faces": {
				"north": {
					"uv": [6, 7.5, 7, 8],
					"rotation": 270,
					"texture": "#1"
				},
				"east": {
					"uv": [4, 11.5, 3, 7.5],
					"rotation": 90,
					"texture": "#1"
				},
				"south": {
					"uv": [6, 8, 7, 8.5],
					"rotation": 90,
					"texture": "#1"
				},
				"west": {
					"uv": [8.5, 4.5, 7.5, 8.5],
					"rotation": 90,
					"texture": "#1"
				},
				"up": {
					"uv": [8.5, 5, 12.5, 5.5],
					"rotation": 90,
					"texture": "#1"
				},
				"down": {
					"uv": [8.5, 4.5, 12.5, 5],
					"rotation": 90,
					"texture": "#1"
				}
			}
		},
		{
			"from": [1.94842, 17.90258, 2.33352],
			"to": [3.04871, 18.45272, 6.73467],
			"rotation": {
				"angle": 0,
				"axis": "y",
				"origin": [2.49857, 17.90258, 6.18453]
			},
			"faces": {
				"north": {
					"uv": [6, 7.5, 7, 8],
					"texture": "#1"
				},
				"east": {
					"uv": [8.5, 4.5, 12.5, 5],
					"texture": "#1"
				},
				"south": {
					"uv": [6, 8, 7, 8.5],
					"texture": "#1"
				},
				"west": {
					"uv": [8.5, 5, 12.5, 5.5],
					"texture": "#1"
				},
				"up": {
					"uv": [4, 11.5, 3, 7.5],
					"texture": "#1"
				},
				"down": {
					"uv": [8.5, 4.5, 7.5, 8.5],
					"texture": "#1"
				}
			}
		},
		{
			"from": [-1.90258, 13.50143, 5.24928],
			"to": [0.84814, 16.80229, 6.89971],
			"rotation": {
				"angle": 0,
				"axis": "y",
				"origin": [-1.90258, 13.50143, 6.34957]
			},
			"faces": {
				"north": {
					"uv": [0, 0, 3, 3],
					"texture": "#1"
				},
				"east": {
					"uv": [0, 6, 1.5, 9],
					"texture": "#1"
				},
				"south": {
					"uv": [0, 3, 3, 6],
					"texture": "#1"
				},
				"west": {
					"uv": [6, 0, 7.5, 3],
					"texture": "#1"
				},
				"up": {
					"uv": [4.5, 7.5, 1.5, 6],
					"texture": "#1"
				},
				"down": {
					"uv": [9, 3, 6, 4.5],
					"texture": "#1"
				}
			}
		},
		{
			"from": [2.9937, 13.50143, 5.24928],
			"to": [5.74441, 16.80229, 6.89971],
			"rotation": {
				"angle": 0,
				"axis": "y",
				"origin": [2.9937, 13.50143, 6.34957]
			},
			"faces": {
				"north": {
					"uv": [0, 0, 3, 3],
					"texture": "#1"
				},
				"east": {
					"uv": [0, 6, 1.5, 9],
					"texture": "#1"
				},
				"south": {
					"uv": [0, 3, 3, 6],
					"texture": "#1"
				},
				"west": {
					"uv": [6, 0, 7.5, 3],
					"texture": "#1"
				},
				"up": {
					"uv": [4.5, 7.5, 1.5, 6],
					"texture": "#1"
				},
				"down": {
					"uv": [9, 3, 6, 4.5],
					"texture": "#1"
				}
			}
		},
		{
			"from": [3.44756, 13.50143, 2.47106],
			"to": [6.19828, 16.80229, 4.12149],
			"rotation": {
				"angle": -22.5,
				"axis": "y",
				"origin": [3.44756, 13.50143, 3.57135]
			},
			"faces": {
				"north": {
					"uv": [0, 0, 3, 3],
					"texture": "#1"
				},
				"east": {
					"uv": [0, 6, 1.5, 9],
					"texture": "#1"
				},
				"south": {
					"uv": [0, 3, 3, 6],
					"texture": "#1"
				},
				"west": {
					"uv": [6, 0, 7.5, 3],
					"texture": "#1"
				},
				"up": {
					"uv": [4.5, 7.5, 1.5, 6],
					"texture": "#1"
				},
				"down": {
					"uv": [9, 3, 6, 4.5],
					"texture": "#1"
				}
			}
		},
		{
			"from": [11.97479, 13.50143, 5.24928],
			"to": [14.7255, 16.80229, 6.89971],
			"rotation": {
				"angle": 0,
				"axis": "y",
				"origin": [11.97479, 13.50143, 6.34957]
			},
			"faces": {
				"north": {
					"uv": [0, 0, 3, 3],
					"texture": "#1"
				},
				"east": {
					"uv": [0, 6, 1.5, 9],
					"texture": "#1"
				},
				"south": {
					"uv": [0, 3, 3, 6],
					"texture": "#1"
				},
				"west": {
					"uv": [6, 0, 7.5, 3],
					"texture": "#1"
				},
				"up": {
					"uv": [4.5, 7.5, 1.5, 6],
					"texture": "#1"
				},
				"down": {
					"uv": [9, 3, 6, 4.5],
					"texture": "#1"
				}
			}
		},
		{
			"from": [17.07736, 13.50143, 5.24928],
			"to": [19.82808, 16.80229, 6.89971],
			"rotation": {
				"angle": 0,
				"axis": "y",
				"origin": [17.07736, 13.50143, 6.34957]
			},
			"faces": {
				"north": {
					"uv": [0, 0, 3, 3],
					"texture": "#1"
				},
				"east": {
					"uv": [0, 6, 1.5, 9],
					"texture": "#1"
				},
				"south": {
					"uv": [0, 3, 3, 6],
					"texture": "#1"
				},
				"west": {
					"uv": [6, 0, 7.5, 3],
					"texture": "#1"
				},
				"up": {
					"uv": [4.5, 7.5, 1.5, 6],
					"texture": "#1"
				},
				"down": {
					"uv": [9, 3, 6, 4.5],
					"texture": "#1"
				}
			}
		},
		{
			"from": [7.66991, 13.50143, 5.24928],
			"to": [10.42063, 16.80229, 6.89971],
			"rotation": {
				"angle": 0,
				"axis": "y",
				"origin": [7.66991, 13.50143, 6.34957]
			},
			"faces": {
				"north": {
					"uv": [0, 0, 3, 3],
					"texture": "#1"
				},
				"east": {
					"uv": [0, 6, 1.5, 9],
					"texture": "#1"
				},
				"south": {
					"uv": [0, 3, 3, 6],
					"texture": "#1"
				},
				"west": {
					"uv": [6, 0, 7.5, 3],
					"texture": "#1"
				},
				"up": {
					"uv": [4.5, 7.5, 1.5, 6],
					"texture": "#1"
				},
				"down": {
					"uv": [9, 3, 6, 4.5],
					"texture": "#1"
				}
			}
		},
		{
			"from": [11.851, 13.50143, 3.29628],
			"to": [14.60172, 16.80229, 4.9467],
			"rotation": {
				"angle": 22.5,
				"axis": "y",
				"origin": [11.851, 13.50143, 4.39656]
			},
			"faces": {
				"north": {
					"uv": [0, 0, 3, 3],
					"texture": "#1"
				},
				"east": {
					"uv": [0, 6, 1.5, 9],
					"texture": "#1"
				},
				"south": {
					"uv": [0, 3, 3, 6],
					"texture": "#1"
				},
				"west": {
					"uv": [6, 0, 7.5, 3],
					"texture": "#1"
				},
				"up": {
					"uv": [4.5, 7.5, 1.5, 6],
					"texture": "#1"
				},
				"down": {
					"uv": [9, 3, 6, 4.5],
					"texture": "#1"
				}
			}
		},
		{
			"from": [16.34842, 13.50143, 2.73238],
			"to": [19.09914, 16.80229, 4.38281],
			"rotation": {
				"angle": 0,
				"axis": "y",
				"origin": [16.34842, 13.50143, 3.83266]
			},
			"faces": {
				"north": {
					"uv": [0, 0, 3, 3],
					"texture": "#1"
				},
				"east": {
					"uv": [0, 6, 1.5, 9],
					"texture": "#1"
				},
				"south": {
					"uv": [0, 3, 3, 6],
					"texture": "#1"
				},
				"west": {
					"uv": [6, 0, 7.5, 3],
					"texture": "#1"
				},
				"up": {
					"uv": [4.5, 7.5, 1.5, 6],
					"texture": "#1"
				},
				"down": {
					"uv": [9, 3, 6, 4.5],
					"texture": "#1"
				}
			}
		},
		{
			"from": [-4.17192, 17.90258, 9.89799],
			"to": [-1.4212, 21.20344, 11.54842],
			"rotation": {
				"angle": 0,
				"axis": "y",
				"origin": [-1.4212, 17.90258, 10.44814]
			},
			"faces": {
				"north": {
					"uv": [0, 3, 3, 6],
					"texture": "#1"
				},
				"east": {
					"uv": [6, 0, 7.5, 3],
					"texture": "#1"
				},
				"south": {
					"uv": [0, 0, 3, 3],
					"texture": "#1"
				},
				"west": {
					"uv": [0, 6, 1.5, 9],
					"texture": "#1"
				},
				"up": {
					"uv": [4.5, 7.5, 1.5, 6],
					"rotation": 180,
					"texture": "#1"
				},
				"down": {
					"uv": [9, 3, 6, 4.5],
					"rotation": 180,
					"texture": "#1"
				}
			}
		},
		{
			"from": [15.79828, 17.90258, 9.88424],
			"to": [18.549, 21.20344, 11.53467],
			"rotation": {
				"angle": 0,
				"axis": "y",
				"origin": [18.549, 17.90258, 10.43438]
			},
			"faces": {
				"north": {
					"uv": [0, 3, 3, 6],
					"texture": "#1"
				},
				"east": {
					"uv": [6, 0, 7.5, 3],
					"texture": "#1"
				},
				"south": {
					"uv": [0, 0, 3, 3],
					"texture": "#1"
				},
				"west": {
					"uv": [0, 6, 1.5, 9],
					"texture": "#1"
				},
				"up": {
					"uv": [4.5, 7.5, 1.5, 6],
					"rotation": 180,
					"texture": "#1"
				},
				"down": {
					"uv": [9, 3, 6, 4.5],
					"rotation": 180,
					"texture": "#1"
				}
			}
		},
		{
			"from": [12.29112, 17.90258, 9.95301],
			"to": [15.04183, 21.20344, 11.60344],
			"rotation": {
				"angle": 0,
				"axis": "y",
				"origin": [15.04183, 17.90258, 10.50315]
			},
			"faces": {
				"north": {
					"uv": [0, 3, 3, 6],
					"texture": "#1"
				},
				"east": {
					"uv": [6, 0, 7.5, 3],
					"texture": "#1"
				},
				"south": {
					"uv": [0, 0, 3, 3],
					"texture": "#1"
				},
				"west": {
					"uv": [0, 6, 1.5, 9],
					"texture": "#1"
				},
				"up": {
					"uv": [4.5, 7.5, 1.5, 6],
					"rotation": 180,
					"texture": "#1"
				},
				"down": {
					"uv": [9, 3, 6, 4.5],
					"rotation": 180,
					"texture": "#1"
				}
			}
		},
		{
			"from": [7.11977, 17.90258, 12.40115],
			"to": [9.87049, 21.20344, 14.05158],
			"rotation": {
				"angle": 0,
				"axis": "y",
				"origin": [9.87049, 17.90258, 12.95129]
			},
			"faces": {
				"north": {
					"uv": [0, 3, 3, 6],
					"texture": "#1"
				},
				"east": {
					"uv": [6, 0, 7.5, 3],
					"texture": "#1"
				},
				"south": {
					"uv": [0, 0, 3, 3],
					"texture": "#1"
				},
				"west": {
					"uv": [0, 6, 1.5, 9],
					"texture": "#1"
				},
				"up": {
					"uv": [4.5, 7.5, 1.5, 6],
					"rotation": 180,
					"texture": "#1"
				},
				"down": {
					"uv": [9, 3, 6, 4.5],
					"rotation": 180,
					"texture": "#1"
				}
			}
		},
		{
			"from": [16.52722, 17.90258, 12.40115],
			"to": [19.27794, 21.20344, 14.05158],
			"rotation": {
				"angle": 0,
				"axis": "y",
				"origin": [19.27794, 17.90258, 12.95129]
			},
			"faces": {
				"north": {
					"uv": [0, 3, 3, 6],
					"texture": "#1"
				},
				"east": {
					"uv": [6, 0, 7.5, 3],
					"texture": "#1"
				},
				"south": {
					"uv": [0, 0, 3, 3],
					"texture": "#1"
				},
				"west": {
					"uv": [0, 6, 1.5, 9],
					"texture": "#1"
				},
				"up": {
					"uv": [4.5, 7.5, 1.5, 6],
					"rotation": 180,
					"texture": "#1"
				},
				"down": {
					"uv": [9, 3, 6, 4.5],
					"rotation": 180,
					"texture": "#1"
				}
			}
		},
		{
			"from": [11.42464, 17.90258, 12.40115],
			"to": [14.17536, 21.20344, 14.05158],
			"rotation": {
				"angle": 0,
				"axis": "y",
				"origin": [14.17536, 17.90258, 12.95129]
			},
			"faces": {
				"north": {
					"uv": [0, 3, 3, 6],
					"texture": "#1"
				},
				"east": {
					"uv": [6, 0, 7.5, 3],
					"texture": "#1"
				},
				"south": {
					"uv": [0, 0, 3, 3],
					"texture": "#1"
				},
				"west": {
					"uv": [0, 6, 1.5, 9],
					"texture": "#1"
				},
				"up": {
					"uv": [4.5, 7.5, 1.5, 6],
					"rotation": 180,
					"texture": "#1"
				},
				"down": {
					"uv": [9, 3, 6, 4.5],
					"rotation": 180,
					"texture": "#1"
				}
			}
		},
		{
			"from": [2.89742, 17.90258, 9.89799],
			"to": [5.64814, 21.20344, 11.54842],
			"rotation": {
				"angle": 0,
				"axis": "y",
				"origin": [5.64814, 17.90258, 10.44814]
			},
			"faces": {
				"north": {
					"uv": [0, 3, 3, 6],
					"texture": "#1"
				},
				"east": {
					"uv": [6, 0, 7.5, 3],
					"texture": "#1"
				},
				"south": {
					"uv": [0, 0, 3, 3],
					"texture": "#1"
				},
				"west": {
					"uv": [0, 6, 1.5, 9],
					"texture": "#1"
				},
				"up": {
					"uv": [4.5, 7.5, 1.5, 6],
					"rotation": 180,
					"texture": "#1"
				},
				"down": {
					"uv": [9, 3, 6, 4.5],
					"rotation": 180,
					"texture": "#1"
				}
			}
		},
		{
			"from": [2.44355, 17.90258, 12.40115],
			"to": [5.19427, 21.20344, 14.05158],
			"rotation": {
				"angle": 0,
				"axis": "y",
				"origin": [5.19427, 17.90258, 12.95129]
			},
			"faces": {
				"north": {
					"uv": [0, 3, 3, 6],
					"texture": "#1"
				},
				"east": {
					"uv": [6, 0, 7.5, 3],
					"texture": "#1"
				},
				"south": {
					"uv": [0, 0, 3, 3],
					"texture": "#1"
				},
				"west": {
					"uv": [0, 6, 1.5, 9],
					"texture": "#1"
				},
				"up": {
					"uv": [4.5, 7.5, 1.5, 6],
					"rotation": 180,
					"texture": "#1"
				},
				"down": {
					"uv": [9, 3, 6, 4.5],
					"rotation": 180,
					"texture": "#1"
				}
			}
		},
		{
			"from": [-2.45272, 17.90258, 12.40115],
			"to": [0.29799, 21.20344, 14.05158],
			"rotation": {
				"angle": 0,
				"axis": "y",
				"origin": [0.29799, 17.90258, 12.95129]
			},
			"faces": {
				"north": {
					"uv": [0, 3, 3, 6],
					"texture": "#1"
				},
				"east": {
					"uv": [6, 0, 7.5, 3],
					"texture": "#1"
				},
				"south": {
					"uv": [0, 0, 3, 3],
					"texture": "#1"
				},
				"west": {
					"uv": [0, 6, 1.5, 9],
					"texture": "#1"
				},
				"up": {
					"uv": [4.5, 7.5, 1.5, 6],
					"rotation": 180,
					"texture": "#1"
				},
				"down": {
					"uv": [9, 3, 6, 4.5],
					"rotation": 180,
					"texture": "#1"
				}
			}
		},
		{
			"from": [-3.62178, 13.50143, 2.74613],
			"to": [-0.87106, 16.80229, 4.39656],
			"rotation": {
				"angle": 0,
				"axis": "y",
				"origin": [-3.62178, 13.50143, 3.84642]
			},
			"faces": {
				"north": {
					"uv": [0, 0, 3, 3],
					"texture": "#1"
				},
				"east": {
					"uv": [0, 6, 1.5, 9],
					"texture": "#1"
				},
				"south": {
					"uv": [0, 3, 3, 6],
					"texture": "#1"
				},
				"west": {
					"uv": [6, 0, 7.5, 3],
					"texture": "#1"
				},
				"up": {
					"uv": [4.5, 7.5, 1.5, 6],
					"texture": "#1"
				},
				"down": {
					"uv": [9, 3, 6, 4.5],
					"texture": "#1"
				}
			}
		},
		{
			"from": [4.90544, 17.90258, 2.33352],
			"to": [6.00573, 18.45272, 6.73467],
			"rotation": {
				"angle": 0,
				"axis": "y",
				"origin": [5.45559, 17.90258, 6.18453]
			},
			"faces": {
				"north": {
					"uv": [6, 7.5, 7, 8],
					"texture": "#1"
				},
				"east": {
					"uv": [8.5, 4.5, 12.5, 5],
					"texture": "#1"
				},
				"south": {
					"uv": [6, 8, 7, 8.5],
					"texture": "#1"
				},
				"west": {
					"uv": [8.5, 5, 12.5, 5.5],
					"texture": "#1"
				},
				"up": {
					"uv": [4, 11.5, 3, 7.5],
					"texture": "#1"
				},
				"down": {
					"uv": [8.5, 4.5, 7.5, 8.5],
					"texture": "#1"
				}
			}
		},
		{
			"from": [-3.27794, 18.45272, 2.33352],
			"to": [-2.17765, 19.00287, 6.73467],
			"rotation": {
				"angle": 0,
				"axis": "y",
				"origin": [-2.72779, 18.45272, 6.18453]
			},
			"faces": {
				"north": {
					"uv": [6, 7.5, 7, 8],
					"texture": "#1"
				},
				"east": {
					"uv": [8.5, 4.5, 12.5, 5],
					"texture": "#1"
				},
				"south": {
					"uv": [6, 8, 7, 8.5],
					"texture": "#1"
				},
				"west": {
					"uv": [8.5, 5, 12.5, 5.5],
					"texture": "#1"
				},
				"up": {
					"uv": [4, 11.5, 3, 7.5],
					"texture": "#1"
				},
				"down": {
					"uv": [8.5, 4.5, 7.5, 8.5],
					"texture": "#1"
				}
			}
		},
		{
			"from": [1.78338, 18.45272, 2.33352],
			"to": [2.88367, 19.00287, 6.73467],
			"rotation": {
				"angle": 22.5,
				"axis": "y",
				"origin": [2.33352, 18.45272, 6.18453]
			},
			"faces": {
				"north": {
					"uv": [6, 7.5, 7, 8],
					"texture": "#1"
				},
				"east": {
					"uv": [8.5, 4.5, 12.5, 5],
					"texture": "#1"
				},
				"south": {
					"uv": [6, 8, 7, 8.5],
					"texture": "#1"
				},
				"west": {
					"uv": [8.5, 5, 12.5, 5.5],
					"texture": "#1"
				},
				"up": {
					"uv": [4, 11.5, 3, 7.5],
					"texture": "#1"
				},
				"down": {
					"uv": [8.5, 4.5, 7.5, 8.5],
					"texture": "#1"
				}
			}
		},
		{
			"from": [-2.549, 17.90258, 2.33352],
			"to": [-1.44871, 18.45272, 6.73467],
			"rotation": {
				"angle": 0,
				"axis": "y",
				"origin": [-1.99885, 17.90258, 6.18453]
			},
			"faces": {
				"north": {
					"uv": [6, 7.5, 7, 8],
					"texture": "#1"
				},
				"east": {
					"uv": [8.5, 4.5, 12.5, 5],
					"texture": "#1"
				},
				"south": {
					"uv": [6, 8, 7, 8.5],
					"texture": "#1"
				},
				"west": {
					"uv": [8.5, 5, 12.5, 5.5],
					"texture": "#1"
				},
				"up": {
					"uv": [4, 11.5, 3, 7.5],
					"texture": "#1"
				},
				"down": {
					"uv": [8.5, 4.5, 7.5, 8.5],
					"texture": "#1"
				}
			}
		}
	]
}