{
	"textures": {
		"2": "animated_java:blueprint/polkasoka/sok2",
		"particle": "minecraft:item/pufferfish"
	},
	"display": {
		"head": {
			"rotation": [0, 180, 0]
		}
	},
	"elements": [
		{
			"from": [7.7, 8, 9.5],
			"to": [10.7, 14, 12.5],
			"rotation": {
				"angle": 0,
				"axis": "y",
				"origin": [8.7, 8, 10.5]
			},
			"faces": {
				"north": {
					"uv": [0, 0, 3, 6],
					"texture": "#2"
				},
				"east": {
					"uv": [3, 0, 6, 6],
					"texture": "#2"
				},
				"south": {
					"uv": [0, 6, 3, 12],
					"texture": "#2"
				},
				"west": {
					"uv": [6, 0, 9, 6],
					"texture": "#2"
				},
				"up": {
					"uv": [6, 9, 3, 6],
					"texture": "#2"
				},
				"down": {
					"uv": [9, 6, 6, 9],
					"texture": "#2"
				}
			}
		},
		{
			"from": [8.7, 13, 11.2],
			"to": [9.7, 14.4, 12.1],
			"rotation": {
				"angle": 0,
				"axis": "y",
				"origin": [8.7, 13, 11.5]
			},
			"faces": {
				"north": {
					"uv": [9, 0, 10, 1.375],
					"texture": "#2"
				},
				"east": {
					"uv": [3, 9, 3.875, 10.375],
					"texture": "#2"
				},
				"south": {
					"uv": [9, 2, 10, 3.375],
					"texture": "#2"
				},
				"west": {
					"uv": [4, 9, 4.875, 10.375],
					"texture": "#2"
				},
				"up": {
					"uv": [10, 4.875, 9, 4],
					"texture": "#2"
				},
				"down": {
					"uv": [6, 9, 5, 9.875],
					"texture": "#2"
				}
			}
		}
	]
}