{
	"textures": {
		"3": "animated_java:blueprint/polkasoka/sok3",
		"particle": "minecraft:item/pufferfish"
	},
	"display": {
		"head": {
			"rotation": [0, 180, 0]
		}
	},
	"elements": [
		{
			"from": [7.39394, 8, 7.0303],
			"to": [9.21212, 11.63636, 8.84848],
			"rotation": {
				"angle": 0,
				"axis": "y",
				"origin": [8, 8, 7.63636]
			},
			"faces": {
				"north": {
					"uv": [0, 6, 3, 12],
					"texture": "#3"
				},
				"east": {
					"uv": [3, 0, 6, 6],
					"texture": "#3"
				},
				"south": {
					"uv": [0, 6, 3, 12],
					"texture": "#3"
				},
				"west": {
					"uv": [6, 0, 9, 6],
					"texture": "#3"
				},
				"up": {
					"uv": [6, 9, 3, 6],
					"texture": "#3"
				},
				"down": {
					"uv": [9, 6, 6, 9],
					"texture": "#3"
				}
			}
		},
		{
			"from": [-7.15152, 11.0303, 6.78788],
			"to": [-6.54545, 11.87879, 7.33333],
			"rotation": {
				"angle": 0,
				"axis": "y",
				"origin": [-7.15152, 11.0303, 6.9697]
			},
			"faces": {
				"north": {
					"uv": [9, 0, 10, 1.375],
					"texture": "#3"
				},
				"east": {
					"uv": [3, 9, 3.875, 10.375],
					"texture": "#3"
				},
				"south": {
					"uv": [9, 2, 10, 3.375],
					"texture": "#3"
				},
				"west": {
					"uv": [4, 9, 4.875, 10.375],
					"texture": "#3"
				},
				"up": {
					"uv": [10, 4.875, 9, 4],
					"texture": "#3"
				},
				"down": {
					"uv": [6, 9, 5, 9.875],
					"texture": "#3"
				}
			}
		},
		{
			"from": [-0.60606, 8, 7.39394],
			"to": [1.21212, 11.63636, 9.21212],
			"rotation": {
				"angle": 0,
				"axis": "y",
				"origin": [0, 8, 8]
			},
			"faces": {
				"north": {
					"uv": [0, 6, 3, 12],
					"texture": "#3"
				},
				"east": {
					"uv": [3, 0, 6, 6],
					"texture": "#3"
				},
				"south": {
					"uv": [0, 6, 3, 12],
					"texture": "#3"
				},
				"west": {
					"uv": [6, 0, 9, 6],
					"texture": "#3"
				},
				"up": {
					"uv": [6, 9, 3, 6],
					"texture": "#3"
				},
				"down": {
					"uv": [9, 6, 6, 9],
					"texture": "#3"
				}
			}
		},
		{
			"from": [0, 11.0303, 8.42424],
			"to": [0.60606, 11.87879, 8.9697],
			"rotation": {
				"angle": 0,
				"axis": "y",
				"origin": [0, 11.0303, 8.60606]
			},
			"faces": {
				"north": {
					"uv": [9, 0, 10, 1.375],
					"texture": "#3"
				},
				"east": {
					"uv": [3, 9, 3.875, 10.375],
					"texture": "#3"
				},
				"south": {
					"uv": [9, 2, 10, 3.375],
					"texture": "#3"
				},
				"west": {
					"uv": [4, 9, 4.875, 10.375],
					"texture": "#3"
				},
				"up": {
					"uv": [10, 4.875, 9, 4],
					"texture": "#3"
				},
				"down": {
					"uv": [6, 9, 5, 9.875],
					"texture": "#3"
				}
			}
		},
		{
			"from": [-3.51515, 8, 6.60606],
			"to": [-1.69697, 11.63636, 8.42424],
			"rotation": {
				"angle": 0,
				"axis": "y",
				"origin": [-2.90909, 8, 7.21212]
			},
			"faces": {
				"north": {
					"uv": [0, 6, 3, 12],
					"texture": "#3"
				},
				"east": {
					"uv": [3, 0, 6, 6],
					"texture": "#3"
				},
				"south": {
					"uv": [0, 6, 3, 12],
					"texture": "#3"
				},
				"west": {
					"uv": [6, 0, 9, 6],
					"texture": "#3"
				},
				"up": {
					"uv": [6, 9, 3, 6],
					"texture": "#3"
				},
				"down": {
					"uv": [9, 6, 6, 9],
					"texture": "#3"
				}
			}
		},
		{
			"from": [-2.90909, 11.0303, 7.63636],
			"to": [-2.30303, 11.87879, 8.18182],
			"rotation": {
				"angle": 0,
				"axis": "y",
				"origin": [-2.90909, 11.0303, 7.81818]
			},
			"faces": {
				"north": {
					"uv": [9, 0, 10, 1.375],
					"texture": "#3"
				},
				"east": {
					"uv": [3, 9, 3.875, 10.375],
					"texture": "#3"
				},
				"south": {
					"uv": [9, 2, 10, 3.375],
					"texture": "#3"
				},
				"west": {
					"uv": [4, 9, 4.875, 10.375],
					"texture": "#3"
				},
				"up": {
					"uv": [10, 4.875, 9, 4],
					"texture": "#3"
				},
				"down": {
					"uv": [6, 9, 5, 9.875],
					"texture": "#3"
				}
			}
		},
		{
			"from": [4.24242, 8, 6.42424],
			"to": [6.06061, 11.63636, 8.24242],
			"rotation": {
				"angle": 0,
				"axis": "y",
				"origin": [4.84848, 8, 7.0303]
			},
			"faces": {
				"north": {
					"uv": [0, 6, 3, 12],
					"texture": "#3"
				},
				"east": {
					"uv": [3, 0, 6, 6],
					"texture": "#3"
				},
				"south": {
					"uv": [0, 6, 3, 12],
					"texture": "#3"
				},
				"west": {
					"uv": [6, 0, 9, 6],
					"texture": "#3"
				},
				"up": {
					"uv": [6, 9, 3, 6],
					"texture": "#3"
				},
				"down": {
					"uv": [9, 6, 6, 9],
					"texture": "#3"
				}
			}
		},
		{
			"from": [5.57576, 11.0303, 7.45455],
			"to": [6.18182, 11.87879, 8],
			"rotation": {
				"angle": 0,
				"axis": "y",
				"origin": [5.57576, 11.0303, 7.63636]
			},
			"faces": {
				"north": {
					"uv": [9, 0, 10, 1.375],
					"texture": "#3"
				},
				"east": {
					"uv": [3, 9, 3.875, 10.375],
					"texture": "#3"
				},
				"south": {
					"uv": [9, 2, 10, 3.375],
					"texture": "#3"
				},
				"west": {
					"uv": [4, 9, 4.875, 10.375],
					"texture": "#3"
				},
				"up": {
					"uv": [10, 4.875, 9, 4],
					"texture": "#3"
				},
				"down": {
					"uv": [6, 9, 5, 9.875],
					"texture": "#3"
				}
			}
		},
		{
			"from": [12.24242, 11.0303, 6.78788],
			"to": [12.84848, 11.87879, 7.33333],
			"rotation": {
				"angle": 0,
				"axis": "y",
				"origin": [12.24242, 11.0303, 6.9697]
			},
			"faces": {
				"north": {
					"uv": [9, 0, 10, 1.375],
					"texture": "#3"
				},
				"east": {
					"uv": [3, 9, 3.875, 10.375],
					"texture": "#3"
				},
				"south": {
					"uv": [9, 2, 10, 3.375],
					"texture": "#3"
				},
				"west": {
					"uv": [4, 9, 4.875, 10.375],
					"texture": "#3"
				},
				"up": {
					"uv": [10, 4.875, 9, 4],
					"texture": "#3"
				},
				"down": {
					"uv": [6, 9, 5, 9.875],
					"texture": "#3"
				}
			}
		},
		{
			"from": [11.63636, 8, 7.39394],
			"to": [13.45455, 11.63636, 9.21212],
			"rotation": {
				"angle": 0,
				"axis": "y",
				"origin": [12.24242, 8, 8]
			},
			"faces": {
				"north": {
					"uv": [0, 6, 3, 12],
					"texture": "#3"
				},
				"east": {
					"uv": [3, 0, 6, 6],
					"texture": "#3"
				},
				"south": {
					"uv": [0, 6, 3, 12],
					"texture": "#3"
				},
				"west": {
					"uv": [6, 0, 9, 6],
					"texture": "#3"
				},
				"up": {
					"uv": [6, 9, 3, 6],
					"texture": "#3"
				},
				"down": {
					"uv": [9, 6, 6, 9],
					"texture": "#3"
				}
			}
		},
		{
			"from": [14.42424, 8, 8.24242],
			"to": [16.24242, 11.63636, 10.06061],
			"rotation": {
				"angle": 0,
				"axis": "y",
				"origin": [15.0303, 8, 8.84848]
			},
			"faces": {
				"north": {
					"uv": [0, 6, 3, 12],
					"texture": "#3"
				},
				"east": {
					"uv": [3, 0, 6, 6],
					"texture": "#3"
				},
				"south": {
					"uv": [0, 6, 3, 12],
					"texture": "#3"
				},
				"west": {
					"uv": [6, 0, 9, 6],
					"texture": "#3"
				},
				"up": {
					"uv": [6, 9, 3, 6],
					"texture": "#3"
				},
				"down": {
					"uv": [9, 6, 6, 9],
					"texture": "#3"
				}
			}
		},
		{
			"from": [15.0303, 11.0303, 9.27273],
			"to": [15.63636, 11.87879, 9.81818],
			"rotation": {
				"angle": 0,
				"axis": "y",
				"origin": [15.0303, 11.0303, 9.45455]
			},
			"faces": {
				"north": {
					"uv": [9, 0, 10, 1.375],
					"texture": "#3"
				},
				"east": {
					"uv": [3, 9, 3.875, 10.375],
					"texture": "#3"
				},
				"south": {
					"uv": [9, 2, 10, 3.375],
					"texture": "#3"
				},
				"west": {
					"uv": [4, 9, 4.875, 10.375],
					"texture": "#3"
				},
				"up": {
					"uv": [10, 4.875, 9, 4],
					"texture": "#3"
				},
				"down": {
					"uv": [6, 9, 5, 9.875],
					"texture": "#3"
				}
			}
		},
		{
			"from": [-7.75758, 8, 5.75758],
			"to": [-5.93939, 11.63636, 7.57576],
			"rotation": {
				"angle": 0,
				"axis": "y",
				"origin": [-7.15152, 8, 6.36364]
			},
			"faces": {
				"north": {
					"uv": [0, 6, 3, 12],
					"texture": "#3"
				},
				"east": {
					"uv": [3, 0, 6, 6],
					"texture": "#3"
				},
				"south": {
					"uv": [0, 6, 3, 12],
					"texture": "#3"
				},
				"west": {
					"uv": [6, 0, 9, 6],
					"texture": "#3"
				},
				"up": {
					"uv": [6, 9, 3, 6],
					"texture": "#3"
				},
				"down": {
					"uv": [9, 6, 6, 9],
					"texture": "#3"
				}
			}
		},
		{
			"from": [8, 11.0303, 8.06061],
			"to": [8.60606, 11.87879, 8.60606],
			"rotation": {
				"angle": 0,
				"axis": "y",
				"origin": [8, 11.0303, 8.24242]
			},
			"faces": {
				"north": {
					"uv": [9, 0, 10, 1.375],
					"texture": "#3"
				},
				"east": {
					"uv": [3, 9, 3.875, 10.375],
					"texture": "#3"
				},
				"south": {
					"uv": [9, 2, 10, 3.375],
					"texture": "#3"
				},
				"west": {
					"uv": [4, 9, 4.875, 10.375],
					"texture": "#3"
				},
				"up": {
					"uv": [10, 4.875, 9, 4],
					"texture": "#3"
				},
				"down": {
					"uv": [6, 9, 5, 9.875],
					"texture": "#3"
				}
			}
		}
	]
}