{
	"textures": {
		"1": "animated_java:blueprint/polkasoka/sok1",
		"particle": "minecraft:item/pufferfish"
	},
	"display": {
		"head": {
			"rotation": [0, 180, 0]
		}
	},
	"elements": [
		{
			"from": [7, 8, 7],
			"to": [10, 14, 10],
			"rotation": {
				"angle": 0,
				"axis": "y",
				"origin": [8, 8, 8]
			},
			"faces": {
				"north": {
					"uv": [0, 0, 3, 6],
					"texture": "#1"
				},
				"east": {
					"uv": [3, 0, 6, 6],
					"texture": "#1"
				},
				"south": {
					"uv": [0, 6, 3, 12],
					"texture": "#1"
				},
				"west": {
					"uv": [6, 0, 9, 6],
					"texture": "#1"
				},
				"up": {
					"uv": [6, 9, 3, 6],
					"texture": "#1"
				},
				"down": {
					"uv": [9, 6, 6, 9],
					"texture": "#1"
				}
			}
		},
		{
			"from": [8, 13, 8.7],
			"to": [9, 14.4, 9.6],
			"rotation": {
				"angle": 0,
				"axis": "y",
				"origin": [8, 13, 9]
			},
			"faces": {
				"north": {
					"uv": [9, 0, 10, 1.625],
					"texture": "#1"
				},
				"east": {
					"uv": [3, 9, 3.875, 10.625],
					"texture": "#1"
				},
				"south": {
					"uv": [9, 2, 10, 3.625],
					"texture": "#1"
				},
				"west": {
					"uv": [4, 9, 4.875, 10.625],
					"texture": "#1"
				},
				"up": {
					"uv": [10, 4.875, 9, 4],
					"texture": "#1"
				},
				"down": {
					"uv": [6, 9, 5, 9.875],
					"texture": "#1"
				}
			}
		}
	]
}