{
	"textures": {
		"1": "animated_java:blueprint/polkasoka/sok1",
		"particle": "minecraft:item/pufferfish"
	},
	"display": {
		"head": {
			"rotation": [0, 180, 0]
		}
	},
	"elements": [
		{
			"from": [29.06122, 8, 7.02041],
			"to": [32, 13.87755, 9.95918],
			"rotation": {
				"angle": 0,
				"axis": "y",
				"origin": [30.04082, 8, 8]
			},
			"faces": {
				"north": {
					"uv": [0, 0, 3, 6],
					"texture": "#1"
				},
				"east": {
					"uv": [3, 0, 6, 6],
					"texture": "#1"
				},
				"south": {
					"uv": [0, 6, 3, 12],
					"texture": "#1"
				},
				"west": {
					"uv": [6, 0, 9, 6],
					"texture": "#1"
				},
				"up": {
					"uv": [6, 9, 3, 6],
					"texture": "#1"
				},
				"down": {
					"uv": [9, 6, 6, 9],
					"texture": "#1"
				}
			}
		},
		{
			"from": [30.23673, 12.89796, 8.68571],
			"to": [31.21633, 14.26939, 9.56735],
			"rotation": {
				"angle": 0,
				"axis": "y",
				"origin": [30.23673, 12.89796, 8.97959]
			},
			"faces": {
				"north": {
					"uv": [9, 0, 10, 1.625],
					"texture": "#1"
				},
				"east": {
					"uv": [3, 9, 3.875, 10.625],
					"texture": "#1"
				},
				"south": {
					"uv": [9, 2, 10, 3.625],
					"texture": "#1"
				},
				"west": {
					"uv": [4, 9, 4.875, 10.625],
					"texture": "#1"
				},
				"up": {
					"uv": [10, 4.875, 9, 4],
					"texture": "#1"
				},
				"down": {
					"uv": [6, 9, 5, 9.875],
					"texture": "#1"
				}
			}
		}
	]
}