{
	"textures": {
		"0": "animated_java:blueprint/polkasoka/polkamagaz",
		"particle": "minecraft:item/pufferfish"
	},
	"display": {
		"head": {
			"rotation": [0, 180, 0]
		}
	},
	"elements": [
		{
			"from": [0, 8, 6.5],
			"to": [24, 8.5, 11],
			"rotation": {
				"angle": 0,
				"axis": "y",
				"origin": [8, 8, 8]
			},
			"faces": {
				"north": {
					"uv": [6, 5.5, 9, 5.5625],
					"texture": "#0"
				},
				"east": {
					"uv": [0.25, 6.1875, 0.8125, 6.25],
					"texture": "#0"
				},
				"south": {
					"uv": [6, 5.5625, 9, 5.625],
					"texture": "#0"
				},
				"west": {
					"uv": [0.8125, 6.1875, 1.375, 6.25],
					"texture": "#0"
				},
				"up": {
					"uv": [6, 0.5625, 3, 0],
					"texture": "#0"
				},
				"down": {
					"uv": [6, 0.5625, 3, 1.125],
					"texture": "#0"
				}
			}
		},
		{
			"from": [0, -0.5, 4.5],
			"to": [24, 15.5, 6.5],
			"rotation": {
				"angle": 0,
				"axis": "y",
				"origin": [8, -0.5, 4.5]
			},
			"faces": {
				"north": {
					"uv": [0, 0, 3, 2],
					"texture": "#0"
				},
				"east": {
					"uv": [6, 1, 6.25, 3],
					"texture": "#0"
				},
				"south": {
					"uv": [0, 2, 3, 4],
					"texture": "#0"
				},
				"west": {
					"uv": [6, 3, 6.25, 5],
					"texture": "#0"
				},
				"up": {
					"uv": [9, 0.75, 6, 0.5],
					"texture": "#0"
				},
				"down": {
					"uv": [9, 0.75, 6, 1],
					"texture": "#0"
				}
			}
		},
		{
			"from": [0, 12, 6.5],
			"to": [24, 12.5, 11],
			"rotation": {
				"angle": 0,
				"axis": "y",
				"origin": [8, 12, 8]
			},
			"faces": {
				"north": {
					"uv": [6, 6, 9, 6.0625],
					"texture": "#0"
				},
				"east": {
					"uv": [4.75, 6.1875, 5.3125, 6.25],
					"texture": "#0"
				},
				"south": {
					"uv": [6, 6.0625, 9, 6.125],
					"texture": "#0"
				},
				"west": {
					"uv": [5.3125, 6.1875, 5.875, 6.25],
					"texture": "#0"
				},
				"up": {
					"uv": [3, 4.5625, 0, 4],
					"texture": "#0"
				},
				"down": {
					"uv": [6, 4.5, 3, 5.0625],
					"texture": "#0"
				}
			}
		},
		{
			"from": [0, 4, 6.5],
			"to": [24, 4.5, 11],
			"rotation": {
				"angle": 0,
				"axis": "y",
				"origin": [8, 4, 8]
			},
			"faces": {
				"north": {
					"uv": [0, 6.125, 3, 6.1875],
					"texture": "#0"
				},
				"east": {
					"uv": [0.25, 6.25, 0.8125, 6.3125],
					"texture": "#0"
				},
				"south": {
					"uv": [3, 6.125, 6, 6.1875],
					"texture": "#0"
				},
				"west": {
					"uv": [0.8125, 6.25, 1.375, 6.3125],
					"texture": "#0"
				},
				"up": {
					"uv": [3, 5.125, 0, 4.5625],
					"texture": "#0"
				},
				"down": {
					"uv": [6, 5.0625, 3, 5.625],
					"texture": "#0"
				}
			}
		},
		{
			"from": [0.05, -1.78033, 5.96967],
			"to": [23.95, 2.21967, 7.46967],
			"rotation": {
				"angle": -45,
				"axis": "x",
				"origin": [12, 0.21967, 6.96967]
			},
			"faces": {
				"north": {
					"uv": [3, 5.625, 6, 6.125],
					"texture": "#0"
				},
				"east": {
					"uv": [0, 6.1875, 0.125, 6.6875],
					"texture": "#0"
				},
				"south": {
					"uv": [6, 0, 9, 0.5],
					"texture": "#0"
				},
				"west": {
					"uv": [0.125, 6.1875, 0.25, 6.6875],
					"texture": "#0"
				},
				"up": {
					"uv": [9, 5.375, 6, 5.25],
					"texture": "#0"
				},
				"down": {
					"uv": [9, 5.375, 6, 5.5],
					"texture": "#0"
				}
			}
		},
		{
			"from": [0.55, 4.5, 7.5],
			"to": [0.925, 8.8125, 8],
			"rotation": {
				"angle": 45,
				"axis": "x",
				"origin": [0.75, 7, 7.75]
			},
			"faces": {
				"north": {
					"uv": [2.5625, 6.25, 2.625, 6.78125],
					"texture": "#0"
				},
				"east": {
					"uv": [2.625, 6.25, 2.6875, 6.78125],
					"texture": "#0"
				},
				"south": {
					"uv": [2.6875, 6.25, 2.75, 6.78125],
					"texture": "#0"
				},
				"west": {
					"uv": [6.25, 2.6875, 6.3125, 3.21875],
					"texture": "#0"
				},
				"up": {
					"uv": [4.5625, 6.3125, 4.5, 6.25],
					"texture": "#0"
				},
				"down": {
					"uv": [6.3125, 4.5, 6.25, 4.5625],
					"texture": "#0"
				}
			}
		},
		{
			"from": [0.55, 8.5, 7.5],
			"to": [0.925, 12.8125, 8],
			"rotation": {
				"angle": 45,
				"axis": "x",
				"origin": [0.75, 11, 7.75]
			},
			"faces": {
				"north": {
					"uv": [2.75, 6.25, 2.8125, 6.78125],
					"texture": "#0"
				},
				"east": {
					"uv": [2.8125, 6.25, 2.875, 6.78125],
					"texture": "#0"
				},
				"south": {
					"uv": [2.875, 6.25, 2.9375, 6.78125],
					"texture": "#0"
				},
				"west": {
					"uv": [2.9375, 6.25, 3, 6.78125],
					"texture": "#0"
				},
				"up": {
					"uv": [4.625, 6.3125, 4.5625, 6.25],
					"texture": "#0"
				},
				"down": {
					"uv": [6.3125, 4.5625, 6.25, 4.625],
					"texture": "#0"
				}
			}
		},
		{
			"from": [0.55, 0.5, 7.5],
			"to": [0.925, 4.8125, 8],
			"rotation": {
				"angle": 45,
				"axis": "x",
				"origin": [0.75, 3, 7.75]
			},
			"faces": {
				"north": {
					"uv": [3, 6.25, 3.0625, 6.78125],
					"texture": "#0"
				},
				"east": {
					"uv": [3.0625, 6.25, 3.125, 6.78125],
					"texture": "#0"
				},
				"south": {
					"uv": [3.125, 6.25, 3.1875, 6.78125],
					"texture": "#0"
				},
				"west": {
					"uv": [3.1875, 6.25, 3.25, 6.78125],
					"texture": "#0"
				},
				"up": {
					"uv": [4.6875, 6.3125, 4.625, 6.25],
					"texture": "#0"
				},
				"down": {
					"uv": [6.3125, 4.625, 6.25, 4.6875],
					"texture": "#0"
				}
			}
		},
		{
			"from": [23.05, 0.5, 7.5],
			"to": [23.425, 4.8125, 8],
			"rotation": {
				"angle": 45,
				"axis": "x",
				"origin": [23.25, 3, 7.75]
			},
			"faces": {
				"north": {
					"uv": [3.25, 6.25, 3.3125, 6.78125],
					"texture": "#0"
				},
				"east": {
					"uv": [6.25, 3.25, 6.3125, 3.78125],
					"texture": "#0"
				},
				"south": {
					"uv": [3.3125, 6.25, 3.375, 6.78125],
					"texture": "#0"
				},
				"west": {
					"uv": [3.375, 6.25, 3.4375, 6.78125],
					"texture": "#0"
				},
				"up": {
					"uv": [4.75, 6.3125, 4.6875, 6.25],
					"texture": "#0"
				},
				"down": {
					"uv": [6.3125, 4.6875, 6.25, 4.75],
					"texture": "#0"
				}
			}
		},
		{
			"from": [23.05, 8.5, 7.5],
			"to": [23.425, 12.8125, 8],
			"rotation": {
				"angle": 45,
				"axis": "x",
				"origin": [23.25, 11, 7.75]
			},
			"faces": {
				"north": {
					"uv": [3.4375, 6.25, 3.5, 6.78125],
					"texture": "#0"
				},
				"east": {
					"uv": [3.5, 6.25, 3.5625, 6.78125],
					"texture": "#0"
				},
				"south": {
					"uv": [3.5625, 6.25, 3.625, 6.78125],
					"texture": "#0"
				},
				"west": {
					"uv": [3.625, 6.25, 3.6875, 6.78125],
					"texture": "#0"
				},
				"up": {
					"uv": [4.8125, 6.3125, 4.75, 6.25],
					"texture": "#0"
				},
				"down": {
					"uv": [6.3125, 4.75, 6.25, 4.8125],
					"texture": "#0"
				}
			}
		},
		{
			"from": [23.05, 4.5, 7.5],
			"to": [23.425, 8.8125, 8],
			"rotation": {
				"angle": 45,
				"axis": "x",
				"origin": [23.25, 7, 7.75]
			},
			"faces": {
				"north": {
					"uv": [3.6875, 6.25, 3.75, 6.78125],
					"texture": "#0"
				},
				"east": {
					"uv": [3.75, 6.25, 3.8125, 6.78125],
					"texture": "#0"
				},
				"south": {
					"uv": [3.8125, 6.25, 3.875, 6.78125],
					"texture": "#0"
				},
				"west": {
					"uv": [6.25, 3.8125, 6.3125, 4.34375],
					"texture": "#0"
				},
				"up": {
					"uv": [4.875, 6.3125, 4.8125, 6.25],
					"texture": "#0"
				},
				"down": {
					"uv": [6.3125, 4.8125, 6.25, 4.875],
					"texture": "#0"
				}
			}
		}
	]
}