{
	"textures": {
		"0": "animated_java:blueprint/avtomat/avtomat_",
		"particle": "minecraft:item/pufferfish"
	},
	"display": {
		"head": {
			"rotation": [0, 180, 0]
		}
	},
	"elements": [
		{
			"from": [-3.47826, 8, 3.82609],
			"to": [11.13043, 13.21739, 11.65217],
			"faces": {
				"north": {
					"uv": [5.25, 2.125, 7, 2.75],
					"texture": "#0"
				},
				"east": {
					"uv": [5.75, 3, 6.6875, 3.625],
					"texture": "#0"
				},
				"south": {
					"uv": [4, 5.875, 5.75, 6.5],
					"texture": "#0"
				},
				"west": {
					"uv": [5.75, 3.875, 6.6875, 4.5],
					"texture": "#0"
				},
				"up": {
					"uv": [5.25, 0.9375, 3.5, 0],
					"texture": "#0"
				},
				"down": {
					"uv": [5.25, 0.9375, 3.5, 1.875],
					"texture": "#0"
				}
			}
		},
		{
			"from": [11.13043, 8, 3.82609],
			"to": [12.17391, 32, 12.17391],
			"rotation": {
				"angle": 0,
				"axis": "y",
				"origin": [11.65217, 8, 8]
			},
			"faces": {
				"north": {
					"uv": [5.75, 5.125, 5.875, 8],
					"texture": "#0"
				},
				"east": {
					"uv": [0, 3.125, 1, 6],
					"texture": "#0"
				},
				"south": {
					"uv": [5.875, 5.125, 6, 8],
					"texture": "#0"
				},
				"west": {
					"uv": [1, 3.125, 2, 6],
					"texture": "#0"
				},
				"up": {
					"uv": [6.125, 6.375, 6, 5.375],
					"texture": "#0"
				},
				"down": {
					"uv": [2.25, 6.125, 2.125, 7.125],
					"texture": "#0"
				}
			}
		},
		{
			"from": [-4.52174, 8, 3.82609],
			"to": [-3.47826, 32, 12.17391],
			"rotation": {
				"angle": 0,
				"axis": "y",
				"origin": [-4, 8, 8]
			},
			"faces": {
				"north": {
					"uv": [0, 6.125, 0.125, 9],
					"texture": "#0"
				},
				"east": {
					"uv": [2, 2.96875, 3, 5.84375],
					"texture": "#0"
				},
				"south": {
					"uv": [0.125, 6.125, 0.25, 9],
					"texture": "#0"
				},
				"west": {
					"uv": [3, 3.125, 4, 6],
					"texture": "#0"
				},
				"up": {
					"uv": [2.375, 7.125, 2.25, 6.125],
					"texture": "#0"
				},
				"down": {
					"uv": [2.5, 6.125, 2.375, 7.125],
					"texture": "#0"
				}
			}
		},
		{
			"from": [-3.47826, 29.91304, 3.82609],
			"to": [11.13043, 32, 11.65217],
			"rotation": {
				"angle": 0,
				"axis": "y",
				"origin": [8, 24.69565, 8]
			},
			"faces": {
				"north": {
					"uv": [5.75, 4.5, 7.5, 4.75],
					"texture": "#0"
				},
				"east": {
					"uv": [0.25, 6, 1.1875, 6.25],
					"texture": "#0"
				},
				"south": {
					"uv": [5.75, 4.75, 7.5, 5],
					"texture": "#0"
				},
				"west": {
					"uv": [1.1875, 6, 2.125, 6.25],
					"texture": "#0"
				},
				"up": {
					"uv": [5.25, 2.8125, 3.5, 1.875],
					"texture": "#0"
				},
				"down": {
					"uv": [5.75, 2.8125, 4, 3.75],
					"texture": "#0"
				}
			}
		},
		{
			"from": [-3.47826, 8, 11.65217],
			"to": [11.13043, 32, 12.17391],
			"faces": {
				"north": {
					"uv": [0, 0.125, 1.75, 3],
					"texture": "#0"
				},
				"east": {
					"uv": [3.875, 6.125, 3.9375, 9],
					"texture": "#0"
				},
				"south": {
					"uv": [1.75, 0.125, 3.5, 3],
					"texture": "#0"
				},
				"west": {
					"uv": [3.9375, 6.125, 4, 9],
					"texture": "#0"
				},
				"up": {
					"uv": [7.875, 5.8125, 6.125, 5.75],
					"texture": "#0"
				},
				"down": {
					"uv": [7.875, 5.8125, 6.125, 5.875],
					"texture": "#0"
				}
			}
		},
		{
			"from": [-3.47826, 17.3913, 3.82609],
			"to": [11.13043, 18.43478, 11.65217],
			"rotation": {
				"angle": 0,
				"axis": "y",
				"origin": [8, 11.13043, 8]
			},
			"faces": {
				"north": {
					"uv": [2.125, 6, 3.875, 6.125],
					"texture": "#0"
				},
				"east": {
					"uv": [2.5, 6.125, 3.4375, 6.25],
					"texture": "#0"
				},
				"south": {
					"uv": [6, 5, 7.75, 5.125],
					"texture": "#0"
				},
				"west": {
					"uv": [6.125, 5.375, 7.0625, 5.5],
					"texture": "#0"
				},
				"up": {
					"uv": [5.75, 4.6875, 4, 3.75],
					"texture": "#0"
				},
				"down": {
					"uv": [5.75, 4.6875, 4, 5.625],
					"texture": "#0"
				}
			}
		},
		{
			"from": [-3.47826, 24.17391, 3.82609],
			"to": [11.13043, 25.21739, 11.65217],
			"rotation": {
				"angle": 0,
				"axis": "y",
				"origin": [8, 17.91304, 8]
			},
			"faces": {
				"north": {
					"uv": [6, 5.125, 7.75, 5.25],
					"texture": "#0"
				},
				"east": {
					"uv": [6.125, 5.5, 7.0625, 5.625],
					"texture": "#0"
				},
				"south": {
					"uv": [6, 5.25, 7.75, 5.375],
					"texture": "#0"
				},
				"west": {
					"uv": [6.125, 5.625, 7.0625, 5.75],
					"texture": "#0"
				},
				"up": {
					"uv": [7, 0.9375, 5.25, 0],
					"texture": "#0"
				},
				"down": {
					"uv": [7, 0.9375, 5.25, 1.875],
					"texture": "#0"
				}
			}
		}
	]
}