{
	"textures": {
		"1": "animated_java:blueprint/avtomat/beer",
		"3": "animated_java:blueprint/avtomat/pivo3",
		"particle": "minecraft:item/pufferfish"
	},
	"display": {
		"head": {
			"rotation": [0, 180, 0]
		}
	},
	"elements": [
		{
			"from": [16.075, 8, 13.925],
			"to": [19.575, 15, 17.175],
			"rotation": {
				"angle": 0,
				"axis": "y",
				"origin": [18.825, 8, 14.675]
			},
			"faces": {
				"north": {
					"uv": [0, 0, 3.5, 7],
					"texture": "#3"
				},
				"east": {
					"uv": [0, 7, 3.25, 14],
					"texture": "#3"
				},
				"south": {
					"uv": [4, 0, 7.5, 7],
					"texture": "#3"
				},
				"west": {
					"uv": [4, 7, 7.25, 14],
					"texture": "#3"
				},
				"up": {
					"uv": [11.5, 3.25, 8, 0],
					"texture": "#1"
				},
				"down": {
					"uv": [11.5, 4, 8, 7.25],
					"texture": "#3"
				}
			}
		},
		{
			"from": [15.7, 8, 9.575],
			"to": [19.2, 15, 12.825],
			"rotation": {
				"angle": 0,
				"axis": "y",
				"origin": [18.45, 8, 10.325]
			},
			"faces": {
				"north": {
					"uv": [0, 0, 3.5, 7],
					"texture": "#3"
				},
				"east": {
					"uv": [0, 7, 3.25, 14],
					"texture": "#3"
				},
				"south": {
					"uv": [4, 0, 7.5, 7],
					"texture": "#3"
				},
				"west": {
					"uv": [4, 7, 7.25, 14],
					"texture": "#3"
				},
				"up": {
					"uv": [11.5, 3.25, 8, 0],
					"texture": "#1"
				},
				"down": {
					"uv": [11.5, 4, 8, 7.25],
					"texture": "#3"
				}
			}
		},
		{
			"from": [12.025, 8, 14.1],
			"to": [15.525, 15, 17.35],
			"rotation": {
				"angle": 22.5,
				"axis": "y",
				"origin": [13.775, 11.5, 15.725]
			},
			"faces": {
				"north": {
					"uv": [0, 0, 3.5, 7],
					"texture": "#3"
				},
				"east": {
					"uv": [0, 7, 3.25, 14],
					"texture": "#3"
				},
				"south": {
					"uv": [4, 0, 7.5, 7],
					"texture": "#3"
				},
				"west": {
					"uv": [4, 7, 7.25, 14],
					"texture": "#3"
				},
				"up": {
					"uv": [11.5, 3.25, 8, 0],
					"texture": "#1"
				},
				"down": {
					"uv": [11.5, 4, 8, 7.25],
					"texture": "#3"
				}
			}
		},
		{
			"from": [12.025, 8, 10.325],
			"to": [15.525, 15, 13.575],
			"rotation": {
				"angle": 0,
				"axis": "y",
				"origin": [13.775, 11.5, 11.95]
			},
			"faces": {
				"north": {
					"uv": [0, 0, 3.5, 7],
					"texture": "#3"
				},
				"east": {
					"uv": [0, 7, 3.25, 14],
					"texture": "#3"
				},
				"south": {
					"uv": [4, 0, 7.5, 7],
					"texture": "#3"
				},
				"west": {
					"uv": [4, 7, 7.25, 14],
					"texture": "#3"
				},
				"up": {
					"uv": [11.5, 3.25, 8, 0],
					"texture": "#1"
				},
				"down": {
					"uv": [11.5, 4, 8, 7.25],
					"texture": "#3"
				}
			}
		},
		{
			"from": [11.65, 8, 5.875],
			"to": [15.15, 15, 9.125],
			"rotation": {
				"angle": 0,
				"axis": "y",
				"origin": [13.4, 11.5, 7.5]
			},
			"faces": {
				"north": {
					"uv": [0, 0, 3.5, 7],
					"texture": "#3"
				},
				"east": {
					"uv": [0, 7, 3.25, 14],
					"texture": "#3"
				},
				"south": {
					"uv": [4, 0, 7.5, 7],
					"texture": "#3"
				},
				"west": {
					"uv": [4, 7, 7.25, 14],
					"texture": "#3"
				},
				"up": {
					"uv": [11.5, 3.25, 8, 0],
					"texture": "#1"
				},
				"down": {
					"uv": [11.5, 4, 8, 7.25],
					"texture": "#3"
				}
			}
		},
		{
			"from": [7.5, 8, 6.775],
			"to": [11, 15, 10.025],
			"rotation": {
				"angle": -22.5,
				"axis": "x",
				"origin": [9.25, 11.5, 8.4]
			},
			"faces": {
				"north": {
					"uv": [0, 0, 3.5, 7],
					"texture": "#3"
				},
				"east": {
					"uv": [0, 7, 3.25, 14],
					"texture": "#3"
				},
				"south": {
					"uv": [4, 0, 7.5, 7],
					"texture": "#3"
				},
				"west": {
					"uv": [4, 7, 7.25, 14],
					"texture": "#3"
				},
				"up": {
					"uv": [11.5, 3.25, 8, 0],
					"texture": "#1"
				},
				"down": {
					"uv": [11.5, 4, 8, 7.25],
					"texture": "#3"
				}
			}
		},
		{
			"from": [4.35, 7.825, 3.625],
			"to": [11.35, 11.325, 6.875],
			"rotation": {
				"angle": 0,
				"axis": "y",
				"origin": [7.85, 9.575, 5.25]
			},
			"faces": {
				"north": {
					"uv": [0, 0, 3.5, 7],
					"rotation": 90,
					"texture": "#3"
				},
				"east": {
					"uv": [11.5, 4, 8, 7.25],
					"rotation": 270,
					"texture": "#3"
				},
				"south": {
					"uv": [4, 0, 7.5, 7],
					"rotation": 270,
					"texture": "#3"
				},
				"west": {
					"uv": [11.5, 3.25, 8, 0],
					"rotation": 270,
					"texture": "#1"
				},
				"up": {
					"uv": [0, 7, 3.25, 14],
					"rotation": 270,
					"texture": "#3"
				},
				"down": {
					"uv": [4, 7, 7.25, 14],
					"rotation": 270,
					"texture": "#3"
				}
			}
		},
		{
			"from": [15.95, 8, 5.275],
			"to": [19.45, 15, 8.525],
			"rotation": {
				"angle": 0,
				"axis": "y",
				"origin": [18.7, 8, 6.025]
			},
			"faces": {
				"north": {
					"uv": [0, 0, 3.5, 7],
					"texture": "#3"
				},
				"east": {
					"uv": [0, 7, 3.25, 14],
					"texture": "#3"
				},
				"south": {
					"uv": [4, 0, 7.5, 7],
					"texture": "#3"
				},
				"west": {
					"uv": [4, 7, 7.25, 14],
					"texture": "#3"
				},
				"up": {
					"uv": [11.5, 3.25, 8, 0],
					"texture": "#1"
				},
				"down": {
					"uv": [11.5, 4, 8, 7.25],
					"texture": "#3"
				}
			}
		}
	]
}