{
	"textures": {
		"1": "animated_java:blueprint/avtomat/beer",
		"2": "animated_java:blueprint/avtomat/blanc",
		"particle": "minecraft:item/pufferfish"
	},
	"display": {
		"head": {
			"rotation": [0, 180, 0]
		}
	},
	"elements": [
		{
			"from": [-4.14634, 27.90244, 24.50732],
			"to": [-2.09756, 32, 26.40976],
			"rotation": {
				"angle": 0,
				"axis": "y",
				"origin": [-2.53659, 27.90244, 24.94634]
			},
			"faces": {
				"north": {
					"uv": [0, 0, 3.5, 7],
					"texture": "#2"
				},
				"east": {
					"uv": [0, 7, 3.25, 14],
					"texture": "#2"
				},
				"south": {
					"uv": [4, 0, 7.5, 7],
					"texture": "#2"
				},
				"west": {
					"uv": [4, 7, 7.25, 14],
					"texture": "#2"
				},
				"up": {
					"uv": [11.5, 3.25, 8, 0],
					"texture": "#1"
				},
				"down": {
					"uv": [11.5, 4, 8, 7.25],
					"texture": "#2"
				}
			}
		},
		{
			"from": [-1.67317, 27.90244, 24.50732],
			"to": [0.37561, 32, 26.40976],
			"rotation": {
				"angle": 0,
				"axis": "y",
				"origin": [-0.06341, 27.90244, 24.94634]
			},
			"faces": {
				"north": {
					"uv": [0, 0, 3.5, 7],
					"texture": "#2"
				},
				"east": {
					"uv": [0, 7, 3.25, 14],
					"texture": "#2"
				},
				"south": {
					"uv": [4, 0, 7.5, 7],
					"texture": "#2"
				},
				"west": {
					"uv": [4, 7, 7.25, 14],
					"texture": "#2"
				},
				"up": {
					"uv": [11.5, 3.25, 8, 0],
					"texture": "#1"
				},
				"down": {
					"uv": [11.5, 4, 8, 7.25],
					"texture": "#2"
				}
			}
		},
		{
			"from": [-1.48293, 27.90244, 22.06341],
			"to": [0.56585, 32, 23.96585],
			"rotation": {
				"angle": 0,
				"axis": "y",
				"origin": [0.12683, 27.90244, 22.50244]
			},
			"faces": {
				"north": {
					"uv": [0, 0, 3.5, 7],
					"texture": "#2"
				},
				"east": {
					"uv": [0, 7, 3.25, 14],
					"texture": "#2"
				},
				"south": {
					"uv": [4, 0, 7.5, 7],
					"texture": "#2"
				},
				"west": {
					"uv": [4, 7, 7.25, 14],
					"texture": "#2"
				},
				"up": {
					"uv": [11.5, 3.25, 8, 0],
					"texture": "#1"
				},
				"down": {
					"uv": [11.5, 4, 8, 7.25],
					"texture": "#2"
				}
			}
		},
		{
			"from": [-1.84878, 27.90244, 19.75122],
			"to": [0.2, 32, 21.65366],
			"rotation": {
				"angle": 0,
				"axis": "y",
				"origin": [-0.23902, 27.90244, 20.19024]
			},
			"faces": {
				"north": {
					"uv": [0, 0, 3.5, 7],
					"texture": "#2"
				},
				"east": {
					"uv": [0, 7, 3.25, 14],
					"texture": "#2"
				},
				"south": {
					"uv": [4, 0, 7.5, 7],
					"texture": "#2"
				},
				"west": {
					"uv": [4, 7, 7.25, 14],
					"texture": "#2"
				},
				"up": {
					"uv": [11.5, 3.25, 8, 0],
					"texture": "#1"
				},
				"down": {
					"uv": [11.5, 4, 8, 7.25],
					"texture": "#2"
				}
			}
		},
		{
			"from": [0.90244, 27.90244, 23.19024],
			"to": [2.95122, 32, 25.09268],
			"rotation": {
				"angle": 0,
				"axis": "y",
				"origin": [2.5122, 27.90244, 23.62927]
			},
			"faces": {
				"north": {
					"uv": [0, 0, 3.5, 7],
					"texture": "#2"
				},
				"east": {
					"uv": [0, 7, 3.25, 14],
					"texture": "#2"
				},
				"south": {
					"uv": [4, 0, 7.5, 7],
					"texture": "#2"
				},
				"west": {
					"uv": [4, 7, 7.25, 14],
					"texture": "#2"
				},
				"up": {
					"uv": [11.5, 3.25, 8, 0],
					"texture": "#1"
				},
				"down": {
					"uv": [11.5, 4, 8, 7.25],
					"texture": "#2"
				}
			}
		},
		{
			"from": [0.59512, 27.8878, 20.70244],
			"to": [2.6439, 31.98537, 22.60488],
			"rotation": {
				"angle": 22.5,
				"axis": "z",
				"origin": [1.61951, 29.93659, 21.65366]
			},
			"faces": {
				"north": {
					"uv": [0, 0, 3.5, 7],
					"texture": "#2"
				},
				"east": {
					"uv": [0, 7, 3.25, 14],
					"texture": "#2"
				},
				"south": {
					"uv": [4, 0, 7.5, 7],
					"texture": "#2"
				},
				"west": {
					"uv": [4, 7, 7.25, 14],
					"texture": "#2"
				},
				"up": {
					"uv": [11.5, 3.25, 8, 0],
					"texture": "#1"
				},
				"down": {
					"uv": [11.5, 4, 8, 7.25],
					"texture": "#2"
				}
			}
		},
		{
			"from": [-4.29268, 27.90244, 21.39024],
			"to": [-2.2439, 32, 23.29268],
			"rotation": {
				"angle": -22.5,
				"axis": "y",
				"origin": [-3.26829, 29.95122, 22.34146]
			},
			"faces": {
				"north": {
					"uv": [0, 0, 3.5, 7],
					"texture": "#2"
				},
				"east": {
					"uv": [0, 7, 3.25, 14],
					"texture": "#2"
				},
				"south": {
					"uv": [4, 0, 7.5, 7],
					"texture": "#2"
				},
				"west": {
					"uv": [4, 7, 7.25, 14],
					"texture": "#2"
				},
				"up": {
					"uv": [11.5, 3.25, 8, 0],
					"texture": "#1"
				},
				"down": {
					"uv": [11.5, 4, 8, 7.25],
					"texture": "#2"
				}
			}
		},
		{
			"from": [3.25854, 27.90244, 23.96585],
			"to": [5.30732, 32, 25.86829],
			"rotation": {
				"angle": -22.5,
				"axis": "y",
				"origin": [4.28293, 29.95122, 24.91707]
			},
			"faces": {
				"north": {
					"uv": [0, 0, 3.5, 7],
					"texture": "#2"
				},
				"east": {
					"uv": [0, 7, 3.25, 14],
					"texture": "#2"
				},
				"south": {
					"uv": [4, 0, 7.5, 7],
					"texture": "#2"
				},
				"west": {
					"uv": [4, 7, 7.25, 14],
					"texture": "#2"
				},
				"up": {
					"uv": [11.5, 3.25, 8, 0],
					"texture": "#1"
				},
				"down": {
					"uv": [11.5, 4, 8, 7.25],
					"texture": "#2"
				}
			}
		}
	]
}