{
	"textures": {
		"0": "animated_java:blueprint/okno22/okno22",
		"particle": "minecraft:item/pufferfish"
	},
	"display": {
		"head": {
			"rotation": [0, 180, 0]
		}
	},
	"elements": [
		{
			"from": [8, 8, 11],
			"to": [20, 32, 11.75],
			"rotation": {
				"angle": 0,
				"axis": "y",
				"origin": [13.25, 8, 11]
			},
			"faces": {
				"north": {
					"uv": [0, 0, 4, 8],
					"texture": "#0"
				},
				"east": {
					"uv": [15.25, 7, 15.5, 15],
					"texture": "#0"
				},
				"south": {
					"uv": [0, 0, 4, 8],
					"texture": "#0"
				},
				"west": {
					"uv": [5.5, 6.375, 5.75, 14.375],
					"texture": "#0"
				},
				"up": {
					"uv": [6, 1.625, 10, 1.875],
					"texture": "#0"
				},
				"down": {
					"uv": [9.125, 5.375, 13.125, 5.625],
					"texture": "#0"
				}
			}
		}
	]
}