{
	"format_version": "1.21.6",
	"credit": "Yuushya",
	"textures": {
		"0": "item/posters/purple",
		"1": "item/posters/dark_concrete",
		"3": "item/posters/purple_sign_medium",
		"particle": "item/posters/purple"
	},
	"elements": [
		{
			"from": [4, 1, 4],
			"to": [7, 17, 20],
			"faces": {
				"north": {"uv": [13, 0, 16, 16], "texture": "#3"},
				"east": {"uv": [0, 0, 16, 16], "texture": "#0"},
				"south": {"uv": [13, 0, 16, 16], "texture": "#3"},
				"west": {"uv": [0, 0, 16, 16], "texture": "#3"},
				"up": {"uv": [16, 0, 13, 16], "texture": "#3"},
				"down": {"uv": [13, 0, 16, 16], "texture": "#3"}
			}
		},
		{
			"from": [9, 1, 4],
			"to": [12, 17, 20],
			"faces": {
				"north": {"uv": [16, 0, 13, 16], "texture": "#3"},
				"east": {"uv": [0, 0, 16, 16], "texture": "#3"},
				"south": {"uv": [16, 0, 13, 16], "texture": "#3"},
				"west": {"uv": [0, 0, 16, 16], "texture": "#0"},
				"up": {"uv": [13, 0, 16, 16], "texture": "#3"},
				"down": {"uv": [13, 0, 16, 16], "texture": "#3"}
			}
		},
		{
			"from": [7, 1, 4],
			"to": [9, 17, 20],
			"faces": {
				"north": {"uv": [0, 0, 2, 16], "texture": "#1"},
				"east": {"uv": [0, 0, 16, 16], "texture": "#1"},
				"south": {"uv": [0, 0, 2, 16], "texture": "#1"},
				"west": {"uv": [0, 0, 16, 16], "texture": "#1"},
				"up": {"uv": [0, 0, 16, 2], "rotation": 270, "texture": "#1"},
				"down": {"uv": [0, 0, 16, 2], "rotation": 90, "texture": "#1"}
			}
		},
		{
			"from": [6, 1, 3],
			"to": [10, 17, 4],
			"faces": {
				"north": {"uv": [0, 0, 4, 16], "texture": "#1"},
				"east": {"uv": [0, 0, 1, 16], "texture": "#1"},
				"south": {"uv": [0, 0, 4, 16], "texture": "#1"},
				"west": {"uv": [0, 0, 1, 16], "texture": "#1"},
				"up": {"uv": [0, 0, 1, 4], "rotation": 270, "texture": "#1"},
				"down": {"uv": [0, 0, 1, 4], "rotation": 90, "texture": "#1"}
			}
		},
		{
			"from": [7, 14, 1],
			"to": [9, 15, 3],
			"faces": {
				"north": {"uv": [0, 0, 2, 1], "texture": "#1"},
				"east": {"uv": [0, 0, 2, 1], "texture": "#1"},
				"south": {"uv": [0, 0, 2, 1], "texture": "#1"},
				"west": {"uv": [0, 0, 2, 1], "texture": "#1"},
				"up": {"uv": [0, 0, 2, 2], "rotation": 270, "texture": "#1"},
				"down": {"uv": [0, 0, 2, 2], "rotation": 90, "texture": "#1"}
			}
		},
		{
			"from": [7, 2, 1],
			"to": [9, 3, 3],
			"faces": {
				"north": {"uv": [0, 0, 2, 1], "texture": "#1"},
				"east": {"uv": [0, 0, 2, 1], "texture": "#1"},
				"south": {"uv": [0, 0, 2, 1], "texture": "#1"},
				"west": {"uv": [0, 0, 2, 1], "texture": "#1"},
				"up": {"uv": [0, 0, 2, 2], "rotation": 270, "texture": "#1"},
				"down": {"uv": [0, 0, 2, 2], "rotation": 90, "texture": "#1"}
			}
		},
		{
			"from": [7, -4, 1],
			"to": [9, -3, 5],
			"faces": {
				"north": {"uv": [0, 0, 2, 1], "texture": "#1"},
				"east": {"uv": [0, 0, 4, 1], "texture": "#1"},
				"south": {"uv": [0, 0, 2, 1], "texture": "#1"},
				"west": {"uv": [0, 0, 4, 1], "texture": "#1"},
				"up": {"uv": [0, 0, 4, 2], "rotation": 270, "texture": "#1"},
				"down": {"uv": [0, 0, 4, 2], "rotation": 90, "texture": "#1"}
			}
		},
		{
			"from": [7, -4, 5],
			"to": [9, -3, 16],
			"rotation": {"angle": -22.5, "axis": "x", "origin": [7, -4, 5]},
			"faces": {
				"north": {"uv": [0, 0, 2, 1], "rotation": 180, "texture": "#1"},
				"east": {"uv": [0, 0, 11, 1], "rotation": 180, "texture": "#1"},
				"south": {"uv": [0, 0, 2, 1], "rotation": 180, "texture": "#1"},
				"west": {"uv": [0, 0, 11, 1], "rotation": 180, "texture": "#1"},
				"up": {"uv": [0, 0, 11, 2], "rotation": 90, "texture": "#1"},
				"down": {"uv": [0, 0, 11, 2], "rotation": 270, "texture": "#1"}
			}
		},
		{
			"from": [6, 1, 0],
			"to": [10, 17, 1],
			"faces": {
				"north": {"uv": [0, 0, 4, 16], "texture": "#1"},
				"east": {"uv": [0, 0, 1, 16], "texture": "#1"},
				"south": {"uv": [0, 0, 4, 16], "texture": "#1"},
				"west": {"uv": [0, 0, 1, 16], "texture": "#1"},
				"up": {"uv": [0, 0, 1, 4], "rotation": 270, "texture": "#1"},
				"down": {"uv": [0, 0, 1, 4], "rotation": 90, "texture": "#1"}
			}
		},
		{
			"from": [6, -7, 0],
			"to": [10, 1, 1],
			"faces": {
				"north": {"uv": [0, 0, 4, 8], "texture": "#1"},
				"east": {"uv": [0, 0, 1, 8], "texture": "#1"},
				"south": {"uv": [0, 0, 4, 8], "texture": "#1"},
				"west": {"uv": [0, 0, 1, 8], "texture": "#1"},
				"up": {"uv": [0, 0, 1, 4], "rotation": 270, "texture": "#1"},
				"down": {"uv": [0, 0, 1, 4], "rotation": 90, "texture": "#1"}
			}
		},
		{
			"from": [6, 17, 0],
			"to": [10, 21, 1],
			"faces": {
				"north": {"uv": [0, 0, 4, 4], "texture": "#1"},
				"east": {"uv": [0, 0, 1, 4], "texture": "#1"},
				"south": {"uv": [0, 0, 4, 4], "texture": "#1"},
				"west": {"uv": [0, 0, 1, 4], "texture": "#1"},
				"up": {"uv": [0, 0, 1, 4], "rotation": 270, "texture": "#1"},
				"down": {"uv": [0, 0, 1, 4], "rotation": 90, "texture": "#1"}
			}
		},
		{
			"from": [6, 0, 3],
			"to": [10, 1, 4],
			"faces": {
				"north": {"uv": [0, 0, 4, 1], "texture": "#1"},
				"east": {"uv": [0, 0, 1, 1], "texture": "#1"},
				"south": {"uv": [0, 0, 4, 1], "texture": "#1"},
				"west": {"uv": [0, 0, 1, 1], "texture": "#1"},
				"up": {"uv": [0, 0, 1, 4], "rotation": 270, "texture": "#1"},
				"down": {"uv": [0, 0, 1, 4], "rotation": 90, "texture": "#1"}
			}
		},
		{
			"from": [6, 0, 4],
			"to": [10, 1, 20],
			"faces": {
				"north": {"uv": [0, 0, 4, 1], "texture": "#1"},
				"east": {"uv": [0, 0, 16, 1], "texture": "#1"},
				"south": {"uv": [0, 0, 4, 1], "texture": "#1"},
				"west": {"uv": [0, 0, 16, 1], "texture": "#1"},
				"up": {"uv": [0, 0, 16, 4], "rotation": 270, "texture": "#1"},
				"down": {"uv": [0, 0, 16, 4], "rotation": 90, "texture": "#1"}
			}
		}
	],
	"display": {
		"thirdperson_righthand": {
			"rotation": [75, 45, 0],
			"translation": [0, 2.5, 0],
			"scale": [0.375, 0.375, 0.375]
		},
		"thirdperson_lefthand": {
			"rotation": [75, 45, 0],
			"translation": [0, 2.5, 0],
			"scale": [0.375, 0.375, 0.375]
		},
		"firstperson_righthand": {
			"rotation": [0, 45, 0],
			"scale": [0.4, 0.4, 0.4]
		},
		"firstperson_lefthand": {
			"rotation": [0, -135, 0],
			"scale": [0.4, 0.4, 0.4]
		},
		"ground": {
			"translation": [0, 3, 0],
			"scale": [0.25, 0.25, 0.25]
		},
		"gui": {
			"rotation": [30, 45, 0],
			"translation": [-1, -1, 0],
			"scale": [0.625, 0.625, 0.625]
		},
		"fixed": {
			"rotation": [-180, 0, -180],
			"translation": [0, 11.25, -7],
			"scale": [2, 2, 2]
		}
	}
}