{
    "targets" : {
        "final": {},
        "swap": {},
        "swap1": {},
        "swap2": {}
    },
    "passes": [
        {
            "program": "minecraft:post/transparency",
            "inputs": [
                {
                    "sampler_name": "Main",
                    "target": "minecraft:main"
                },
                {
                    "sampler_name": "MainDepth",
                    "target": "minecraft:main",
                    "use_depth_buffer": true
                },
                {
                    "sampler_name": "Translucent",
                    "target": "minecraft:translucent"
                },
                {
                    "sampler_name": "TranslucentDepth",
                    "target": "minecraft:translucent",
                    "use_depth_buffer": true
                },
                {
                    "sampler_name": "ItemEntity",
                    "target": "minecraft:item_entity"
                },
                {
                    "sampler_name": "ItemEntityDepth",
                    "target": "minecraft:item_entity",
                    "use_depth_buffer": true
                },
                {
                    "sampler_name": "Particles",
                    "target": "minecraft:particles"
                },
                {
                    "sampler_name": "ParticlesDepth",
                    "target": "minecraft:particles",
                    "use_depth_buffer": true
                },
                {
                    "sampler_name": "Clouds",
                    "target": "minecraft:clouds"
                },
                {
                    "sampler_name": "CloudsDepth",
                    "target": "minecraft:clouds",
                    "use_depth_buffer": true
                },
                {
                    "sampler_name": "Weather",
                    "target": "minecraft:weather"
                },
                {
                    "sampler_name": "WeatherDepth",
                    "target": "minecraft:weather",
                    "use_depth_buffer": true
                }
            ],
            "output": "final"
        },
        {
            "program": "minecraft:post/fog",
            "inputs": [
                {
                    "sampler_name": "In",
                    "target": "final"
                },
                {
                    "sampler_name": "MainDepth",
                    "target": "minecraft:main",
                    "use_depth_buffer": true
                }
            ],
            "output": "swap"
        },
    {
      "program": "minecraft:post/depth_blur",
      "inputs": [
        { "sampler_name": "MainDepth", "target": "minecraft:main", "use_depth_buffer": true },
                {
                    "sampler_name": "In",
                    "target": "swap"
                }
      ],
      "output": "swap1",
      "uniforms": [
        { "name": "BlurDir", "values": [1.0, 0.0] },
        { "name": "Radius", "values": [12.0] }
      ]
    },
    {
      "program": "minecraft:post/depth_blur",
      "inputs": [
        { "sampler_name": "MainDepth", "target": "minecraft:main", "use_depth_buffer": true },
                {
                    "sampler_name": "In",
                    "target": "swap1"
                }
      ],
      "output": "swap2",
      "uniforms": [
        { "name": "BlurDir", "values": [0.0, 1.0] },
        { "name": "Radius", "values": [12.0] }
      ]
    },
        {
            "program": "minecraft:post/blit",
            "inputs": [
                {
                    "sampler_name": "In",
                    "target": "swap2"
                }
            ],
            "output": "minecraft:main"
        }
    ]
}
