{
	"textures": {
		"1": "animated_java:blueprint/carrot/carrot",
		"particle": "minecraft:item/pufferfish"
	},
	"display": {
		"head": {
			"rotation": [0, 180, 0]
		}
	},
	"elements": [
		{
			"from": [7.3175, 7.3229, 9.32586],
			"to": [8.6825, 8.6879, 12.37586],
			"rotation": {
				"angle": 0,
				"axis": "y",
				"origin": [8, 7.3229, 10.23586]
			},
			"faces": {
				"north": {
					"uv": [2, 9, 3.5, 10.5],
					"texture": "#1"
				},
				"east": {
					"uv": [5, 2, 8, 3.5],
					"texture": "#1"
				},
				"south": {
					"uv": [4, 10, 5.5, 11.5],
					"texture": "#1"
				},
				"west": {
					"uv": [8, 2, 11, 3.5],
					"texture": "#1"
				},
				"up": {
					"uv": [9.5, 7, 8, 4],
					"texture": "#1"
				},
				"down": {
					"uv": [9.5, 7, 8, 10],
					"texture": "#1"
				}
			}
		},
		{
			"from": [7.5675, 7.5729, 12.32586],
			"to": [8.4325, 8.4379, 13.87586],
			"rotation": {
				"angle": 0,
				"axis": "y",
				"origin": [8, 7.3229, 12.23586]
			},
			"faces": {
				"north": {
					"uv": [7, 10, 8, 11],
					"texture": "#1"
				},
				"east": {
					"uv": [10, 4, 11.5, 5],
					"texture": "#1"
				},
				"south": {
					"uv": [8, 10, 9, 11],
					"texture": "#1"
				},
				"west": {
					"uv": [10, 5, 11.5, 6],
					"texture": "#1"
				},
				"up": {
					"uv": [7, 11.5, 6, 10],
					"texture": "#1"
				},
				"down": {
					"uv": [11, 6, 10, 7.5],
					"texture": "#1"
				}
			}
		},
		{
			"from": [8, 6.9964, 1.68276],
			"to": [8, 8.9964, 6.68276],
			"rotation": {
				"angle": 0,
				"axis": "y",
				"origin": [7, 6.9964, 5.68276]
			},
			"faces": {
				"north": {
					"uv": [0, 0, 0, 2],
					"texture": "#1"
				},
				"east": {
					"uv": [0, 0, 5, 2],
					"texture": "#1"
				},
				"south": {
					"uv": [0, 0, 0, 2],
					"texture": "#1"
				},
				"west": {
					"uv": [0, 2, 5, 4],
					"texture": "#1"
				},
				"up": {
					"uv": [0, 5, 0, 0],
					"texture": "#1"
				},
				"down": {
					"uv": [0, 0, 0, 5],
					"texture": "#1"
				}
			}
		},
		{
			"from": [7, 7.9964, 1.68276],
			"to": [9, 7.9964, 6.68276],
			"rotation": {
				"angle": 0,
				"axis": "y",
				"origin": [7, 7.9964, 5.68276]
			},
			"faces": {
				"north": {
					"uv": [0, 0, 2, 0],
					"texture": "#1"
				},
				"east": {
					"uv": [0, 0, 5, 0],
					"texture": "#1"
				},
				"south": {
					"uv": [0, 0, 2, 0],
					"texture": "#1"
				},
				"west": {
					"uv": [0, 0, 5, 0],
					"texture": "#1"
				},
				"up": {
					"uv": [2, 9, 0, 4],
					"texture": "#1"
				},
				"down": {
					"uv": [2, 4, 0, 9],
					"texture": "#1"
				}
			}
		},
		{
			"from": [7.25, 7.2464, 5.68276],
			"to": [8.75, 8.7464, 9.68276],
			"rotation": {
				"angle": 0,
				"axis": "y",
				"origin": [8, 7.2464, 5.68276]
			},
			"faces": {
				"north": {
					"uv": [0, 9, 1.5, 10.5],
					"texture": "#1"
				},
				"east": {
					"uv": [4, 4, 8, 5.5],
					"texture": "#1"
				},
				"south": {
					"uv": [9, 0, 10.5, 1.5],
					"texture": "#1"
				},
				"west": {
					"uv": [5, 0, 9, 1.5],
					"texture": "#1"
				},
				"up": {
					"uv": [5.5, 10, 4, 6],
					"texture": "#1"
				},
				"down": {
					"uv": [7.5, 6, 6, 10],
					"texture": "#1"
				}
			}
		}
	]
}