{
	"textures": {
		"0": "animated_java:blueprint/dveri/dveri",
		"particle": "minecraft:item/pufferfish"
	},
	"display": {
		"head": {
			"rotation": [0, 180, 0]
		}
	},
	"elements": [
		{
			"from": [-8, 8, 7.5],
			"to": [0, 32, 8.5],
			"rotation": {
				"angle": 0,
				"axis": "y",
				"origin": [4, 8, 8]
			},
			"faces": {
				"north": {
					"uv": [6, 0, 4, 6],
					"texture": "#0"
				},
				"east": {
					"uv": [4.25, 0, 4, 6],
					"texture": "#0"
				},
				"south": {
					"uv": [6, 0, 4, 6],
					"texture": "#0"
				},
				"west": {
					"uv": [4.25, 0, 4, 6],
					"texture": "#0"
				},
				"up": {
					"uv": [6, 0, 4, 0.25],
					"texture": "#0"
				},
				"down": {
					"uv": [6, 0, 4, 0.25],
					"texture": "#0"
				}
			}
		}
	]
}