{
	"textures": {
		"0": "animated_java:blueprint/dveri/dveri",
		"particle": "minecraft:item/pufferfish"
	},
	"display": {
		"head": {
			"rotation": [0, 180, 0]
		}
	},
	"elements": [
		{
			"from": [-4, 8, 7.5],
			"to": [4, 32, 8.5],
			"faces": {
				"north": {
					"uv": [4, 0, 6, 6],
					"texture": "#0"
				},
				"east": {
					"uv": [4, 0, 4.25, 6],
					"texture": "#0"
				},
				"south": {
					"uv": [4, 0, 6, 6],
					"texture": "#0"
				},
				"west": {
					"uv": [4, 0, 4.25, 6],
					"texture": "#0"
				},
				"up": {
					"uv": [4, 0, 6, 0.25],
					"texture": "#0"
				},
				"down": {
					"uv": [4, 0, 6, 0.25],
					"texture": "#0"
				}
			}
		}
	]
}