{
	"textures": {
		"0": "minecraft:item/painting/sunflower",
		"1": "minecraft:item/painting/acacia",
		"2": "minecraft:item/painting/white",
		"particle": "minecraft:item/pufferfish"
	},
	"display": {
		"head": {
			"rotation": [0, 180, 0]
		}
	},
	"elements": [
		{
			"from": [-13.01437, -12.32103, 8.5],
			"to": [6.98563, 7.67897, 8.5],
			"rotation": {
				"angle": 0,
				"axis": "y",
				"origin": [-11.01437, -10.32103, 8]
			},
			"faces": {
				"north": {
					"uv": [0, 0, 16, 16],
					"texture": "#2"
				},
				"east": {
					"uv": [0, 0, 0, 16],
					"texture": "#0"
				},
				"south": {
					"uv": [2, 2, 14, 14],
					"texture": "#0"
				},
				"west": {
					"uv": [0, 0, 0, 16],
					"texture": "#0"
				},
				"up": {
					"uv": [0, 0, 16, 0],
					"texture": "#0"
				},
				"down": {
					"uv": [0, 0, 16, 0],
					"texture": "#0"
				}
			}
		},
		{
			"from": [-15.01437, -14.32103, 8],
			"to": [0.98563, -12.32103, 9],
			"rotation": {
				"angle": 0,
				"axis": "y",
				"origin": [-11.01437, -10.32103, 8]
			},
			"faces": {
				"north": {
					"uv": [0, 0, 16, 2],
					"texture": "#1"
				},
				"east": {
					"uv": [0, 0, 1, 2],
					"texture": "#1"
				},
				"south": {
					"uv": [0, 14, 16, 16],
					"texture": "#1"
				},
				"west": {
					"uv": [0, 0, 1, 2],
					"texture": "#1"
				},
				"up": {
					"uv": [0, 0, 16, 1],
					"texture": "#1"
				},
				"down": {
					"uv": [0, 0, 16, 1],
					"texture": "#1"
				}
			}
		},
		{
			"from": [0.98563, -14.32103, 8],
			"to": [8.98563, -12.32103, 9],
			"rotation": {
				"angle": 0,
				"axis": "y",
				"origin": [-11.01437, -10.32103, 8]
			},
			"faces": {
				"north": {
					"uv": [0, 0, 8, 2],
					"texture": "#1"
				},
				"east": {
					"uv": [0, 0, 1, 2],
					"texture": "#1"
				},
				"south": {
					"uv": [0, 14, 8, 16],
					"texture": "#1"
				},
				"west": {
					"uv": [0, 0, 1, 2],
					"texture": "#1"
				},
				"up": {
					"uv": [0, 0, 8, 1],
					"texture": "#1"
				},
				"down": {
					"uv": [0, 0, 8, 1],
					"texture": "#1"
				}
			}
		},
		{
			"from": [0.98563, 7.67897, 8],
			"to": [8.98563, 9.67897, 9],
			"rotation": {
				"angle": 0,
				"axis": "y",
				"origin": [-11.01437, -10.32103, 8]
			},
			"faces": {
				"north": {
					"uv": [0, 0, 8, 2],
					"texture": "#1"
				},
				"east": {
					"uv": [0, 0, 1, 2],
					"texture": "#1"
				},
				"south": {
					"uv": [0, 0, 8, 2],
					"texture": "#1"
				},
				"west": {
					"uv": [0, 0, 1, 2],
					"texture": "#1"
				},
				"up": {
					"uv": [0, 0, 8, 1],
					"texture": "#1"
				},
				"down": {
					"uv": [0, 0, 8, 1],
					"texture": "#1"
				}
			}
		},
		{
			"from": [-15.01437, 7.67897, 8],
			"to": [0.98563, 9.67897, 9],
			"rotation": {
				"angle": 0,
				"axis": "y",
				"origin": [-11.01437, -10.32103, 8]
			},
			"faces": {
				"north": {
					"uv": [0, 0, 16, 2],
					"texture": "#1"
				},
				"east": {
					"uv": [0, 0, 1, 2],
					"texture": "#1"
				},
				"south": {
					"uv": [0, 0, 16, 2],
					"texture": "#1"
				},
				"west": {
					"uv": [0, 0, 1, 2],
					"texture": "#1"
				},
				"up": {
					"uv": [0, 0, 16, 1],
					"texture": "#1"
				},
				"down": {
					"uv": [0, 0, 16, 1],
					"texture": "#1"
				}
			}
		},
		{
			"from": [-15.01437, -12.32103, 8],
			"to": [-13.01437, 3.67897, 9],
			"rotation": {
				"angle": 0,
				"axis": "y",
				"origin": [-11.01437, -10.32103, 8]
			},
			"faces": {
				"north": {
					"uv": [0, 0, 2, 16],
					"texture": "#1"
				},
				"east": {
					"uv": [0, 0, 1, 16],
					"texture": "#1"
				},
				"south": {
					"uv": [0, 0, 2, 16],
					"texture": "#1"
				},
				"west": {
					"uv": [0, 0, 1, 16],
					"texture": "#1"
				},
				"up": {
					"uv": [0, 0, 2, 1],
					"texture": "#1"
				},
				"down": {
					"uv": [0, 0, 2, 1],
					"texture": "#1"
				}
			}
		},
		{
			"from": [-15.01437, 3.67897, 8],
			"to": [-13.01437, 7.67897, 9],
			"rotation": {
				"angle": 0,
				"axis": "y",
				"origin": [-11.01437, -10.32103, 8]
			},
			"faces": {
				"north": {
					"uv": [0, 0, 2, 4],
					"texture": "#1"
				},
				"east": {
					"uv": [0, 0, 1, 4],
					"texture": "#1"
				},
				"south": {
					"uv": [0, 0, 2, 4],
					"texture": "#1"
				},
				"west": {
					"uv": [0, 0, 1, 4],
					"texture": "#1"
				},
				"up": {
					"uv": [0, 0, 2, 1],
					"texture": "#1"
				},
				"down": {
					"uv": [0, 0, 2, 1],
					"texture": "#1"
				}
			}
		},
		{
			"from": [6.98563, 3.67897, 8],
			"to": [8.98563, 7.67897, 9],
			"rotation": {
				"angle": 0,
				"axis": "y",
				"origin": [-11.01437, -10.32103, 8]
			},
			"faces": {
				"north": {
					"uv": [0, 0, 2, 4],
					"texture": "#1"
				},
				"east": {
					"uv": [0, 0, 1, 4],
					"texture": "#1"
				},
				"south": {
					"uv": [0, 0, 2, 4],
					"texture": "#1"
				},
				"west": {
					"uv": [0, 0, 1, 4],
					"texture": "#1"
				},
				"up": {
					"uv": [0, 0, 2, 1],
					"texture": "#1"
				},
				"down": {
					"uv": [0, 0, 2, 1],
					"texture": "#1"
				}
			}
		},
		{
			"from": [6.98563, -12.32103, 8],
			"to": [8.98563, 3.67897, 9],
			"rotation": {
				"angle": 0,
				"axis": "y",
				"origin": [-11.01437, -10.32103, 8]
			},
			"faces": {
				"north": {
					"uv": [0, 0, 2, 16],
					"texture": "#1"
				},
				"east": {
					"uv": [0, 0, 1, 16],
					"texture": "#1"
				},
				"south": {
					"uv": [0, 0, 2, 16],
					"texture": "#1"
				},
				"west": {
					"uv": [0, 0, 1, 16],
					"texture": "#1"
				},
				"up": {
					"uv": [0, 0, 2, 1],
					"texture": "#1"
				},
				"down": {
					"uv": [0, 0, 2, 1],
					"texture": "#1"
				}
			}
		}
	]
}