{
	"textures": {
		"4": "animated_java:blueprint/tea2/fo",
		"particle": "minecraft:item/pufferfish"
	},
	"display": {
		"head": {
			"rotation": [0, 180, 0]
		}
	},
	"elements": [
		{
			"from": [7, 8, 7],
			"to": [10, 12, 9],
			"rotation": {
				"angle": 0,
				"axis": "y",
				"origin": [8, 8, 8]
			},
			"faces": {
				"north": {
					"uv": [0, 0, 3, 4],
					"texture": "#4"
				},
				"east": {
					"uv": [0, 4, 2, 8],
					"texture": "#4"
				},
				"south": {
					"uv": [3, 0, 6, 4],
					"texture": "#4"
				},
				"west": {
					"uv": [2, 4, 4, 8],
					"texture": "#4"
				},
				"up": {
					"uv": [7, 6, 4, 4],
					"texture": "#4"
				},
				"down": {
					"uv": [9, 0, 6, 2],
					"texture": "#4"
				}
			}
		}
	]
}