{
    "vertex": "minecraft:post/screenquad",
    "fragment": "minecraft:post/fog",
    "samplers": [
        { "name": "InSampler" },
        { "name": "MainDepthSampler" }
    ],
    "uniforms": [
        { "name": "ProjMat",   "type": "matrix4x4", "count": 16, "values": [ 1.0, 0.0, 0.0, 0.0, 0.0, 1.0, 0.0, 0.0, 0.0, 0.0, 1.0, 0.0, 0.0, 0.0, 0.0, 1.0 ] },
        { "name": "InSize",    "type": "float",     "count": 2,  "values": [ 1.0, 1.0 ] },
        { "name": "OutSize",   "type": "float",     "count": 2,  "values": [ 1.0, 1.0 ] }
    ]
}
