{
	"format_version": "1.21.6",
	"credit": "Made with Blockbench",
	"texture_size": [128, 128],
	"textures": {
		"3": "item/store/cargo_trolley",
		"particle": "item/store/yellow"
	},
	"elements": [
		{
			"from": [-4.8, 3.9, -1.6],
			"to": [24.8, 4.6, 17.6],
			"rotation": {"angle": 0, "axis": "y", "origin": [1.6, 3.2, 1.6]},
			"faces": {
				"north": {"uv": [6.125, 0, 9.8125, 0.0625], "texture": "#3"},
				"east": {"uv": [6.125, 0.25, 8.5, 0.3125], "texture": "#3"},
				"south": {"uv": [6.125, 0.125, 9.8125, 0.1875], "texture": "#3"},
				"west": {"uv": [6.125, 0.375, 8.5, 0.4375], "texture": "#3"},
				"up": {"uv": [3.6875, 2.375, 0, 0], "texture": "#3"},
				"down": {"uv": [3.6875, 2.375, 0, 4.75], "texture": "#3"}
			}
		},
		{
			"name": "BOX",
			"from": [1.2, 4.6, 0.4],
			"to": [20.4, 14.2, 13.2],
			"rotation": {"angle": 22.5, "axis": "y", "origin": [12.4, 10.2, 6]},
			"faces": {
				"north": {"uv": [3.75, 3.25, 6.125, 4.4375], "texture": "#3"},
				"east": {"uv": [0, 4.75, 1.625, 5.9375], "texture": "#3"},
				"south": {"uv": [3.75, 4.5, 6.125, 5.6875], "texture": "#3"},
				"west": {"uv": [1.625, 4.75, 3.25, 5.9375], "texture": "#3"},
				"up": {"uv": [6.125, 1.625, 3.75, 0], "texture": "#3"},
				"down": {"uv": [6.125, 1.625, 3.75, 3.25], "texture": "#3"}
			}
		},
		{
			"from": [20, 2.26274, -0.025],
			"to": [21.6, 3.86274, 1.6],
			"rotation": {"angle": 0, "axis": "y", "origin": [1.6, -0.13726, 0]},
			"faces": {
				"north": {"uv": [1.875, 6.25, 2.0625, 6.4375], "texture": "#3"},
				"east": {"uv": [6.25, 1.875, 6.4375, 2.0625], "texture": "#3"},
				"south": {"uv": [2.125, 6.25, 2.3125, 6.4375], "texture": "#3"},
				"west": {"uv": [6.25, 2.125, 6.4375, 2.3125], "texture": "#3"},
				"up": {"uv": [6.4375, 2.5625, 6.25, 2.375], "texture": "#3"},
				"down": {"uv": [6.4375, 2.625, 6.25, 2.8125], "texture": "#3"}
			}
		},
		{
			"from": [-1.2, 1.93137, 14.4],
			"to": [0.4, 3.53137, 16.05],
			"rotation": {"angle": 45, "axis": "z", "origin": [-0.4, 2.73137, 15.2]},
			"faces": {
				"north": {"uv": [6.25, 2.875, 6.4375, 3.0625], "texture": "#3"},
				"east": {"uv": [6.25, 3.125, 6.4375, 3.3125], "texture": "#3"},
				"south": {"uv": [6.25, 3.375, 6.4375, 3.5625], "texture": "#3"},
				"west": {"uv": [6.25, 3.625, 6.4375, 3.8125], "texture": "#3"},
				"up": {"uv": [6.4375, 4.0625, 6.25, 3.875], "texture": "#3"},
				"down": {"uv": [6.4375, 6.125, 6.25, 6.3125], "texture": "#3"}
			}
		},
		{
			"from": [-0.86863, 1.13137, 14.4],
			"to": [0.73137, 2.73137, 16],
			"rotation": {"angle": 0, "axis": "y", "origin": [-0.06863, 1.93137, 15.2]},
			"faces": {
				"north": {"uv": [6.375, 1.5, 6.5625, 1.6875], "texture": "#3"},
				"east": {"uv": [6.375, 4.125, 6.5625, 4.3125], "texture": "#3"},
				"south": {"uv": [6.375, 4.375, 6.5625, 4.5625], "texture": "#3"},
				"west": {"uv": [6.375, 4.625, 6.5625, 4.8125], "texture": "#3"},
				"up": {"uv": [6.5625, 5.0625, 6.375, 4.875], "texture": "#3"},
				"down": {"uv": [6.5625, 5.125, 6.375, 5.3125], "texture": "#3"}
			}
		},
		{
			"from": [-1.2, 0.33137, 14.4],
			"to": [0.4, 1.93137, 16.05],
			"rotation": {"angle": 45, "axis": "z", "origin": [-0.4, 1.13137, 15.2]},
			"faces": {
				"north": {"uv": [6.375, 5.375, 6.5625, 5.5625], "texture": "#3"},
				"east": {"uv": [6.25, 6.375, 6.4375, 6.5625], "texture": "#3"},
				"south": {"uv": [6.5, 0.5, 6.6875, 0.6875], "texture": "#3"},
				"west": {"uv": [0.75, 6.5, 0.9375, 6.6875], "texture": "#3"},
				"up": {"uv": [6.6875, 0.9375, 6.5, 0.75], "texture": "#3"},
				"down": {"uv": [1.1875, 6.5, 1, 6.6875], "texture": "#3"}
			}
		},
		{
			"from": [-2, 0, 14.4],
			"to": [-0.4, 1.6, 16],
			"rotation": {"angle": 0, "axis": "y", "origin": [-1.2, 0.8, 15.2]},
			"faces": {
				"north": {"uv": [6.5, 1, 6.6875, 1.1875], "texture": "#3"},
				"east": {"uv": [1.25, 6.5, 1.4375, 6.6875], "texture": "#3"},
				"south": {"uv": [6.5, 1.25, 6.6875, 1.4375], "texture": "#3"},
				"west": {"uv": [1.5, 6.5, 1.6875, 6.6875], "texture": "#3"},
				"up": {"uv": [6.6875, 1.9375, 6.5, 1.75], "texture": "#3"},
				"down": {"uv": [2.0625, 6.5, 1.875, 6.6875], "texture": "#3"}
			}
		},
		{
			"from": [-2.8, 0.33137, 14.4],
			"to": [-1.2, 1.93137, 16.025],
			"rotation": {"angle": 45, "axis": "z", "origin": [-2, 1.13137, 15.2]},
			"faces": {
				"north": {"uv": [6.5, 2, 6.6875, 2.1875], "texture": "#3"},
				"east": {"uv": [2.125, 6.5, 2.3125, 6.6875], "texture": "#3"},
				"south": {"uv": [6.5, 2.25, 6.6875, 2.4375], "texture": "#3"},
				"west": {"uv": [6.5, 2.5, 6.6875, 2.6875], "texture": "#3"},
				"up": {"uv": [6.6875, 2.9375, 6.5, 2.75], "texture": "#3"},
				"down": {"uv": [6.6875, 3, 6.5, 3.1875], "texture": "#3"}
			}
		},
		{
			"from": [-3.13137, 1.13137, 14.4],
			"to": [-1.53137, 2.73137, 16.05],
			"rotation": {"angle": 0, "axis": "y", "origin": [-2.33137, 1.93137, 15.2]},
			"faces": {
				"north": {"uv": [6.5, 3.25, 6.6875, 3.4375], "texture": "#3"},
				"east": {"uv": [6.5, 3.5, 6.6875, 3.6875], "texture": "#3"},
				"south": {"uv": [6.5, 3.75, 6.6875, 3.9375], "texture": "#3"},
				"west": {"uv": [4, 6.5, 4.1875, 6.6875], "texture": "#3"},
				"up": {"uv": [4.4375, 6.6875, 4.25, 6.5], "texture": "#3"},
				"down": {"uv": [4.6875, 6.5, 4.5, 6.6875], "texture": "#3"}
			}
		},
		{
			"from": [5.08629, -10.70782, 14.4],
			"to": [6.68629, -9.10782, 16],
			"rotation": {"angle": 45, "axis": "z", "origin": [-13.31371, -13.10782, 14.4]},
			"faces": {
				"north": {"uv": [4.75, 6.5, 4.9375, 6.6875], "texture": "#3"},
				"east": {"uv": [5, 6.5, 5.1875, 6.6875], "texture": "#3"},
				"south": {"uv": [5.25, 6.5, 5.4375, 6.6875], "texture": "#3"},
				"west": {"uv": [5.5, 6.5, 5.6875, 6.6875], "texture": "#3"},
				"up": {"uv": [5.9375, 6.6875, 5.75, 6.5], "texture": "#3"},
				"down": {"uv": [6.1875, 6.5, 6, 6.6875], "texture": "#3"}
			}
		},
		{
			"from": [-2, 2.26274, 14.4],
			"to": [-0.4, 3.86274, 16.025],
			"rotation": {"angle": 0, "axis": "y", "origin": [-20.4, -0.13726, 14.4]},
			"faces": {
				"north": {"uv": [6.5, 6.125, 6.6875, 6.3125], "texture": "#3"},
				"east": {"uv": [6.5, 6.375, 6.6875, 6.5625], "texture": "#3"},
				"south": {"uv": [0, 6.625, 0.1875, 6.8125], "texture": "#3"},
				"west": {"uv": [0.25, 6.625, 0.4375, 6.8125], "texture": "#3"},
				"up": {"uv": [0.6875, 6.8125, 0.5, 6.625], "texture": "#3"},
				"down": {"uv": [6.8125, 1.5, 6.625, 1.6875], "texture": "#3"}
			}
		},
		{
			"from": [20.8, 1.93137, 14.4],
			"to": [22.4, 3.53137, 16.025],
			"rotation": {"angle": 45, "axis": "z", "origin": [21.6, 2.73137, 15.2]},
			"faces": {
				"north": {"uv": [6.625, 4, 6.8125, 4.1875], "texture": "#3"},
				"east": {"uv": [6.625, 4.25, 6.8125, 4.4375], "texture": "#3"},
				"south": {"uv": [6.625, 4.5, 6.8125, 4.6875], "texture": "#3"},
				"west": {"uv": [6.625, 4.75, 6.8125, 4.9375], "texture": "#3"},
				"up": {"uv": [6.8125, 5.1875, 6.625, 5], "texture": "#3"},
				"down": {"uv": [6.8125, 5.25, 6.625, 5.4375], "texture": "#3"}
			}
		},
		{
			"from": [21.13137, 1.13137, 14.4],
			"to": [22.73137, 2.73137, 16],
			"rotation": {"angle": 0, "axis": "y", "origin": [21.93137, 1.93137, 15.2]},
			"faces": {
				"north": {"uv": [6.625, 5.5, 6.8125, 5.6875], "texture": "#3"},
				"east": {"uv": [6.25, 6.625, 6.4375, 6.8125], "texture": "#3"},
				"south": {"uv": [6.5, 6.625, 6.6875, 6.8125], "texture": "#3"},
				"west": {"uv": [6.75, 0.5, 6.9375, 0.6875], "texture": "#3"},
				"up": {"uv": [0.9375, 6.9375, 0.75, 6.75], "texture": "#3"},
				"down": {"uv": [6.9375, 0.75, 6.75, 0.9375], "texture": "#3"}
			}
		},
		{
			"from": [20.8, 0.33137, 14.4],
			"to": [22.4, 1.93137, 16.025],
			"rotation": {"angle": 45, "axis": "z", "origin": [21.6, 1.13137, 15.2]},
			"faces": {
				"north": {"uv": [1, 6.75, 1.1875, 6.9375], "texture": "#3"},
				"east": {"uv": [6.75, 1, 6.9375, 1.1875], "texture": "#3"},
				"south": {"uv": [1.25, 6.75, 1.4375, 6.9375], "texture": "#3"},
				"west": {"uv": [6.75, 1.25, 6.9375, 1.4375], "texture": "#3"},
				"up": {"uv": [1.6875, 6.9375, 1.5, 6.75], "texture": "#3"},
				"down": {"uv": [1.9375, 6.75, 1.75, 6.9375], "texture": "#3"}
			}
		},
		{
			"from": [20, 0, 14.4],
			"to": [21.6, 1.6, 16.05],
			"rotation": {"angle": 0, "axis": "y", "origin": [20.8, 0.8, 15.2]},
			"faces": {
				"north": {"uv": [6.75, 1.75, 6.9375, 1.9375], "texture": "#3"},
				"east": {"uv": [2, 6.75, 2.1875, 6.9375], "texture": "#3"},
				"south": {"uv": [6.75, 2, 6.9375, 2.1875], "texture": "#3"},
				"west": {"uv": [6.75, 2.25, 6.9375, 2.4375], "texture": "#3"},
				"up": {"uv": [6.9375, 2.6875, 6.75, 2.5], "texture": "#3"},
				"down": {"uv": [6.9375, 2.75, 6.75, 2.9375], "texture": "#3"}
			}
		},
		{
			"from": [19.2, 0.33137, 14.4],
			"to": [20.8, 1.93137, 16.025],
			"rotation": {"angle": 45, "axis": "z", "origin": [20, 1.13137, 15.2]},
			"faces": {
				"north": {"uv": [6.75, 3, 6.9375, 3.1875], "texture": "#3"},
				"east": {"uv": [6.75, 3.25, 6.9375, 3.4375], "texture": "#3"},
				"south": {"uv": [6.75, 3.5, 6.9375, 3.6875], "texture": "#3"},
				"west": {"uv": [6.75, 3.75, 6.9375, 3.9375], "texture": "#3"},
				"up": {"uv": [4.1875, 6.9375, 4, 6.75], "texture": "#3"},
				"down": {"uv": [4.4375, 6.75, 4.25, 6.9375], "texture": "#3"}
			}
		},
		{
			"from": [18.86863, 1.13137, 14.4],
			"to": [20.46863, 2.73137, 16],
			"rotation": {"angle": 0, "axis": "y", "origin": [19.66863, 1.93137, 15.2]},
			"faces": {
				"north": {"uv": [4.5, 6.75, 4.6875, 6.9375], "texture": "#3"},
				"east": {"uv": [4.75, 6.75, 4.9375, 6.9375], "texture": "#3"},
				"south": {"uv": [5, 6.75, 5.1875, 6.9375], "texture": "#3"},
				"west": {"uv": [5.25, 6.75, 5.4375, 6.9375], "texture": "#3"},
				"up": {"uv": [5.6875, 6.9375, 5.5, 6.75], "texture": "#3"},
				"down": {"uv": [5.9375, 6.75, 5.75, 6.9375], "texture": "#3"}
			}
		},
		{
			"from": [27.08629, -10.70782, 14.4],
			"to": [28.68629, -9.10782, 16.025],
			"rotation": {"angle": 45, "axis": "z", "origin": [8.68629, -13.10782, 14.4]},
			"faces": {
				"north": {"uv": [6, 6.75, 6.1875, 6.9375], "texture": "#3"},
				"east": {"uv": [6.75, 6.125, 6.9375, 6.3125], "texture": "#3"},
				"south": {"uv": [6.75, 6.375, 6.9375, 6.5625], "texture": "#3"},
				"west": {"uv": [6.75, 6.625, 6.9375, 6.8125], "texture": "#3"},
				"up": {"uv": [0.1875, 7.0625, 0, 6.875], "texture": "#3"},
				"down": {"uv": [0.4375, 6.875, 0.25, 7.0625], "texture": "#3"}
			}
		},
		{
			"from": [20, 2.26274, 14.4],
			"to": [21.6, 3.86274, 16.05],
			"rotation": {"angle": 0, "axis": "y", "origin": [1.6, -0.13726, 14.4]},
			"faces": {
				"north": {"uv": [0.5, 6.875, 0.6875, 7.0625], "texture": "#3"},
				"east": {"uv": [6.875, 1.5, 7.0625, 1.6875], "texture": "#3"},
				"south": {"uv": [6.875, 4, 7.0625, 4.1875], "texture": "#3"},
				"west": {"uv": [6.875, 4.25, 7.0625, 4.4375], "texture": "#3"},
				"up": {"uv": [7.0625, 4.6875, 6.875, 4.5], "texture": "#3"},
				"down": {"uv": [7.0625, 4.75, 6.875, 4.9375], "texture": "#3"}
			}
		},
		{
			"from": [-1.2, 1.93137, -0.025],
			"to": [0.4, 3.53137, 1.6],
			"rotation": {"angle": 45, "axis": "z", "origin": [-0.4, 2.73137, 0.8]},
			"faces": {
				"north": {"uv": [6.875, 5, 7.0625, 5.1875], "texture": "#3"},
				"east": {"uv": [6.875, 5.25, 7.0625, 5.4375], "texture": "#3"},
				"south": {"uv": [6.875, 5.5, 7.0625, 5.6875], "texture": "#3"},
				"west": {"uv": [6.25, 6.875, 6.4375, 7.0625], "texture": "#3"},
				"up": {"uv": [6.6875, 7.0625, 6.5, 6.875], "texture": "#3"},
				"down": {"uv": [6.9375, 6.875, 6.75, 7.0625], "texture": "#3"}
			}
		},
		{
			"from": [-0.86863, 1.13137, -0.05],
			"to": [0.73137, 2.73137, 1.6],
			"rotation": {"angle": 0, "axis": "y", "origin": [-0.06863, 1.93137, 0.8]},
			"faces": {
				"north": {"uv": [7, 0.5, 7.1875, 0.6875], "texture": "#3"},
				"east": {"uv": [0.75, 7, 0.9375, 7.1875], "texture": "#3"},
				"south": {"uv": [7, 0.75, 7.1875, 0.9375], "texture": "#3"},
				"west": {"uv": [1, 7, 1.1875, 7.1875], "texture": "#3"},
				"up": {"uv": [7.1875, 1.1875, 7, 1], "texture": "#3"},
				"down": {"uv": [1.4375, 7, 1.25, 7.1875], "texture": "#3"}
			}
		},
		{
			"from": [-1.2, 0.33137, 0],
			"to": [0.4, 1.93137, 1.6],
			"rotation": {"angle": 45, "axis": "z", "origin": [-0.4, 1.13137, 0.8]},
			"faces": {
				"north": {"uv": [7, 1.25, 7.1875, 1.4375], "texture": "#3"},
				"east": {"uv": [1.5, 7, 1.6875, 7.1875], "texture": "#3"},
				"south": {"uv": [1.75, 7, 1.9375, 7.1875], "texture": "#3"},
				"west": {"uv": [7, 1.75, 7.1875, 1.9375], "texture": "#3"},
				"up": {"uv": [2.1875, 7.1875, 2, 7], "texture": "#3"},
				"down": {"uv": [7.1875, 2, 7, 2.1875], "texture": "#3"}
			}
		},
		{
			"from": [-2, 0, -0.05],
			"to": [-0.4, 1.6, 1.6],
			"rotation": {"angle": 0, "axis": "y", "origin": [-1.2, 0.8, 0.8]},
			"faces": {
				"north": {"uv": [7, 2.25, 7.1875, 2.4375], "texture": "#3"},
				"east": {"uv": [7, 2.5, 7.1875, 2.6875], "texture": "#3"},
				"south": {"uv": [7, 2.75, 7.1875, 2.9375], "texture": "#3"},
				"west": {"uv": [7, 3, 7.1875, 3.1875], "texture": "#3"},
				"up": {"uv": [7.1875, 3.4375, 7, 3.25], "texture": "#3"},
				"down": {"uv": [3.6875, 7, 3.5, 7.1875], "texture": "#3"}
			}
		},
		{
			"from": [-2.8, 0.33137, 0],
			"to": [-1.2, 1.93137, 1.6],
			"rotation": {"angle": 45, "axis": "z", "origin": [-2, 1.13137, 0.8]},
			"faces": {
				"north": {"uv": [7, 3.5, 7.1875, 3.6875], "texture": "#3"},
				"east": {"uv": [3.75, 7, 3.9375, 7.1875], "texture": "#3"},
				"south": {"uv": [7, 3.75, 7.1875, 3.9375], "texture": "#3"},
				"west": {"uv": [4, 7, 4.1875, 7.1875], "texture": "#3"},
				"up": {"uv": [4.4375, 7.1875, 4.25, 7], "texture": "#3"},
				"down": {"uv": [4.6875, 7, 4.5, 7.1875], "texture": "#3"}
			}
		},
		{
			"from": [-3.13137, 1.13137, -0.025],
			"to": [-1.53137, 2.73137, 1.6],
			"rotation": {"angle": 0, "axis": "y", "origin": [-2.33137, 1.93137, 0.8]},
			"faces": {
				"north": {"uv": [4.75, 7, 4.9375, 7.1875], "texture": "#3"},
				"east": {"uv": [5, 7, 5.1875, 7.1875], "texture": "#3"},
				"south": {"uv": [5.25, 7, 5.4375, 7.1875], "texture": "#3"},
				"west": {"uv": [5.5, 7, 5.6875, 7.1875], "texture": "#3"},
				"up": {"uv": [5.9375, 7.1875, 5.75, 7], "texture": "#3"},
				"down": {"uv": [6.1875, 7, 6, 7.1875], "texture": "#3"}
			}
		},
		{
			"from": [5.08629, -10.70782, -0.05],
			"to": [6.68629, -9.10782, 1.6],
			"rotation": {"angle": 45, "axis": "z", "origin": [-13.31371, -13.10782, 0]},
			"faces": {
				"north": {"uv": [7, 6.125, 7.1875, 6.3125], "texture": "#3"},
				"east": {"uv": [7, 6.375, 7.1875, 6.5625], "texture": "#3"},
				"south": {"uv": [7, 6.625, 7.1875, 6.8125], "texture": "#3"},
				"west": {"uv": [7, 6.875, 7.1875, 7.0625], "texture": "#3"},
				"up": {"uv": [0.1875, 7.3125, 0, 7.125], "texture": "#3"},
				"down": {"uv": [0.4375, 7.125, 0.25, 7.3125], "texture": "#3"}
			}
		},
		{
			"from": [-2, 2.26274, 0],
			"to": [-0.4, 3.86274, 1.6],
			"rotation": {"angle": 0, "axis": "y", "origin": [-20.4, -0.13726, 0]},
			"faces": {
				"north": {"uv": [0.5, 7.125, 0.6875, 7.3125], "texture": "#3"},
				"east": {"uv": [7.125, 1.5, 7.3125, 1.6875], "texture": "#3"},
				"south": {"uv": [7.125, 4, 7.3125, 4.1875], "texture": "#3"},
				"west": {"uv": [7.125, 4.25, 7.3125, 4.4375], "texture": "#3"},
				"up": {"uv": [7.3125, 4.6875, 7.125, 4.5], "texture": "#3"},
				"down": {"uv": [7.3125, 4.75, 7.125, 4.9375], "texture": "#3"}
			}
		},
		{
			"from": [27.08629, -10.70782, -0.05],
			"to": [28.68629, -9.10782, 1.6],
			"rotation": {"angle": 45, "axis": "z", "origin": [8.68629, -13.10782, 0]},
			"faces": {
				"north": {"uv": [7.125, 5, 7.3125, 5.1875], "texture": "#3"},
				"east": {"uv": [7.125, 5.25, 7.3125, 5.4375], "texture": "#3"},
				"south": {"uv": [7.125, 5.5, 7.3125, 5.6875], "texture": "#3"},
				"west": {"uv": [6.25, 7.125, 6.4375, 7.3125], "texture": "#3"},
				"up": {"uv": [6.6875, 7.3125, 6.5, 7.125], "texture": "#3"},
				"down": {"uv": [6.9375, 7.125, 6.75, 7.3125], "texture": "#3"}
			}
		},
		{
			"from": [18.86863, 1.13137, 0],
			"to": [20.46863, 2.73137, 1.6],
			"rotation": {"angle": 0, "axis": "y", "origin": [19.66863, 1.93137, 0.8]},
			"faces": {
				"north": {"uv": [7, 7.125, 7.1875, 7.3125], "texture": "#3"},
				"east": {"uv": [7.25, 0.5, 7.4375, 0.6875], "texture": "#3"},
				"south": {"uv": [0.75, 7.25, 0.9375, 7.4375], "texture": "#3"},
				"west": {"uv": [7.25, 0.75, 7.4375, 0.9375], "texture": "#3"},
				"up": {"uv": [1.1875, 7.4375, 1, 7.25], "texture": "#3"},
				"down": {"uv": [7.4375, 1, 7.25, 1.1875], "texture": "#3"}
			}
		},
		{
			"from": [19.2, 0.33137, -0.025],
			"to": [20.8, 1.93137, 1.6],
			"rotation": {"angle": 45, "axis": "z", "origin": [20, 1.13137, 0.8]},
			"faces": {
				"north": {"uv": [1.25, 7.25, 1.4375, 7.4375], "texture": "#3"},
				"east": {"uv": [7.25, 1.25, 7.4375, 1.4375], "texture": "#3"},
				"south": {"uv": [1.5, 7.25, 1.6875, 7.4375], "texture": "#3"},
				"west": {"uv": [1.75, 7.25, 1.9375, 7.4375], "texture": "#3"},
				"up": {"uv": [7.4375, 1.9375, 7.25, 1.75], "texture": "#3"},
				"down": {"uv": [2.1875, 7.25, 2, 7.4375], "texture": "#3"}
			}
		},
		{
			"from": [20, 0, -0.05],
			"to": [21.6, 1.6, 1.6],
			"rotation": {"angle": 0, "axis": "y", "origin": [20.8, 0.8, 0.8]},
			"faces": {
				"north": {"uv": [7.25, 2, 7.4375, 2.1875], "texture": "#3"},
				"east": {"uv": [7.25, 2.25, 7.4375, 2.4375], "texture": "#3"},
				"south": {"uv": [7.25, 2.5, 7.4375, 2.6875], "texture": "#3"},
				"west": {"uv": [7.25, 2.75, 7.4375, 2.9375], "texture": "#3"},
				"up": {"uv": [3.0625, 7.4375, 2.875, 7.25], "texture": "#3"},
				"down": {"uv": [7.4375, 3, 7.25, 3.1875], "texture": "#3"}
			}
		},
		{
			"from": [20.8, 0.33137, -0.025],
			"to": [22.4, 1.93137, 1.6],
			"rotation": {"angle": 45, "axis": "z", "origin": [21.6, 1.13137, 0.8]},
			"faces": {
				"north": {"uv": [7.25, 3.25, 7.4375, 3.4375], "texture": "#3"},
				"east": {"uv": [3.5, 7.25, 3.6875, 7.4375], "texture": "#3"},
				"south": {"uv": [7.25, 3.5, 7.4375, 3.6875], "texture": "#3"},
				"west": {"uv": [3.75, 7.25, 3.9375, 7.4375], "texture": "#3"},
				"up": {"uv": [7.4375, 3.9375, 7.25, 3.75], "texture": "#3"},
				"down": {"uv": [4.1875, 7.25, 4, 7.4375], "texture": "#3"}
			}
		},
		{
			"from": [21.13137, 1.13137, 0],
			"to": [22.73137, 2.73137, 1.6],
			"rotation": {"angle": 0, "axis": "y", "origin": [21.93137, 1.93137, 0.8]},
			"faces": {
				"north": {"uv": [4.25, 7.25, 4.4375, 7.4375], "texture": "#3"},
				"east": {"uv": [4.5, 7.25, 4.6875, 7.4375], "texture": "#3"},
				"south": {"uv": [4.75, 7.25, 4.9375, 7.4375], "texture": "#3"},
				"west": {"uv": [5, 7.25, 5.1875, 7.4375], "texture": "#3"},
				"up": {"uv": [5.4375, 7.4375, 5.25, 7.25], "texture": "#3"},
				"down": {"uv": [5.6875, 7.25, 5.5, 7.4375], "texture": "#3"}
			}
		},
		{
			"from": [20.8, 1.93137, -0.05],
			"to": [22.4, 3.53137, 1.6],
			"rotation": {"angle": 45, "axis": "z", "origin": [21.6, 2.73137, 0.8]},
			"faces": {
				"north": {"uv": [5.75, 7.25, 5.9375, 7.4375], "texture": "#3"},
				"east": {"uv": [6, 7.25, 6.1875, 7.4375], "texture": "#3"},
				"south": {"uv": [7.25, 6.125, 7.4375, 6.3125], "texture": "#3"},
				"west": {"uv": [7.25, 6.375, 7.4375, 6.5625], "texture": "#3"},
				"up": {"uv": [7.4375, 6.8125, 7.25, 6.625], "texture": "#3"},
				"down": {"uv": [7.4375, 6.875, 7.25, 7.0625], "texture": "#3"}
			}
		},
		{
			"from": [-2.25, 1.5, -0.25],
			"to": [-0.25, 4, 1.75],
			"rotation": {"angle": 0, "axis": "y", "origin": [-2, 2, 0]},
			"faces": {
				"north": {"uv": [4, 6.125, 4.25, 6.4375], "texture": "#3"},
				"east": {"uv": [4.25, 6.125, 4.5, 6.4375], "texture": "#3"},
				"south": {"uv": [6.125, 4.25, 6.375, 4.5625], "texture": "#3"},
				"west": {"uv": [4.5, 6.125, 4.75, 6.4375], "texture": "#3"},
				"up": {"uv": [6.5, 0.75, 6.25, 0.5], "texture": "#3"},
				"down": {"uv": [1, 6.25, 0.75, 6.5], "texture": "#3"}
			}
		},
		{
			"from": [-2.25, 1.5, 14.25],
			"to": [-0.25, 4, 16.25],
			"rotation": {"angle": 0, "axis": "y", "origin": [-2, 2, 14.5]},
			"faces": {
				"north": {"uv": [6.125, 4.625, 6.375, 4.9375], "texture": "#3"},
				"east": {"uv": [4.75, 6.125, 5, 6.4375], "texture": "#3"},
				"south": {"uv": [5, 6.125, 5.25, 6.4375], "texture": "#3"},
				"west": {"uv": [6.125, 5, 6.375, 5.3125], "texture": "#3"},
				"up": {"uv": [6.5, 1, 6.25, 0.75], "texture": "#3"},
				"down": {"uv": [1.25, 6.25, 1, 6.5], "texture": "#3"}
			}
		},
		{
			"from": [19.75, 1.5, 14.25],
			"to": [21.75, 4, 16.25],
			"rotation": {"angle": 0, "axis": "y", "origin": [20, 2, 14.5]},
			"faces": {
				"north": {"uv": [5.25, 6.125, 5.5, 6.4375], "texture": "#3"},
				"east": {"uv": [6.125, 5.375, 6.375, 5.6875], "texture": "#3"},
				"south": {"uv": [5.5, 6.125, 5.75, 6.4375], "texture": "#3"},
				"west": {"uv": [5.75, 6.125, 6, 6.4375], "texture": "#3"},
				"up": {"uv": [6.5, 1.25, 6.25, 1], "texture": "#3"},
				"down": {"uv": [1.5, 6.25, 1.25, 6.5], "texture": "#3"}
			}
		},
		{
			"from": [19.75, 1.5, -0.25],
			"to": [21.75, 4, 1.75],
			"rotation": {"angle": 0, "axis": "y", "origin": [20, 2, 0]},
			"faces": {
				"north": {"uv": [6, 6.125, 6.25, 6.4375], "texture": "#3"},
				"east": {"uv": [0, 6.25, 0.25, 6.5625], "texture": "#3"},
				"south": {"uv": [0.25, 6.25, 0.5, 6.5625], "texture": "#3"},
				"west": {"uv": [0.5, 6.25, 0.75, 6.5625], "texture": "#3"},
				"up": {"uv": [6.5, 1.5, 6.25, 1.25], "texture": "#3"},
				"down": {"uv": [1.75, 6.25, 1.5, 6.5], "texture": "#3"}
			}
		},
		{
			"from": [-4, 4.6, -1.6],
			"to": [-3.2, 14.2, -0.8],
			"rotation": {"angle": 0, "axis": "y", "origin": [1.6, -1, 1.6]},
			"faces": {
				"north": {"uv": [2.875, 6, 3, 7.1875], "texture": "#3"},
				"east": {"uv": [3, 6, 3.125, 7.1875], "texture": "#3"},
				"south": {"uv": [3.125, 6, 3.25, 7.1875], "texture": "#3"},
				"west": {"uv": [6.125, 0.5, 6.25, 1.6875], "texture": "#3"},
				"up": {"uv": [3.375, 5.75, 3.25, 5.625], "texture": "#3"},
				"down": {"uv": [3.5, 5.625, 3.375, 5.75], "texture": "#3"}
			}
		},
		{
			"from": [-5.01062, 13.68071, -1.6],
			"to": [-4.21062, 20.08071, -0.8],
			"rotation": {"angle": 22.5, "axis": "z", "origin": [-5.01062, 16.48071, -0.8]},
			"faces": {
				"north": {"uv": [3.25, 4.75, 3.375, 5.5625], "texture": "#3"},
				"east": {"uv": [3.375, 4.75, 3.5, 5.5625], "texture": "#3"},
				"south": {"uv": [3.5, 4.75, 3.625, 5.5625], "texture": "#3"},
				"west": {"uv": [3.625, 4.75, 3.75, 5.5625], "texture": "#3"},
				"up": {"uv": [3.625, 5.75, 3.5, 5.625], "texture": "#3"},
				"down": {"uv": [3.75, 5.625, 3.625, 5.75], "texture": "#3"}
			}
		},
		{
			"from": [-6.44918, 19.31283, -1.6],
			"to": [-5.64918, 20.11283, 17.6],
			"rotation": {"angle": 0, "axis": "y", "origin": [-0.04918, -0.68717, 1.6]},
			"faces": {
				"north": {"uv": [6.25, 4.125, 6.375, 4.25], "texture": "#3"},
				"east": {"uv": [0, 6, 2.375, 6.125], "texture": "#3"},
				"south": {"uv": [6.375, 1.75, 6.5, 1.875], "texture": "#3"},
				"west": {"uv": [0, 6.125, 2.375, 6.25], "texture": "#3"},
				"up": {"uv": [2.5, 8.375, 2.375, 6], "texture": "#3"},
				"down": {"uv": [2.625, 6, 2.5, 8.375], "texture": "#3"}
			}
		},
		{
			"from": [-4, 4.6, 16.8],
			"to": [-3.2, 14.2, 17.6],
			"rotation": {"angle": 0, "axis": "y", "origin": [1.6, -1, 1.6]},
			"faces": {
				"north": {"uv": [6.125, 1.75, 6.25, 2.9375], "texture": "#3"},
				"east": {"uv": [6.125, 3, 6.25, 4.1875], "texture": "#3"},
				"south": {"uv": [3.25, 6.125, 3.375, 7.3125], "texture": "#3"},
				"west": {"uv": [3.375, 6.125, 3.5, 7.3125], "texture": "#3"},
				"up": {"uv": [6.5, 5.75, 6.375, 5.625], "texture": "#3"},
				"down": {"uv": [6.625, 4, 6.5, 4.125], "texture": "#3"}
			}
		},
		{
			"from": [-5.01062, 13.68071, 16.8],
			"to": [-4.21062, 20.08071, 17.6],
			"rotation": {"angle": 22.5, "axis": "z", "origin": [-5.01062, 16.48071, -0.8]},
			"faces": {
				"north": {"uv": [3.5, 6.125, 3.625, 6.9375], "texture": "#3"},
				"east": {"uv": [3.625, 6.125, 3.75, 6.9375], "texture": "#3"},
				"south": {"uv": [3.75, 6.125, 3.875, 6.9375], "texture": "#3"},
				"west": {"uv": [3.875, 6.125, 4, 6.9375], "texture": "#3"},
				"up": {"uv": [6.625, 5.75, 6.5, 5.625], "texture": "#3"},
				"down": {"uv": [1.875, 6.625, 1.75, 6.75], "texture": "#3"}
			}
		},
		{
			"from": [-4, 11, -0.8],
			"to": [-3.2, 14.2, 16.8],
			"rotation": {"angle": 0, "axis": "y", "origin": [1.6, -1, 1.6]},
			"faces": {
				"north": {"uv": [6.25, 1.5, 6.375, 1.875], "texture": "#3"},
				"east": {"uv": [3.25, 5.75, 5.4375, 6.125], "texture": "#3"},
				"south": {"uv": [1.75, 6.25, 1.875, 6.625], "texture": "#3"},
				"west": {"uv": [5.5, 5.75, 7.6875, 6.125], "texture": "#3"},
				"up": {"uv": [2.75, 8.1875, 2.625, 6], "texture": "#3"},
				"down": {"uv": [2.875, 6, 2.75, 8.1875], "texture": "#3"}
			}
		}
	],
	"display": {
		"thirdperson_righthand": {
			"rotation": [75, 45, 0],
			"translation": [0, 2.5, 0],
			"scale": [0.375, 0.375, 0.375]
		},
		"thirdperson_lefthand": {
			"rotation": [75, 45, 0],
			"translation": [0, 2.5, 0],
			"scale": [0.375, 0.375, 0.375]
		},
		"firstperson_righthand": {
			"rotation": [0, 45, 0],
			"scale": [0.4, 0.4, 0.4]
		},
		"firstperson_lefthand": {
			"rotation": [0, -135, 0],
			"scale": [0.4, 0.4, 0.4]
		},
		"ground": {
			"translation": [0, 3, 0],
			"scale": [0.25, 0.25, 0.25]
		},
		"gui": {
			"rotation": [30, -135, 0],
			"translation": [0, -1.5, 0],
			"scale": [0.3, 0.3, 0.3]
		},
		"fixed": {
			"rotation": [-90, 0, 0],
			"translation": [0, 0, -16],
			"scale": [2, 2, 2]
		}
	},
	"groups": [
		{
			"name": "group",
			"origin": [8, 8, 8],
			"color": 0,
			"children": [
				0,
				1,
				2,
				3,
				4,
				5,
				6,
				7,
				8,
				9,
				10,
				11,
				12,
				13,
				14,
				15,
				16,
				17,
				18,
				19,
				20,
				21,
				22,
				23,
				24,
				25,
				26,
				27,
				28,
				29,
				30,
				31,
				32,
				33,
				34,
				35,
				36,
				37,
				{
					"name": "group",
					"origin": [1.6, 3.2, 1.6],
					"color": 0,
					"children": [
						38,
						39,
						40,
						41,
						42,
						43,
						{
							"name": "group",
							"origin": [1.6, 3.2, 1.6],
							"color": 0,
							"children": []
						}
					]
				}
			]
		}
	]
}