{
	"format_version": "1.21.6",
	"credit": "Made with Blockbench",
	"texture_size": [32, 32],
	"textures": {
		"0": "item/store/fire_extinguisher",
		"particle": "item/store/gray"
	},
	"elements": [
		{
			"from": [7, 11, 7],
			"to": [9, 12.5, 9],
			"rotation": {"angle": 0, "axis": "y", "origin": [7, 11, 7]},
			"faces": {
				"north": {"uv": [7, 4, 8, 4.75], "texture": "#0"},
				"east": {"uv": [4.5, 7, 5.5, 7.75], "texture": "#0"},
				"south": {"uv": [7, 5, 8, 5.75], "texture": "#0"},
				"west": {"uv": [7, 6, 8, 6.75], "texture": "#0"},
				"up": {"uv": [8, 4, 7, 3], "texture": "#0"},
				"down": {"uv": [4.5, 7, 3.5, 8], "texture": "#0"}
			}
		},
		{
			"from": [5.7, 12.4, 7.25],
			"to": [8.5, 12.85, 8.75],
			"rotation": {"angle": 0, "axis": "y", "origin": [4, 12.5, 7]},
			"faces": {
				"north": {"uv": [7, 7, 8.5, 7.25], "texture": "#0"},
				"east": {"uv": [2, 9, 2.75, 9.25], "texture": "#0"},
				"south": {"uv": [7, 7.5, 8.5, 7.75], "texture": "#0"},
				"west": {"uv": [9, 2, 9.75, 2.25], "texture": "#0"},
				"up": {"uv": [8.5, 0.75, 7, 0], "texture": "#0"},
				"down": {"uv": [8.5, 1, 7, 1.75], "texture": "#0"}
			}
		},
		{
			"from": [5.9, 14.5, 7.25],
			"to": [8.75, 14.95, 8.75],
			"rotation": {"angle": -22.5, "axis": "z", "origin": [3.25, 14.5, 7]},
			"faces": {
				"north": {"uv": [2, 8, 3.5, 8.25], "texture": "#0"},
				"east": {"uv": [9, 2.5, 9.75, 2.75], "texture": "#0"},
				"south": {"uv": [8, 3, 9.5, 3.25], "texture": "#0"},
				"west": {"uv": [3, 9, 3.75, 9.25], "texture": "#0"},
				"up": {"uv": [3.5, 7.75, 2, 7], "texture": "#0"},
				"down": {"uv": [8.5, 2, 7, 2.75], "texture": "#0"}
			}
		},
		{
			"from": [7.25, 11.25, 6.5],
			"to": [8.25, 12.25, 7.5],
			"rotation": {"angle": 0, "axis": "y", "origin": [6.25, 11.25, 6.5]},
			"faces": {
				"north": {"uv": [8.5, 0.5, 9, 1], "texture": "#0"},
				"east": {"uv": [8.5, 1, 9, 1.5], "texture": "#0"},
				"south": {"uv": [8.5, 1.5, 9, 2], "texture": "#0"},
				"west": {"uv": [2, 8.5, 2.5, 9], "texture": "#0"},
				"up": {"uv": [9, 2.5, 8.5, 2], "texture": "#0"},
				"down": {"uv": [3, 8.5, 2.5, 9], "texture": "#0"}
			}
		},
		{
			"from": [6, 0, 6],
			"to": [10, 11, 10],
			"rotation": {"angle": 0, "axis": "y", "origin": [8, 0, 6]},
			"faces": {
				"north": {"uv": [0, 0, 2, 5], "texture": "#0"},
				"east": {"uv": [2, 0, 4, 5], "texture": "#0"},
				"south": {"uv": [4, 0, 6, 5], "texture": "#0"},
				"west": {"uv": [0, 5, 2, 10], "texture": "#0"},
				"up": {"uv": [4, 7, 2, 5], "texture": "#0"},
				"down": {"uv": [6, 5, 4, 7], "texture": "#0"}
			}
		},
		{
			"from": [9, 11.25, 7.6],
			"to": [10.25, 12.05, 8.4],
			"rotation": {"angle": 0, "axis": "y", "origin": [9, 11.25, 6.5]},
			"faces": {
				"north": {"uv": [3.5, 8, 4.25, 8.5], "texture": "#0"},
				"east": {"uv": [8.5, 2.5, 9, 3], "texture": "#0"},
				"south": {"uv": [8, 3.5, 8.75, 4], "texture": "#0"},
				"west": {"uv": [3, 8.5, 3.5, 9], "texture": "#0"},
				"up": {"uv": [8.75, 4.5, 8, 4], "texture": "#0"},
				"down": {"uv": [5.25, 8, 4.5, 8.5], "texture": "#0"}
			}
		},
		{
			"from": [10.1, 3.15, 7.6],
			"to": [10.9, 11.375, 8.4],
			"rotation": {"angle": 0, "axis": "y", "origin": [10.1, 11.375, 6.5]},
			"faces": {
				"north": {"uv": [6, 0, 6.5, 4], "texture": "#0"},
				"east": {"uv": [6, 4, 6.5, 8], "texture": "#0"},
				"south": {"uv": [6.5, 0, 7, 4], "texture": "#0"},
				"west": {"uv": [6.5, 4, 7, 8], "texture": "#0"},
				"up": {"uv": [4, 9, 3.5, 8.5], "texture": "#0"},
				"down": {"uv": [4.5, 8.5, 4, 9], "texture": "#0"}
			}
		},
		{
			"from": [9.75, 11.625, 7.575],
			"to": [10.675, 12.425, 8.425],
			"rotation": {"angle": -45, "axis": "z", "origin": [9.55, 11.625, 6.5]},
			"faces": {
				"north": {"uv": [4.5, 8.5, 5, 9], "texture": "#0"},
				"east": {"uv": [8.5, 4.5, 9, 5], "texture": "#0"},
				"south": {"uv": [5, 8.5, 5.5, 9], "texture": "#0"},
				"west": {"uv": [8.5, 5, 9, 5.5], "texture": "#0"},
				"up": {"uv": [9, 6, 8.5, 5.5], "texture": "#0"},
				"down": {"uv": [6.5, 8.5, 6, 9], "texture": "#0"}
			}
		},
		{
			"from": [10, 1.65, 7.5],
			"to": [11, 3.375, 8.5],
			"rotation": {"angle": 0, "axis": "y", "origin": [10.1, 12.375, 6.5]},
			"faces": {
				"north": {"uv": [5.5, 7, 6, 7.75], "texture": "#0"},
				"east": {"uv": [8, 4.5, 8.5, 5.25], "texture": "#0"},
				"south": {"uv": [5.5, 8, 6, 8.75], "texture": "#0"},
				"west": {"uv": [8, 5.5, 8.5, 6.25], "texture": "#0"},
				"up": {"uv": [9, 6.5, 8.5, 6], "texture": "#0"},
				"down": {"uv": [7, 8.5, 6.5, 9], "texture": "#0"}
			}
		},
		{
			"from": [7, 11.15, 6.25],
			"to": [7.25, 12.35, 7],
			"rotation": {"angle": 0, "axis": "y", "origin": [5.25, 11.25, 6.5]},
			"faces": {
				"north": {"uv": [9, 6, 9.25, 6.5], "texture": "#0"},
				"east": {"uv": [8.5, 7, 9, 7.5], "texture": "#0"},
				"south": {"uv": [6.5, 9, 6.75, 9.5], "texture": "#0"},
				"west": {"uv": [8.5, 7.5, 9, 8], "texture": "#0"},
				"up": {"uv": [9.25, 7, 9, 6.5], "texture": "#0"},
				"down": {"uv": [7.25, 9, 7, 9.5], "texture": "#0"}
			}
		},
		{
			"from": [8.25, 11.15, 6.25],
			"to": [8.5, 12.35, 7.5],
			"rotation": {"angle": 0, "axis": "y", "origin": [6.5, 11.25, 6.5]},
			"faces": {
				"north": {"uv": [9, 7, 9.25, 7.5], "texture": "#0"},
				"east": {"uv": [6, 8, 6.75, 8.5], "texture": "#0"},
				"south": {"uv": [7.5, 9, 7.75, 9.5], "texture": "#0"},
				"west": {"uv": [8, 6.5, 8.75, 7], "texture": "#0"},
				"up": {"uv": [9.25, 4.25, 9, 3.5], "texture": "#0"},
				"down": {"uv": [4.25, 9, 4, 9.75], "texture": "#0"}
			}
		},
		{
			"from": [7.15, 11, 6.25],
			"to": [8.35, 11.25, 7.5],
			"rotation": {"angle": 0, "axis": "y", "origin": [7.25, 13, 6.5]},
			"faces": {
				"north": {"uv": [9, 7.5, 9.5, 7.75], "texture": "#0"},
				"east": {"uv": [4.5, 9, 5.25, 9.25], "texture": "#0"},
				"south": {"uv": [8, 9, 8.5, 9.25], "texture": "#0"},
				"west": {"uv": [9, 4.5, 9.75, 4.75], "texture": "#0"},
				"up": {"uv": [7.5, 8.75, 7, 8], "texture": "#0"},
				"down": {"uv": [8, 8, 7.5, 8.75], "texture": "#0"}
			}
		},
		{
			"from": [7.15, 12.25, 6.25],
			"to": [8.35, 12.5, 7],
			"rotation": {"angle": 0, "axis": "y", "origin": [7.25, 14.25, 6.5]},
			"faces": {
				"north": {"uv": [9, 5, 9.5, 5.25], "texture": "#0"},
				"east": {"uv": [5.5, 9, 6, 9.25], "texture": "#0"},
				"south": {"uv": [9, 5.5, 9.5, 5.75], "texture": "#0"},
				"west": {"uv": [6, 9, 6.5, 9.25], "texture": "#0"},
				"up": {"uv": [8.5, 8.5, 8, 8], "texture": "#0"},
				"down": {"uv": [9, 0, 8.5, 0.5], "texture": "#0"}
			}
		},
		{
			"from": [6.75, 12.75, 6.85],
			"to": [7, 13.25, 8.85],
			"rotation": {"angle": -45, "axis": "z", "origin": [6.75, 12.75, 6.85]},
			"faces": {
				"north": {"uv": [8.5, 9, 8.75, 9.25], "texture": "#0"},
				"east": {"uv": [8, 8.5, 9, 8.75], "texture": "#0"},
				"south": {"uv": [9, 8.5, 9.25, 8.75], "texture": "#0"},
				"west": {"uv": [8.5, 8, 9.5, 8.25], "texture": "#0"},
				"up": {"uv": [9.25, 1, 9, 0], "texture": "#0"},
				"down": {"uv": [9.25, 1, 9, 2], "texture": "#0"}
			}
		},
		{
			"from": [7.25, 11.65, 6.4],
			"to": [7.85, 11.8, 6.45],
			"rotation": {"angle": -45, "axis": "z", "origin": [7.75, 11.75, 6.2]},
			"faces": {
				"north": {"uv": [8.5, 8, 9.5, 8.25], "texture": "#0"},
				"east": {"uv": [8.5, 9, 8.75, 9.25], "texture": "#0"},
				"south": {"uv": [8, 8.5, 9, 8.75], "texture": "#0"},
				"west": {"uv": [9, 8.5, 9.25, 8.75], "texture": "#0"},
				"up": {"uv": [9.25, 1, 9, 0], "rotation": 90, "texture": "#0"},
				"down": {"uv": [9.25, 1, 9, 2], "rotation": 270, "texture": "#0"}
			}
		}
	],
	"display": {
		"thirdperson_righthand": {
			"rotation": [75, 45, 0],
			"translation": [0, 2.5, 0],
			"scale": [0.375, 0.375, 0.375]
		},
		"thirdperson_lefthand": {
			"rotation": [75, 45, 0],
			"translation": [0, 2.5, 0],
			"scale": [0.375, 0.375, 0.375]
		},
		"firstperson_righthand": {
			"rotation": [0, 45, 0],
			"scale": [0.4, 0.4, 0.4]
		},
		"firstperson_lefthand": {
			"rotation": [0, -135, 0],
			"scale": [0.4, 0.4, 0.4]
		},
		"ground": {
			"translation": [0, 3, 0],
			"scale": [0.25, 0.25, 0.25]
		},
		"gui": {
			"rotation": [30, -135, 0],
			"scale": [0.625, 0.625, 0.625]
		},
		"fixed": {
			"rotation": [-90, 0, 0],
			"translation": [0, 0, -16],
			"scale": [2, 2, 2]
		}
	},
	"groups": [
		{
			"name": "group",
			"origin": [7, 11, 7],
			"color": 0,
			"children": [
				0,
				1,
				2,
				3,
				4,
				{
					"name": "group",
					"origin": [9, 11, 6.5],
					"color": 0,
					"children": [5, 6, 7, 8]
				},
				9,
				10,
				11,
				12,
				13,
				14
			]
		}
	]
}