{
	"format_version": "1.21.6",
	"credit": "Made with Blockbench",
	"textures": {
		"1": "item/store/pendant_light",
		"particle": "item/store/white"
	},
	"elements": [
		{
			"from": [2.7, 3, 2.7],
			"to": [13.3, 4, 13.3],
			"faces": {
				"north": {"uv": [12, 1, 14.5, 2], "texture": "#1"},
				"east": {"uv": [12, 2, 14.5, 3], "texture": "#1"},
				"south": {"uv": [3, 12, 5.5, 13], "texture": "#1"},
				"west": {"uv": [12, 3, 14.5, 4], "texture": "#1"},
				"up": {"uv": [2.5, 12.5, 0, 10], "texture": "#1"},
				"down": {"uv": [13.5, 6, 11, 8.5], "texture": "#1"}
			}
		},
		{
			"from": [1, 1, 1],
			"to": [15, 3, 15],
			"faces": {
				"north": {"uv": [0, 8, 4, 10], "texture": "#1"},
				"east": {"uv": [8, 0, 12, 2], "texture": "#1"},
				"south": {"uv": [8, 2, 12, 4], "texture": "#1"},
				"west": {"uv": [8, 4, 12, 6], "texture": "#1"},
				"up": {"uv": [4, 4, 0, 0], "texture": "#1"},
				"down": {"uv": [4, 4, 0, 8], "texture": "#1"}
			}
		},
		{
			"from": [3.7, 0, 3.7],
			"to": [12.3, 1, 12.3],
			"faces": {
				"north": {"uv": [11, 9, 13.5, 10], "texture": "#1"},
				"east": {"uv": [11, 10, 13.5, 11], "texture": "#1"},
				"south": {"uv": [11, 11, 13.5, 12], "texture": "#1"},
				"west": {"uv": [12, 0, 14.5, 1], "texture": "#1"},
				"up": {"uv": [10.5, 8.5, 8, 6], "texture": "#1"},
				"down": {"uv": [10.5, 9, 8, 11.5], "texture": "#1"}
			}
		}
	],
	"display": {
		"thirdperson_righthand": {
			"rotation": [75, 45, 0],
			"translation": [0, 2.5, 0],
			"scale": [0.375, 0.375, 0.375]
		},
		"thirdperson_lefthand": {
			"rotation": [75, 45, 0],
			"translation": [0, 2.5, 0],
			"scale": [0.375, 0.375, 0.375]
		},
		"firstperson_righthand": {
			"rotation": [0, 45, 0],
			"scale": [0.4, 0.4, 0.4]
		},
		"firstperson_lefthand": {
			"rotation": [0, -135, 0],
			"scale": [0.4, 0.4, 0.4]
		},
		"ground": {
			"translation": [0, 3, 0],
			"scale": [0.25, 0.25, 0.25]
		},
		"gui": {
			"rotation": [30, -135, 0],
			"scale": [0.625, 0.625, 0.625]
		},
		"fixed": {
			"rotation": [90, 0, 0],
			"translation": [0, 0, 8.25],
			"scale": [2, 2, 2]
		}
	},
	"groups": [
		{
			"name": "group",
			"origin": [8, 8, 8],
			"color": 0,
			"children": [0, 1, 2]
		}
	]
}