{
	"format_version": "1.21.6",
	"credit": "Made with Blockbench",
	"texture_size": [350, 525],
	"textures": {
		"1": "item/store/macarons",
		"particle": "item/store/prices"
	},
	"elements": [
		{
			"from": [-1, 0, 2],
			"to": [17, 24, 2],
			"faces": {
				"north": {"uv": [0, 0, 16, 16], "texture": "#1"},
				"east": {"uv": [0, 0, 16, 16], "texture": "#1"},
				"south": {"uv": [0, 0, 16, 16], "texture": "#1"},
				"west": {"uv": [0, 0, 16, 16], "texture": "#1"},
				"up": {"uv": [0, 0, 16, 16], "texture": "#1"},
				"down": {"uv": [0, 0, 16, 16], "texture": "#1"}
			}
		}
	],
	"display": {
		"fixed": {
			"translation": [-12, -0.5, 11.75],
			"scale": [2, 2, 2]
		}
	}
}