{
	"format_version": "1.21.6",
	"credit": "Made with Blockbench",
	"texture_size": [350, 525],
	"textures": {
		"0": "item/store/prices",
		"particle": "item/store/prices"
	},
	"elements": [
		{
			"from": [-1, 0, 2],
			"to": [17, 24, 2],
			"faces": {
				"north": {"uv": [0, 0, 16, 16], "texture": "#0"},
				"east": {"uv": [0, 0, 16, 16], "texture": "#0"},
				"south": {"uv": [0, 0, 16, 16], "texture": "#0"},
				"west": {"uv": [0, 0, 16, 16], "texture": "#0"},
				"up": {"uv": [0, 0, 16, 16], "texture": "#0"},
				"down": {"uv": [0, 0, 16, 16], "texture": "#0"}
			}
		}
	],
	"display": {
		"fixed": {
			"translation": [0, -0.5, 17.75],
			"scale": [3, 3, 3]
		}
	}
}