{
	"format_version": "1.21.6",
	"credit": "Made with Blockbench",
	"texture_size": [60, 8],
	"textures": {
		"0": "item/store/ceiling_row_light",
		"2": "item/store/light_e",
		"particle": "item/store/white"
	},
	"elements": [
		{
			"from": [15, 14.25, 14.375],
			"to": [15.75, 15.85, 15.75],
			"rotation": {"angle": 0, "axis": "y", "origin": [14.75, 14.85, 13.75]},
			"faces": {
				"north": {"uv": [4, 8, 4.5, 8.75], "texture": "#0"},
				"east": {"uv": [0, 8, 0.75, 8.75], "texture": "#0"},
				"south": {"uv": [4.5, 8, 5, 8.75], "texture": "#0"},
				"west": {"uv": [1, 8, 1.75, 8.75], "texture": "#0"},
				"up": {"uv": [5.5, 8.75, 5, 8], "texture": "#0"},
				"down": {"uv": [6, 8, 5.5, 8.75], "texture": "#0"}
			}
		},
		{
			"from": [-15.75, 15.8, 14.4],
			"to": [15.75, 16, 15.75],
			"rotation": {"angle": 0, "axis": "y", "origin": [0, 15.75, 6.75]},
			"faces": {
				"north": {"uv": [0, 7, 15.75, 7.25], "texture": "#0"},
				"east": {"uv": [0, 9, 0.77143, 9.25], "texture": "#0"},
				"south": {"uv": [0, 7.5, 15.75, 7.75], "texture": "#0"},
				"west": {"uv": [1.22857, 9, 2, 9.25], "texture": "#0"},
				"up": {"uv": [15.75, 2.77143, 0, 2], "texture": "#0"},
				"down": {"uv": [15.75, 3, 0, 3.77143], "texture": "#0"}
			}
		},
		{
			"from": [-15, 14.45, 14.55],
			"to": [15, 15.5, 15.55],
			"rotation": {"angle": 0, "axis": "y", "origin": [0, 13.5, 13.55]},
			"faces": {
				"north": {"uv": [0, 8, 16, 14.5], "texture": "#2"},
				"east": {"uv": [0, 0, 16, 6.5], "texture": "#2"},
				"south": {"uv": [0, 4, 16, 10.5], "texture": "#2"},
				"west": {"uv": [0, 0, 16, 6.5], "texture": "#2"},
				"up": {"uv": [0, 0, 16, 6.5], "texture": "#2"},
				"down": {"uv": [0, 6, 16, 12.5], "texture": "#2"}
			}
		},
		{
			"from": [-15.75, 14.25, 14.375],
			"to": [-15, 15.85, 15.75],
			"rotation": {"angle": 0, "axis": "y", "origin": [-16, 14.85, 13.75]},
			"faces": {
				"north": {"uv": [6, 8, 6.5, 8.75], "texture": "#0"},
				"east": {"uv": [2, 8, 2.75, 8.75], "texture": "#0"},
				"south": {"uv": [6.5, 8, 7, 8.75], "texture": "#0"},
				"west": {"uv": [3, 8, 3.75, 8.75], "texture": "#0"},
				"up": {"uv": [7.5, 8.75, 7, 8], "texture": "#0"},
				"down": {"uv": [8, 8, 7.5, 8.75], "texture": "#0"}
			}
		}
	],
	"display": {
		"thirdperson_righthand": {
			"rotation": [75, 45, 0],
			"translation": [0, 2.5, 0],
			"scale": [0.375, 0.375, 0.375]
		},
		"thirdperson_lefthand": {
			"rotation": [75, 45, 0],
			"translation": [0, 2.5, 0],
			"scale": [0.375, 0.375, 0.375]
		},
		"firstperson_righthand": {
			"rotation": [0, 45, 0],
			"scale": [0.4, 0.4, 0.4]
		},
		"firstperson_lefthand": {
			"rotation": [0, -135, 0],
			"scale": [0.4, 0.4, 0.4]
		},
		"ground": {
			"translation": [0, 3, 0],
			"scale": [0.25, 0.25, 0.25]
		},
		"gui": {
			"rotation": [30, -135, 0],
			"translation": [0, -1.5, 0],
			"scale": [0.3, 0.3, 0.3]
		},
		"fixed": {
			"rotation": [90, 0, 0],
			"translation": [-15, 29.25, -32],
			"scale": [4, 4, 4]
		}
	},
	"groups": [
		{
			"name": "group",
			"origin": [8, 8, 8],
			"color": 0,
			"children": [0, 1, 2, 3]
		}
	]
}