{
	"format_version": "1.21.6",
	"credit": "Made with Blockbench",
	"texture_size": [128, 128],
	"textures": {
		"2": "item/store/large_shelf1",
		"particle": "item/store/gray"
	},
	"elements": [
		{
			"from": [-15, 2, -3],
			"to": [31, 4, 19],
			"faces": {
				"north": {"uv": [6, 6, 11.75, 6.25], "texture": "#2"},
				"east": {"uv": [6, 6.5, 8.75, 6.75], "texture": "#2"},
				"south": {"uv": [6, 6.25, 11.75, 6.5], "texture": "#2"},
				"west": {"uv": [6, 6.75, 8.75, 7], "texture": "#2"},
				"up": {"uv": [5.75, 2.75, 0, 0], "texture": "#2"},
				"down": {"uv": [5.75, 2.75, 0, 5.5], "texture": "#2"}
			}
		},
		{
			"from": [-16, 0, -4],
			"to": [-14, 16, -2],
			"faces": {
				"north": {"uv": [6, 7, 6.25, 9], "texture": "#2"},
				"east": {"uv": [6.25, 7, 6.5, 9], "texture": "#2"},
				"south": {"uv": [6.5, 7, 6.75, 9], "texture": "#2"},
				"west": {"uv": [6.75, 7, 7, 9], "texture": "#2"},
				"up": {"uv": [6, 4.75, 5.75, 4.5], "texture": "#2"},
				"down": {"uv": [6, 4.75, 5.75, 5], "texture": "#2"}
			}
		},
		{
			"from": [-16, 0, 18],
			"to": [-14, 16, 20],
			"faces": {
				"north": {"uv": [7, 7, 7.25, 9], "texture": "#2"},
				"east": {"uv": [7.25, 7, 7.5, 9], "texture": "#2"},
				"south": {"uv": [0, 7.5, 0.25, 9.5], "texture": "#2"},
				"west": {"uv": [0.25, 7.5, 0.5, 9.5], "texture": "#2"},
				"up": {"uv": [6, 5.25, 5.75, 5], "texture": "#2"},
				"down": {"uv": [6, 5.25, 5.75, 5.5], "texture": "#2"}
			}
		},
		{
			"from": [30, 0, -4],
			"to": [32, 16, -2],
			"faces": {
				"north": {"uv": [0.5, 7.5, 0.75, 9.5], "texture": "#2"},
				"east": {"uv": [0.75, 7.5, 1, 9.5], "texture": "#2"},
				"south": {"uv": [1, 7.5, 1.25, 9.5], "texture": "#2"},
				"west": {"uv": [1.25, 7.5, 1.5, 9.5], "texture": "#2"},
				"up": {"uv": [2.75, 7.75, 2.5, 7.5], "texture": "#2"},
				"down": {"uv": [3, 7.5, 2.75, 7.75], "texture": "#2"}
			}
		},
		{
			"from": [30, 0, 18],
			"to": [32, 16, 20],
			"faces": {
				"north": {"uv": [1.5, 7.5, 1.75, 9.5], "texture": "#2"},
				"east": {"uv": [1.75, 7.5, 2, 9.5], "texture": "#2"},
				"south": {"uv": [2, 7.5, 2.25, 9.5], "texture": "#2"},
				"west": {"uv": [2.25, 7.5, 2.5, 9.5], "texture": "#2"},
				"up": {"uv": [3.25, 7.75, 3, 7.5], "texture": "#2"},
				"down": {"uv": [3.5, 7.5, 3.25, 7.75], "texture": "#2"}
			}
		},
		{
			"from": [4, 4, 0],
			"to": [28, 16, 16],
			"faces": {
				"north": {"uv": [5.75, 0, 8.75, 1.5], "texture": "#2"},
				"east": {"uv": [5.75, 3, 7.75, 4.5], "texture": "#2"},
				"south": {"uv": [5.75, 1.5, 8.75, 3], "texture": "#2"},
				"west": {"uv": [6, 4.5, 8, 6], "texture": "#2"},
				"up": {"uv": [3, 7.5, 0, 5.5], "texture": "#2"},
				"down": {"uv": [6, 5.5, 3, 7.5], "texture": "#2"}
			}
		}
	],
	"display": {
		"thirdperson_righthand": {
			"rotation": [75, 45, 0],
			"translation": [0, 2.5, 0],
			"scale": [0.375, 0.375, 0.375]
		},
		"thirdperson_lefthand": {
			"rotation": [75, 45, 0],
			"translation": [0, 2.5, 0],
			"scale": [0.375, 0.375, 0.375]
		},
		"firstperson_righthand": {
			"rotation": [0, 45, 0],
			"scale": [0.4, 0.4, 0.4]
		},
		"firstperson_lefthand": {
			"rotation": [0, -135, 0],
			"scale": [0.4, 0.4, 0.4]
		},
		"ground": {
			"translation": [0, 3, 0],
			"scale": [0.25, 0.25, 0.25]
		},
		"gui": {
			"rotation": [30, -135, 0],
			"scale": [0.3, 0.3, 0.3]
		},
		"fixed": {
			"rotation": [-90, 0, 0],
			"translation": [0, 0, -16],
			"scale": [2, 2, 2]
		}
	},
	"groups": [
		{
			"name": "group",
			"origin": [8, 8, 8],
			"color": 0,
			"children": [0, 1, 2, 3, 4, 5]
		}
	]
}