{
	"format_version": "1.21.6",
	"credit": "Made with Blockbench",
	"ambientocclusion": false,
	"texture_size": [128, 128],
	"textures": {
		"3": "item/store/carton_stool",
		"particle": "item/store/yellow"
	},
	"elements": [
		{
			"from": [-4, 2.4, 19],
			"to": [20, 14.4, 20],
			"rotation": {"angle": 0, "axis": "y", "origin": [8, 8.4, 19.5]},
			"faces": {
				"north": {"uv": [2.75, 0, 5.75, 1.5], "texture": "#3"},
				"east": {"uv": [5.75, 4.625, 5.875, 6.125], "texture": "#3"},
				"south": {"uv": [2.75, 1.5, 5.75, 3], "texture": "#3"},
				"west": {"uv": [5.875, 4.625, 6, 6.125], "texture": "#3"},
				"up": {"uv": [8.75, 4.25, 5.75, 4.125], "texture": "#3"},
				"down": {"uv": [8.75, 4.25, 5.75, 4.375], "texture": "#3"}
			}
		},
		{
			"from": [-4, 2.4, -4],
			"to": [20, 14.4, -3],
			"rotation": {"angle": 0, "axis": "y", "origin": [0, -0.6, -4]},
			"faces": {
				"north": {"uv": [2.75, 3, 5.75, 4.5], "texture": "#3"},
				"east": {"uv": [2.75, 6, 2.875, 7.5], "texture": "#3"},
				"south": {"uv": [2.75, 4.5, 5.75, 6], "texture": "#3"},
				"west": {"uv": [2.875, 6, 3, 7.5], "texture": "#3"},
				"up": {"uv": [8.75, 4.5, 5.75, 4.375], "texture": "#3"},
				"down": {"uv": [8.75, 4.5, 5.75, 4.625], "texture": "#3"}
			}
		},
		{
			"from": [-3, 0, -3],
			"to": [-1, 3, -1],
			"rotation": {"angle": 0, "axis": "y", "origin": [0, 0, -4]},
			"faces": {
				"north": {"uv": [3, 6, 3.25, 6.375], "texture": "#3"},
				"east": {"uv": [3.25, 6, 3.5, 6.375], "texture": "#3"},
				"south": {"uv": [3.5, 6, 3.75, 6.375], "texture": "#3"},
				"west": {"uv": [3.75, 6, 4, 6.375], "texture": "#3"},
				"up": {"uv": [6.25, 6.375, 6, 6.125], "texture": "#3"},
				"down": {"uv": [6.5, 4.625, 6.25, 4.875], "texture": "#3"}
			}
		},
		{
			"from": [-3, 0, 17],
			"to": [-1, 3, 19],
			"rotation": {"angle": 0, "axis": "y", "origin": [0, 0, 4]},
			"faces": {
				"north": {"uv": [4, 6, 4.25, 6.375], "texture": "#3"},
				"east": {"uv": [4.25, 6, 4.5, 6.375], "texture": "#3"},
				"south": {"uv": [4.5, 6, 4.75, 6.375], "texture": "#3"},
				"west": {"uv": [6, 4.625, 6.25, 5], "texture": "#3"},
				"up": {"uv": [6.5, 5.125, 6.25, 4.875], "texture": "#3"},
				"down": {"uv": [6.5, 5.125, 6.25, 5.375], "texture": "#3"}
			}
		},
		{
			"from": [17, 0, -3],
			"to": [19, 3, -1],
			"rotation": {"angle": 0, "axis": "y", "origin": [0, 0, -4]},
			"faces": {
				"north": {"uv": [4.75, 6, 5, 6.375], "texture": "#3"},
				"east": {"uv": [5, 6, 5.25, 6.375], "texture": "#3"},
				"south": {"uv": [6, 5, 6.25, 5.375], "texture": "#3"},
				"west": {"uv": [5.25, 6, 5.5, 6.375], "texture": "#3"},
				"up": {"uv": [6.5, 5.625, 6.25, 5.375], "texture": "#3"},
				"down": {"uv": [6.5, 5.625, 6.25, 5.875], "texture": "#3"}
			}
		},
		{
			"from": [17, 0, 17],
			"to": [19, 3, 19],
			"rotation": {"angle": 0, "axis": "y", "origin": [0, 0, 4]},
			"faces": {
				"north": {"uv": [6, 5.375, 6.25, 5.75], "texture": "#3"},
				"east": {"uv": [5.5, 6, 5.75, 6.375], "texture": "#3"},
				"south": {"uv": [6, 5.75, 6.25, 6.125], "texture": "#3"},
				"west": {"uv": [5.75, 6.125, 6, 6.5], "texture": "#3"},
				"up": {"uv": [6.5, 6.125, 6.25, 5.875], "texture": "#3"},
				"down": {"uv": [6.5, 6.125, 6.25, 6.375], "texture": "#3"}
			}
		},
		{
			"from": [-3, 3, -3],
			"to": [19, 14, 19],
			"rotation": {"angle": 0, "axis": "y", "origin": [0, 0, -4]},
			"faces": {
				"north": {"uv": [0, 5.5, 2.75, 6.875], "texture": "#3"},
				"east": {"uv": [5.75, 0, 8.5, 1.375], "texture": "#3"},
				"south": {"uv": [5.75, 1.375, 8.5, 2.75], "texture": "#3"},
				"west": {"uv": [5.75, 2.75, 8.5, 4.125], "texture": "#3"},
				"up": {"uv": [2.75, 2.75, 0, 0], "texture": "#3"},
				"down": {"uv": [2.75, 2.75, 0, 5.5], "texture": "#3"}
			}
		}
	],
	"display": {
		"thirdperson_righthand": {
			"rotation": [75, 45, 0],
			"translation": [0, 2.5, 0],
			"scale": [0.375, 0.375, 0.375]
		},
		"thirdperson_lefthand": {
			"rotation": [75, 45, 0],
			"translation": [0, 2.5, 0],
			"scale": [0.375, 0.375, 0.375]
		},
		"firstperson_righthand": {
			"rotation": [0, 45, 0],
			"scale": [0.4, 0.4, 0.4]
		},
		"firstperson_lefthand": {
			"rotation": [0, -135, 0],
			"scale": [0.4, 0.4, 0.4]
		},
		"ground": {
			"translation": [0, 3, 0],
			"scale": [0.25, 0.25, 0.25]
		},
		"gui": {
			"rotation": [30, -135, 0],
			"scale": [0.3, 0.3, 0.3]
		},
		"fixed": {
			"rotation": [-90, 0, 0],
			"translation": [0, 0, -16],
			"scale": [2, 2, 2]
		}
	},
	"groups": [
		{
			"name": "group",
			"origin": [8, 8, 8],
			"color": 0,
			"children": [0, 1, 2, 3, 4, 5, 6]
		}
	]
}