{
	"textures": {
		"1": "animated_java:blueprint/potato/potato",
		"particle": "minecraft:item/pufferfish"
	},
	"display": {
		"head": {
			"rotation": [0, 180, 0]
		}
	},
	"elements": [
		{
			"from": [0.98337, 8, 2.11105],
			"to": [15.01663, 10.20522, 9.00238],
			"rotation": {
				"angle": 0,
				"axis": "y",
				"origin": [8, 8, 8]
			},
			"faces": {
				"north": {
					"uv": [0, 9.125, 14, 16],
					"texture": "#1"
				},
				"east": {
					"uv": [0, 9.125, 14, 16],
					"texture": "#1"
				},
				"south": {
					"uv": [0, 9.125, 14, 16],
					"texture": "#1"
				},
				"west": {
					"uv": [0, 9.125, 14, 16],
					"texture": "#1"
				},
				"up": {
					"uv": [0, 9.125, 14, 16],
					"texture": "#1"
				},
				"down": {
					"uv": [0, 9.125, 14, 16],
					"texture": "#1"
				}
			}
		},
		{
			"from": [0.98337, 6.77209, -5.17121],
			"to": [15.01663, 8.77684, 2.98813],
			"rotation": {
				"angle": -22.5,
				"axis": "x",
				"origin": [8, 7.77447, -1.02137]
			},
			"faces": {
				"north": {
					"uv": [0, 8, 14, 16],
					"texture": "#1"
				},
				"east": {
					"uv": [0, 8, 14, 16],
					"texture": "#1"
				},
				"south": {
					"uv": [0, 8, 14, 16],
					"texture": "#1"
				},
				"west": {
					"uv": [0, 8, 14, 16],
					"texture": "#1"
				},
				"up": {
					"uv": [0, 8, 14, 16],
					"texture": "#1"
				},
				"down": {
					"uv": [0, 8, 14, 16],
					"texture": "#1"
				}
			}
		}
	]
}