{
	"textures": {
		"0": "animated_java:blueprint/swing/swingset",
		"particle": "minecraft:item/pufferfish"
	},
	"display": {
		"head": {
			"rotation": [0, 180, 0]
		}
	},
	"elements": [
		{
			"from": [7.68209, 7.03563, -3.94781],
			"to": [8.44507, 8.1801, 20.05219],
			"rotation": {
				"angle": 0,
				"axis": "y",
				"origin": [8.06358, 7.60786, 5.59566]
			},
			"faces": {
				"north": {
					"uv": [4, 8, 3, 8.5],
					"rotation": 180,
					"texture": "#0"
				},
				"east": {
					"uv": [2, 0, 3, 8],
					"rotation": 270,
					"texture": "#0"
				},
				"south": {
					"uv": [3, 8.5, 2, 8],
					"texture": "#0"
				},
				"west": {
					"uv": [4, 0, 5, 8],
					"rotation": 90,
					"texture": "#0"
				},
				"up": {
					"uv": [3, 0, 4, 8],
					"rotation": 180,
					"texture": "#0"
				},
				"down": {
					"uv": [5, 0, 6, 8],
					"texture": "#0"
				}
			}
		},
		{
			"from": [6.53763, -13.38022, 3.4575],
			"to": [9.58953, -12.80799, 12.61319],
			"rotation": {
				"angle": 0,
				"axis": "y",
				"origin": [8.06358, -16.81361, 8.03534]
			},
			"faces": {
				"north": {
					"uv": [8, 4, 12, 4.25],
					"texture": "#0"
				},
				"east": {
					"uv": [8, 4, 16, 4.25],
					"texture": "#0"
				},
				"south": {
					"uv": [8, 4, 12, 4.25],
					"texture": "#0"
				},
				"west": {
					"uv": [8, 4, 16, 4.25],
					"texture": "#0"
				},
				"up": {
					"uv": [12, 4, 8, 0],
					"texture": "#0"
				},
				"down": {
					"uv": [16, 0, 12, 4],
					"texture": "#0"
				}
			}
		},
		{
			"from": [7.96821, -12.80799, 3.54333],
			"to": [7.96821, -2.50784, 4.40168],
			"rotation": {
				"angle": 0,
				"axis": "y",
				"origin": [8.06358, -16.81361, 7.89228]
			},
			"faces": {
				"north": {
					"uv": [2, 9.5, 2, 12.5],
					"texture": "#0"
				},
				"east": {
					"uv": [2.75, 11.5, 3.5, 8.5],
					"texture": "#0"
				},
				"south": {
					"uv": [2, 9.5, 2, 12.5],
					"texture": "#0"
				},
				"west": {
					"uv": [2.75, 11.5, 2, 8.5],
					"texture": "#0"
				},
				"up": {
					"uv": [2, 8.5, 2, 8.875],
					"texture": "#0"
				},
				"down": {
					"uv": [2, 8.875, 2, 8.5],
					"texture": "#0"
				}
			}
		},
		{
			"from": [7.96821, -12.80799, 11.55456],
			"to": [7.96821, -2.50784, 12.41291],
			"rotation": {
				"angle": 0,
				"axis": "y",
				"origin": [8.06358, -16.81361, 15.90351]
			},
			"faces": {
				"north": {
					"uv": [2, 9.5, 2, 12.5],
					"texture": "#0"
				},
				"east": {
					"uv": [2.75, 11.5, 3.5, 8.5],
					"texture": "#0"
				},
				"south": {
					"uv": [2, 9.5, 2, 12.5],
					"texture": "#0"
				},
				"west": {
					"uv": [2.75, 11.5, 2, 8.5],
					"texture": "#0"
				},
				"up": {
					"uv": [2, 8.5, 2, 8.875],
					"texture": "#0"
				},
				"down": {
					"uv": [2, 8.875, 2, 8.5],
					"texture": "#0"
				}
			}
		},
		{
			"from": [7.96821, -2.50784, 3.54333],
			"to": [7.96821, 7.22008, 4.40168],
			"rotation": {
				"angle": 0,
				"axis": "y",
				"origin": [8.06358, -6.51346, 7.89228]
			},
			"faces": {
				"north": {
					"uv": [2, 9.66667, 2, 12.5],
					"texture": "#0"
				},
				"east": {
					"uv": [2.75, 11.33333, 3.5, 8.5],
					"texture": "#0"
				},
				"south": {
					"uv": [2, 9.66667, 2, 12.5],
					"texture": "#0"
				},
				"west": {
					"uv": [2.75, 11.33333, 2, 8.5],
					"texture": "#0"
				},
				"up": {
					"uv": [2, 8.5, 2, 8.875],
					"texture": "#0"
				},
				"down": {
					"uv": [2, 8.875, 2, 8.5],
					"texture": "#0"
				}
			}
		},
		{
			"from": [7.96821, -2.50784, 11.55456],
			"to": [7.96821, 7.22008, 12.41291],
			"rotation": {
				"angle": 0,
				"axis": "y",
				"origin": [8.06358, -6.51346, 15.90351]
			},
			"faces": {
				"north": {
					"uv": [2, 9.66667, 2, 12.5],
					"texture": "#0"
				},
				"east": {
					"uv": [2.75, 11.33333, 3.5, 8.5],
					"texture": "#0"
				},
				"south": {
					"uv": [2, 9.66667, 2, 12.5],
					"texture": "#0"
				},
				"west": {
					"uv": [2.75, 11.33333, 2, 8.5],
					"texture": "#0"
				},
				"up": {
					"uv": [2, 8.5, 2, 8.875],
					"texture": "#0"
				},
				"down": {
					"uv": [2, 8.875, 2, 8.5],
					"texture": "#0"
				}
			}
		}
	]
}