{
	"textures": {
		"0": "animated_java:blueprint/swing/swingset",
		"particle": "minecraft:item/pufferfish"
	},
	"display": {
		"head": {
			"rotation": [0, 180, 0]
		}
	},
	"elements": [
		{
			"from": [-0.973, 8, 9.23529],
			"to": [-0.31941, 32, 10.64706],
			"rotation": {
				"angle": -22.5,
				"axis": "z",
				"origin": [-0.64621, 9.6777, 19.11765]
			},
			"faces": {
				"north": {
					"uv": [0, 0.5, 1, 12.5],
					"texture": "#0"
				},
				"east": {
					"uv": [1, 0.5, 0, 12.5],
					"texture": "#0"
				},
				"south": {
					"uv": [1, 0.5, 2, 12.5],
					"texture": "#0"
				},
				"west": {
					"uv": [1, 0.5, 2, 12.5],
					"texture": "#0"
				},
				"up": {
					"uv": [1, 0.5, 0, 0],
					"texture": "#0"
				},
				"down": {
					"uv": [2, 0, 1, 0.5],
					"texture": "#0"
				}
			}
		},
		{
			"from": [15.33902, 8, 9.23529],
			"to": [15.99261, 32, 10.64706],
			"rotation": {
				"angle": 22.5,
				"axis": "z",
				"origin": [15.66581, 11.79535, 19.11765]
			},
			"faces": {
				"north": {
					"uv": [0, 0.5, 1, 12.5],
					"texture": "#0"
				},
				"east": {
					"uv": [1, 0.5, 2, 12.5],
					"texture": "#0"
				},
				"south": {
					"uv": [1, 0.5, 2, 12.5],
					"texture": "#0"
				},
				"west": {
					"uv": [0, 0.5, 1, 12.5],
					"texture": "#0"
				},
				"up": {
					"uv": [0, 0.5, 1, 0],
					"texture": "#0"
				},
				"down": {
					"uv": [1, 0, 2, 0.5],
					"texture": "#0"
				}
			}
		},
		{
			"from": [7.5098, 29.88235, 9.05882],
			"to": [8.4902, 32, 10.82353],
			"rotation": {
				"angle": 0,
				"axis": "y",
				"origin": [8, 8.70588, 19.11765]
			},
			"faces": {
				"north": {
					"uv": [9.25, 4.25, 10.75, 5],
					"texture": "#0"
				},
				"east": {
					"uv": [8, 4.25, 9.25, 5],
					"texture": "#0"
				},
				"south": {
					"uv": [10.75, 4.25, 12.25, 5],
					"texture": "#0"
				},
				"west": {
					"uv": [9.25, 4.25, 10.5, 5],
					"texture": "#0"
				},
				"up": {
					"uv": [9.5, 5.625, 8, 5],
					"texture": "#0"
				},
				"down": {
					"uv": [10.75, 4.25, 9.25, 4.875],
					"texture": "#0"
				}
			}
		},
		{
			"from": [4.89542, 22.11765, 9.58824],
			"to": [11.43137, 22.82353, 10.29412],
			"rotation": {
				"angle": 0,
				"axis": "y",
				"origin": [8, 22.47059, 9.94118]
			},
			"faces": {
				"north": {
					"uv": [15, 4.25, 15.5, 7.25],
					"rotation": 90,
					"texture": "#0"
				},
				"east": {
					"uv": [15, 4.25, 15.5, 4.5],
					"rotation": 270,
					"texture": "#0"
				},
				"south": {
					"uv": [15.5, 4.25, 15, 7.25],
					"rotation": 270,
					"texture": "#0"
				},
				"west": {
					"uv": [15, 4.25, 15.5, 4.5],
					"rotation": 270,
					"texture": "#0"
				},
				"up": {
					"uv": [15.5, 4.25, 15, 7.25],
					"rotation": 270,
					"texture": "#0"
				},
				"down": {
					"uv": [15.5, 4.25, 16, 7.25],
					"rotation": 270,
					"texture": "#0"
				}
			}
		}
	]
}