{
	"textures": {
		"1": "animated_java:blueprint/corn/corn",
		"particle": "minecraft:item/pufferfish"
	},
	"display": {
		"head": {
			"rotation": [0, 180, 0]
		}
	},
	"elements": [
		{
			"from": [7, 6.5, 7],
			"to": [9, 13.5, 9],
			"rotation": {
				"angle": 0,
				"axis": "y",
				"origin": [8, 6.5, 8]
			},
			"faces": {
				"north": {
					"uv": [0, 0, 2, 7],
					"texture": "#1"
				},
				"east": {
					"uv": [2, 0, 4, 7],
					"texture": "#1"
				},
				"south": {
					"uv": [4, 0, 6, 7],
					"texture": "#1"
				},
				"west": {
					"uv": [6, 0, 8, 7],
					"texture": "#1"
				},
				"up": {
					"uv": [2, 9, 0, 7],
					"texture": "#1"
				},
				"down": {
					"uv": [4, 7, 2, 9],
					"texture": "#1"
				}
			}
		},
		{
			"from": [7.5, 5.5, 7.5],
			"to": [8.5, 6.5, 8.5],
			"rotation": {
				"angle": 0,
				"axis": "y",
				"origin": [8, 0.5, 8]
			},
			"faces": {
				"north": {
					"uv": [4, 7, 5, 8],
					"texture": "#1"
				},
				"east": {
					"uv": [5, 7, 6, 8],
					"texture": "#1"
				},
				"south": {
					"uv": [6, 7, 7, 8],
					"texture": "#1"
				},
				"west": {
					"uv": [7, 7, 8, 8],
					"texture": "#1"
				},
				"up": {
					"uv": [9, 1, 8, 0],
					"texture": "#1"
				},
				"down": {
					"uv": [9, 1, 8, 2],
					"texture": "#1"
				}
			}
		}
	]
}